id,fixture,kind,x_m,y_m,z_m,col,row
P1.1:01,ACME Pixel Line IP,pixel,-4.5414,3.6138,7.5946,6,28
P1.1:02,ACME Pixel Line IP,pixel,-4.5163,3.6138,7.5946,11,28
P1.1:03,ACME Pixel Line IP,pixel,-4.4912,3.6138,7.5946,16,28
P1.1:04,ACME Pixel Line IP,pixel,-4.4661,3.6138,7.5946,22,28
P1.1:05,ACME Pixel Line IP,pixel,-4.4409,3.6138,7.5946,27,28
P1.1:06,ACME Pixel Line IP,pixel,-4.4158,3.6138,7.5946,32,28
P1.1:07,ACME Pixel Line IP,pixel,-4.3907,3.6138,7.5946,38,28
P1.1:08,ACME Pixel Line IP,pixel,-4.3655,3.6138,7.5946,43,28
P1.1:09,ACME Pixel Line IP,pixel,-4.3404,3.6138,7.5946,48,28
P1.1:10,ACME Pixel Line IP,pixel,-4.3153,3.6138,7.5946,53,28
P1.1:11,ACME Pixel Line IP,pixel,-4.2902,3.6138,7.5946,59,28
P1.1:12,ACME Pixel Line IP,pixel,-4.2650,3.6138,7.5946,64,28
P1.1:13,ACME Pixel Line IP,pixel,-4.2399,3.6138,7.5946,69,28
P1.1:14,ACME Pixel Line IP,pixel,-4.2148,3.6138,7.5946,75,28
P1.1:15,ACME Pixel Line IP,pixel,-4.1896,3.6138,7.5946,80,28
P1.1:16,ACME Pixel Line IP,pixel,-4.1645,3.6138,7.5946,85,28
P1.1:17,ACME Pixel Line IP,pixel,-4.1394,3.6138,7.5946,90,28
P1.1:18,ACME Pixel Line IP,pixel,-4.1143,3.6138,7.5946,96,28
P1.1:19,ACME Pixel Line IP,pixel,-4.0891,3.6138,7.5946,101,28
P1.1:20,ACME Pixel Line IP,pixel,-4.0640,3.6138,7.5946,106,28
P1.1:21,ACME Pixel Line IP,pixel,-4.0389,3.6138,7.5946,111,28
P1.1:22,ACME Pixel Line IP,pixel,-4.0137,3.6138,7.5946,117,28
P1.1:23,ACME Pixel Line IP,pixel,-3.9886,3.6138,7.5946,122,28
P1.1:24,ACME Pixel Line IP,pixel,-3.9635,3.6138,7.5946,127,28
P1.1:25,ACME Pixel Line IP,pixel,-3.9384,3.6138,7.5946,133,28
P1.1:26,ACME Pixel Line IP,pixel,-3.9132,3.6138,7.5946,138,28
P1.1:27,ACME Pixel Line IP,pixel,-3.8881,3.6138,7.5946,143,28
P1.1:28,ACME Pixel Line IP,pixel,-3.8630,3.6138,7.5946,148,28
P1.1:29,ACME Pixel Line IP,pixel,-3.8378,3.6138,7.5946,154,28
P1.1:30,ACME Pixel Line IP,pixel,-3.8127,3.6138,7.5946,159,28
P1.1:31,ACME Pixel Line IP,pixel,-3.7876,3.6138,7.5946,164,28
P1.1:32,ACME Pixel Line IP,pixel,-3.7625,3.6138,7.5946,169,28
P1.1:33,ACME Pixel Line IP,pixel,-3.7373,3.6138,7.5946,175,28
P1.1:34,ACME Pixel Line IP,pixel,-3.7122,3.6138,7.5946,180,28
P1.1:35,ACME Pixel Line IP,pixel,-3.6871,3.6138,7.5946,185,28
P1.1:36,ACME Pixel Line IP,pixel,-3.6619,3.6138,7.5946,191,28
P1.1:37,ACME Pixel Line IP,pixel,-3.6368,3.6138,7.5946,196,28
P1.1:38,ACME Pixel Line IP,pixel,-3.6117,3.6138,7.5946,201,28
P1.1:39,ACME Pixel Line IP,pixel,-3.5866,3.6138,7.5946,206,28
P1.2:01,ACME Pixel Line IP,pixel,-3.5254,3.6138,7.5946,219,28
P1.2:02,ACME Pixel Line IP,pixel,-3.5003,3.6138,7.5946,225,28
P1.2:03,ACME Pixel Line IP,pixel,-3.4752,3.6138,7.5946,230,28
P1.2:04,ACME Pixel Line IP,pixel,-3.4501,3.6138,7.5946,235,28
P1.2:05,ACME Pixel Line IP,pixel,-3.4249,3.6138,7.5946,240,28
P1.2:06,ACME Pixel Line IP,pixel,-3.3998,3.6138,7.5946,246,28
P1.2:07,ACME Pixel Line IP,pixel,-3.3747,3.6138,7.5946,251,28
P1.2:08,ACME Pixel Line IP,pixel,-3.3495,3.6138,7.5946,256,28
P1.2:09,ACME Pixel Line IP,pixel,-3.3244,3.6138,7.5946,261,28
P1.2:10,ACME Pixel Line IP,pixel,-3.2993,3.6138,7.5946,267,28
P1.2:11,ACME Pixel Line IP,pixel,-3.2742,3.6138,7.5946,272,28
P1.2:12,ACME Pixel Line IP,pixel,-3.2490,3.6138,7.5946,277,28
P1.2:13,ACME Pixel Line IP,pixel,-3.2239,3.6138,7.5946,283,28
P1.2:14,ACME Pixel Line IP,pixel,-3.1988,3.6138,7.5946,288,28
P1.2:15,ACME Pixel Line IP,pixel,-3.1736,3.6138,7.5946,293,28
P1.2:16,ACME Pixel Line IP,pixel,-3.1485,3.6138,7.5946,298,28
P1.2:17,ACME Pixel Line IP,pixel,-3.1234,3.6138,7.5946,304,28
P1.2:18,ACME Pixel Line IP,pixel,-3.0983,3.6138,7.5946,309,28
P1.2:19,ACME Pixel Line IP,pixel,-3.0731,3.6138,7.5946,314,28
P1.2:20,ACME Pixel Line IP,pixel,-3.0480,3.6138,7.5946,320,28
P1.2:21,ACME Pixel Line IP,pixel,-3.0229,3.6138,7.5946,325,28
P1.2:22,ACME Pixel Line IP,pixel,-2.9977,3.6138,7.5946,330,28
P1.2:23,ACME Pixel Line IP,pixel,-2.9726,3.6138,7.5946,335,28
P1.2:24,ACME Pixel Line IP,pixel,-2.9475,3.6138,7.5946,341,28
P1.2:25,ACME Pixel Line IP,pixel,-2.9224,3.6138,7.5946,346,28
P1.2:26,ACME Pixel Line IP,pixel,-2.8972,3.6138,7.5946,351,28
P1.2:27,ACME Pixel Line IP,pixel,-2.8721,3.6138,7.5946,356,28
P1.2:28,ACME Pixel Line IP,pixel,-2.8470,3.6138,7.5946,362,28
P1.2:29,ACME Pixel Line IP,pixel,-2.8218,3.6138,7.5946,367,28
P1.2:30,ACME Pixel Line IP,pixel,-2.7967,3.6138,7.5946,372,28
P1.2:31,ACME Pixel Line IP,pixel,-2.7716,3.6138,7.5946,378,28
P1.2:32,ACME Pixel Line IP,pixel,-2.7465,3.6138,7.5946,383,28
P1.2:33,ACME Pixel Line IP,pixel,-2.7213,3.6138,7.5946,388,28
P1.2:34,ACME Pixel Line IP,pixel,-2.6962,3.6138,7.5946,393,28
P1.2:35,ACME Pixel Line IP,pixel,-2.6711,3.6138,7.5946,399,28
P1.2:36,ACME Pixel Line IP,pixel,-2.6459,3.6138,7.5946,404,28
P1.2:37,ACME Pixel Line IP,pixel,-2.6208,3.6138,7.5946,409,28
P1.2:38,ACME Pixel Line IP,pixel,-2.5957,3.6138,7.5946,414,28
P1.2:39,ACME Pixel Line IP,pixel,-2.5706,3.6138,7.5946,420,28
P1.3:01,ACME Pixel Line IP,pixel,-2.5094,3.6138,7.5946,433,28
P1.3:02,ACME Pixel Line IP,pixel,-2.4843,3.6138,7.5946,438,28
P1.3:03,ACME Pixel Line IP,pixel,-2.4592,3.6138,7.5946,443,28
P1.3:04,ACME Pixel Line IP,pixel,-2.4341,3.6138,7.5946,448,28
P1.3:05,ACME Pixel Line IP,pixel,-2.4089,3.6138,7.5946,454,28
P1.3:06,ACME Pixel Line IP,pixel,-2.3838,3.6138,7.5946,459,28
P1.3:07,ACME Pixel Line IP,pixel,-2.3587,3.6138,7.5946,464,28
P1.3:08,ACME Pixel Line IP,pixel,-2.3335,3.6138,7.5946,470,28
P1.3:09,ACME Pixel Line IP,pixel,-2.3084,3.6138,7.5946,475,28
P1.3:10,ACME Pixel Line IP,pixel,-2.2833,3.6138,7.5946,480,28
P1.3:11,ACME Pixel Line IP,pixel,-2.2582,3.6138,7.5946,485,28
P1.3:12,ACME Pixel Line IP,pixel,-2.2330,3.6138,7.5946,491,28
P1.3:13,ACME Pixel Line IP,pixel,-2.2079,3.6138,7.5946,496,28
P1.3:14,ACME Pixel Line IP,pixel,-2.1828,3.6138,7.5946,501,28
P1.3:15,ACME Pixel Line IP,pixel,-2.1576,3.6138,7.5946,506,28
P1.3:16,ACME Pixel Line IP,pixel,-2.1325,3.6138,7.5946,512,28
P1.3:17,ACME Pixel Line IP,pixel,-2.1074,3.6138,7.5946,517,28
P1.3:18,ACME Pixel Line IP,pixel,-2.0823,3.6138,7.5946,522,28
P1.3:19,ACME Pixel Line IP,pixel,-2.0571,3.6138,7.5946,528,28
P1.3:20,ACME Pixel Line IP,pixel,-2.0320,3.6138,7.5946,533,28
P1.3:21,ACME Pixel Line IP,pixel,-2.0069,3.6138,7.5946,538,28
P1.3:22,ACME Pixel Line IP,pixel,-1.9817,3.6138,7.5946,543,28
P1.3:23,ACME Pixel Line IP,pixel,-1.9566,3.6138,7.5946,549,28
P1.3:24,ACME Pixel Line IP,pixel,-1.9315,3.6138,7.5946,554,28
P1.3:25,ACME Pixel Line IP,pixel,-1.9064,3.6138,7.5946,559,28
P1.3:26,ACME Pixel Line IP,pixel,-1.8812,3.6138,7.5946,564,28
P1.3:27,ACME Pixel Line IP,pixel,-1.8561,3.6138,7.5946,570,28
P1.3:28,ACME Pixel Line IP,pixel,-1.8310,3.6138,7.5946,575,28
P1.3:29,ACME Pixel Line IP,pixel,-1.8058,3.6138,7.5946,580,28
P1.3:30,ACME Pixel Line IP,pixel,-1.7807,3.6138,7.5946,586,28
P1.3:31,ACME Pixel Line IP,pixel,-1.7556,3.6138,7.5946,591,28
P1.3:32,ACME Pixel Line IP,pixel,-1.7305,3.6138,7.5946,596,28
P1.3:33,ACME Pixel Line IP,pixel,-1.7053,3.6138,7.5946,601,28
P1.3:34,ACME Pixel Line IP,pixel,-1.6802,3.6138,7.5946,607,28
P1.3:35,ACME Pixel Line IP,pixel,-1.6551,3.6138,7.5946,612,28
P1.3:36,ACME Pixel Line IP,pixel,-1.6299,3.6138,7.5946,617,28
P1.3:37,ACME Pixel Line IP,pixel,-1.6048,3.6138,7.5946,623,28
P1.3:38,ACME Pixel Line IP,pixel,-1.5797,3.6138,7.5946,628,28
P1.3:39,ACME Pixel Line IP,pixel,-1.5546,3.6138,7.5946,633,28
P1.4:01,ACME Pixel Line IP,pixel,-1.4934,3.6138,7.5946,646,28
P1.4:02,ACME Pixel Line IP,pixel,-1.4683,3.6138,7.5946,651,28
P1.4:03,ACME Pixel Line IP,pixel,-1.4432,3.6138,7.5946,656,28
P1.4:04,ACME Pixel Line IP,pixel,-1.4181,3.6138,7.5946,662,28
P1.4:05,ACME Pixel Line IP,pixel,-1.3929,3.6138,7.5946,667,28
P1.4:06,ACME Pixel Line IP,pixel,-1.3678,3.6138,7.5946,672,28
P1.4:07,ACME Pixel Line IP,pixel,-1.3427,3.6138,7.5946,678,28
P1.4:08,ACME Pixel Line IP,pixel,-1.3175,3.6138,7.5946,683,28
P1.4:09,ACME Pixel Line IP,pixel,-1.2924,3.6138,7.5946,688,28
P1.4:10,ACME Pixel Line IP,pixel,-1.2673,3.6138,7.5946,693,28
P1.4:11,ACME Pixel Line IP,pixel,-1.2422,3.6138,7.5946,699,28
P1.4:12,ACME Pixel Line IP,pixel,-1.2170,3.6138,7.5946,704,28
P1.4:13,ACME Pixel Line IP,pixel,-1.1919,3.6138,7.5946,709,28
P1.4:14,ACME Pixel Line IP,pixel,-1.1668,3.6138,7.5946,715,28
P1.4:15,ACME Pixel Line IP,pixel,-1.1416,3.6138,7.5946,720,28
P1.4:16,ACME Pixel Line IP,pixel,-1.1165,3.6138,7.5946,725,28
P1.4:17,ACME Pixel Line IP,pixel,-1.0914,3.6138,7.5946,730,28
P1.4:18,ACME Pixel Line IP,pixel,-1.0663,3.6138,7.5946,736,28
P1.4:19,ACME Pixel Line IP,pixel,-1.0411,3.6138,7.5946,741,28
P1.4:20,ACME Pixel Line IP,pixel,-1.0160,3.6138,7.5946,746,28
P1.4:21,ACME Pixel Line IP,pixel,-0.9909,3.6138,7.5946,751,28
P1.4:22,ACME Pixel Line IP,pixel,-0.9657,3.6138,7.5946,757,28
P1.4:23,ACME Pixel Line IP,pixel,-0.9406,3.6138,7.5946,762,28
P1.4:24,ACME Pixel Line IP,pixel,-0.9155,3.6138,7.5946,767,28
P1.4:25,ACME Pixel Line IP,pixel,-0.8904,3.6138,7.5946,773,28
P1.4:26,ACME Pixel Line IP,pixel,-0.8652,3.6138,7.5946,778,28
P1.4:27,ACME Pixel Line IP,pixel,-0.8401,3.6138,7.5946,783,28
P1.4:28,ACME Pixel Line IP,pixel,-0.8150,3.6138,7.5946,788,28
P1.4:29,ACME Pixel Line IP,pixel,-0.7898,3.6138,7.5946,794,28
P1.4:30,ACME Pixel Line IP,pixel,-0.7647,3.6138,7.5946,799,28
P1.4:31,ACME Pixel Line IP,pixel,-0.7396,3.6138,7.5946,804,28
P1.4:32,ACME Pixel Line IP,pixel,-0.7145,3.6138,7.5946,809,28
P1.4:33,ACME Pixel Line IP,pixel,-0.6893,3.6138,7.5946,815,28
P1.4:34,ACME Pixel Line IP,pixel,-0.6642,3.6138,7.5946,820,28
P1.4:35,ACME Pixel Line IP,pixel,-0.6391,3.6138,7.5946,825,28
P1.4:36,ACME Pixel Line IP,pixel,-0.6139,3.6138,7.5946,831,28
P1.4:37,ACME Pixel Line IP,pixel,-0.5888,3.6138,7.5946,836,28
P1.4:38,ACME Pixel Line IP,pixel,-0.5637,3.6138,7.5946,841,28
P1.4:39,ACME Pixel Line IP,pixel,-0.5386,3.6138,7.5946,846,28
P1.5:01,ACME Pixel Line IP,pixel,-0.4774,3.6138,7.5946,859,28
P1.5:02,ACME Pixel Line IP,pixel,-0.4523,3.6138,7.5946,865,28
P1.5:03,ACME Pixel Line IP,pixel,-0.4272,3.6138,7.5946,870,28
P1.5:04,ACME Pixel Line IP,pixel,-0.4021,3.6138,7.5946,875,28
P1.5:05,ACME Pixel Line IP,pixel,-0.3769,3.6138,7.5946,880,28
P1.5:06,ACME Pixel Line IP,pixel,-0.3518,3.6138,7.5946,886,28
P1.5:07,ACME Pixel Line IP,pixel,-0.3267,3.6138,7.5946,891,28
P1.5:08,ACME Pixel Line IP,pixel,-0.3015,3.6138,7.5946,896,28
P1.5:09,ACME Pixel Line IP,pixel,-0.2764,3.6138,7.5946,901,28
P1.5:10,ACME Pixel Line IP,pixel,-0.2513,3.6138,7.5946,907,28
P1.5:11,ACME Pixel Line IP,pixel,-0.2262,3.6138,7.5946,912,28
P1.5:12,ACME Pixel Line IP,pixel,-0.2010,3.6138,7.5946,917,28
P1.5:13,ACME Pixel Line IP,pixel,-0.1759,3.6138,7.5946,923,28
P1.5:14,ACME Pixel Line IP,pixel,-0.1508,3.6138,7.5946,928,28
P1.5:15,ACME Pixel Line IP,pixel,-0.1256,3.6138,7.5946,933,28
P1.5:16,ACME Pixel Line IP,pixel,-0.1005,3.6138,7.5946,938,28
P1.5:17,ACME Pixel Line IP,pixel,-0.0754,3.6138,7.5946,944,28
P1.5:18,ACME Pixel Line IP,pixel,-0.0503,3.6138,7.5946,949,28
P1.5:19,ACME Pixel Line IP,pixel,-0.0251,3.6138,7.5946,954,28
P1.5:20,ACME Pixel Line IP,pixel,0.0000,3.6138,7.5946,960,28
P1.5:21,ACME Pixel Line IP,pixel,0.0251,3.6138,7.5946,965,28
P1.5:22,ACME Pixel Line IP,pixel,0.0503,3.6138,7.5946,970,28
P1.5:23,ACME Pixel Line IP,pixel,0.0754,3.6138,7.5946,975,28
P1.5:24,ACME Pixel Line IP,pixel,0.1005,3.6138,7.5946,981,28
P1.5:25,ACME Pixel Line IP,pixel,0.1256,3.6138,7.5946,986,28
P1.5:26,ACME Pixel Line IP,pixel,0.1508,3.6138,7.5946,991,28
P1.5:27,ACME Pixel Line IP,pixel,0.1759,3.6138,7.5946,996,28
P1.5:28,ACME Pixel Line IP,pixel,0.2010,3.6138,7.5946,1002,28
P1.5:29,ACME Pixel Line IP,pixel,0.2262,3.6138,7.5946,1007,28
P1.5:30,ACME Pixel Line IP,pixel,0.2513,3.6138,7.5946,1012,28
P1.5:31,ACME Pixel Line IP,pixel,0.2764,3.6138,7.5946,1018,28
P1.5:32,ACME Pixel Line IP,pixel,0.3015,3.6138,7.5946,1023,28
P1.5:33,ACME Pixel Line IP,pixel,0.3267,3.6138,7.5946,1028,28
P1.5:34,ACME Pixel Line IP,pixel,0.3518,3.6138,7.5946,1033,28
P1.5:35,ACME Pixel Line IP,pixel,0.3769,3.6138,7.5946,1039,28
P1.5:36,ACME Pixel Line IP,pixel,0.4021,3.6138,7.5946,1044,28
P1.5:37,ACME Pixel Line IP,pixel,0.4272,3.6138,7.5946,1049,28
P1.5:38,ACME Pixel Line IP,pixel,0.4523,3.6138,7.5946,1054,28
P1.5:39,ACME Pixel Line IP,pixel,0.4774,3.6138,7.5946,1060,28
P1.6:01,ACME Pixel Line IP,pixel,0.5386,3.6138,7.5946,1073,28
P1.6:02,ACME Pixel Line IP,pixel,0.5637,3.6138,7.5946,1078,28
P1.6:03,ACME Pixel Line IP,pixel,0.5888,3.6138,7.5946,1083,28
P1.6:04,ACME Pixel Line IP,pixel,0.6139,3.6138,7.5946,1088,28
P1.6:05,ACME Pixel Line IP,pixel,0.6391,3.6138,7.5946,1094,28
P1.6:06,ACME Pixel Line IP,pixel,0.6642,3.6138,7.5946,1099,28
P1.6:07,ACME Pixel Line IP,pixel,0.6893,3.6138,7.5946,1104,28
P1.6:08,ACME Pixel Line IP,pixel,0.7145,3.6138,7.5946,1110,28
P1.6:09,ACME Pixel Line IP,pixel,0.7396,3.6138,7.5946,1115,28
P1.6:10,ACME Pixel Line IP,pixel,0.7647,3.6138,7.5946,1120,28
P1.6:11,ACME Pixel Line IP,pixel,0.7898,3.6138,7.5946,1125,28
P1.6:12,ACME Pixel Line IP,pixel,0.8150,3.6138,7.5946,1131,28
P1.6:13,ACME Pixel Line IP,pixel,0.8401,3.6138,7.5946,1136,28
P1.6:14,ACME Pixel Line IP,pixel,0.8652,3.6138,7.5946,1141,28
P1.6:15,ACME Pixel Line IP,pixel,0.8904,3.6138,7.5946,1146,28
P1.6:16,ACME Pixel Line IP,pixel,0.9155,3.6138,7.5946,1152,28
P1.6:17,ACME Pixel Line IP,pixel,0.9406,3.6138,7.5946,1157,28
P1.6:18,ACME Pixel Line IP,pixel,0.9657,3.6138,7.5946,1162,28
P1.6:19,ACME Pixel Line IP,pixel,0.9909,3.6138,7.5946,1168,28
P1.6:20,ACME Pixel Line IP,pixel,1.0160,3.6138,7.5946,1173,28
P1.6:21,ACME Pixel Line IP,pixel,1.0411,3.6138,7.5946,1178,28
P1.6:22,ACME Pixel Line IP,pixel,1.0663,3.6138,7.5946,1183,28
P1.6:23,ACME Pixel Line IP,pixel,1.0914,3.6138,7.5946,1189,28
P1.6:24,ACME Pixel Line IP,pixel,1.1165,3.6138,7.5946,1194,28
P1.6:25,ACME Pixel Line IP,pixel,1.1416,3.6138,7.5946,1199,28
P1.6:26,ACME Pixel Line IP,pixel,1.1668,3.6138,7.5946,1204,28
P1.6:27,ACME Pixel Line IP,pixel,1.1919,3.6138,7.5946,1210,28
P1.6:28,ACME Pixel Line IP,pixel,1.2170,3.6138,7.5946,1215,28
P1.6:29,ACME Pixel Line IP,pixel,1.2422,3.6138,7.5946,1220,28
P1.6:30,ACME Pixel Line IP,pixel,1.2673,3.6138,7.5946,1226,28
P1.6:31,ACME Pixel Line IP,pixel,1.2924,3.6138,7.5946,1231,28
P1.6:32,ACME Pixel Line IP,pixel,1.3175,3.6138,7.5946,1236,28
P1.6:33,ACME Pixel Line IP,pixel,1.3427,3.6138,7.5946,1241,28
P1.6:34,ACME Pixel Line IP,pixel,1.3678,3.6138,7.5946,1247,28
P1.6:35,ACME Pixel Line IP,pixel,1.3929,3.6138,7.5946,1252,28
P1.6:36,ACME Pixel Line IP,pixel,1.4181,3.6138,7.5946,1257,28
P1.6:37,ACME Pixel Line IP,pixel,1.4432,3.6138,7.5946,1263,28
P1.6:38,ACME Pixel Line IP,pixel,1.4683,3.6138,7.5946,1268,28
P1.6:39,ACME Pixel Line IP,pixel,1.4934,3.6138,7.5946,1273,28
P1.7:01,ACME Pixel Line IP,pixel,1.5546,3.6138,7.5946,1286,28
P1.7:02,ACME Pixel Line IP,pixel,1.5797,3.6138,7.5946,1291,28
P1.7:03,ACME Pixel Line IP,pixel,1.6048,3.6138,7.5946,1296,28
P1.7:04,ACME Pixel Line IP,pixel,1.6299,3.6138,7.5946,1302,28
P1.7:05,ACME Pixel Line IP,pixel,1.6551,3.6138,7.5946,1307,28
P1.7:06,ACME Pixel Line IP,pixel,1.6802,3.6138,7.5946,1312,28
P1.7:07,ACME Pixel Line IP,pixel,1.7053,3.6138,7.5946,1318,28
P1.7:08,ACME Pixel Line IP,pixel,1.7305,3.6138,7.5946,1323,28
P1.7:09,ACME Pixel Line IP,pixel,1.7556,3.6138,7.5946,1328,28
P1.7:10,ACME Pixel Line IP,pixel,1.7807,3.6138,7.5946,1333,28
P1.7:11,ACME Pixel Line IP,pixel,1.8058,3.6138,7.5946,1339,28
P1.7:12,ACME Pixel Line IP,pixel,1.8310,3.6138,7.5946,1344,28
P1.7:13,ACME Pixel Line IP,pixel,1.8561,3.6138,7.5946,1349,28
P1.7:14,ACME Pixel Line IP,pixel,1.8812,3.6138,7.5946,1355,28
P1.7:15,ACME Pixel Line IP,pixel,1.9064,3.6138,7.5946,1360,28
P1.7:16,ACME Pixel Line IP,pixel,1.9315,3.6138,7.5946,1365,28
P1.7:17,ACME Pixel Line IP,pixel,1.9566,3.6138,7.5946,1370,28
P1.7:18,ACME Pixel Line IP,pixel,1.9817,3.6138,7.5946,1376,28
P1.7:19,ACME Pixel Line IP,pixel,2.0069,3.6138,7.5946,1381,28
P1.7:20,ACME Pixel Line IP,pixel,2.0320,3.6138,7.5946,1386,28
P1.7:21,ACME Pixel Line IP,pixel,2.0571,3.6138,7.5946,1391,28
P1.7:22,ACME Pixel Line IP,pixel,2.0823,3.6138,7.5946,1397,28
P1.7:23,ACME Pixel Line IP,pixel,2.1074,3.6138,7.5946,1402,28
P1.7:24,ACME Pixel Line IP,pixel,2.1325,3.6138,7.5946,1407,28
P1.7:25,ACME Pixel Line IP,pixel,2.1576,3.6138,7.5946,1413,28
P1.7:26,ACME Pixel Line IP,pixel,2.1828,3.6138,7.5946,1418,28
P1.7:27,ACME Pixel Line IP,pixel,2.2079,3.6138,7.5946,1423,28
P1.7:28,ACME Pixel Line IP,pixel,2.2330,3.6138,7.5946,1428,28
P1.7:29,ACME Pixel Line IP,pixel,2.2582,3.6138,7.5946,1434,28
P1.7:30,ACME Pixel Line IP,pixel,2.2833,3.6138,7.5946,1439,28
P1.7:31,ACME Pixel Line IP,pixel,2.3084,3.6138,7.5946,1444,28
P1.7:32,ACME Pixel Line IP,pixel,2.3335,3.6138,7.5946,1449,28
P1.7:33,ACME Pixel Line IP,pixel,2.3587,3.6138,7.5946,1455,28
P1.7:34,ACME Pixel Line IP,pixel,2.3838,3.6138,7.5946,1460,28
P1.7:35,ACME Pixel Line IP,pixel,2.4089,3.6138,7.5946,1465,28
P1.7:36,ACME Pixel Line IP,pixel,2.4341,3.6138,7.5946,1471,28
P1.7:37,ACME Pixel Line IP,pixel,2.4592,3.6138,7.5946,1476,28
P1.7:38,ACME Pixel Line IP,pixel,2.4843,3.6138,7.5946,1481,28
P1.7:39,ACME Pixel Line IP,pixel,2.5094,3.6138,7.5946,1486,28
P1.8:01,ACME Pixel Line IP,pixel,2.5706,3.6138,7.5946,1499,28
P1.8:02,ACME Pixel Line IP,pixel,2.5957,3.6138,7.5946,1505,28
P1.8:03,ACME Pixel Line IP,pixel,2.6208,3.6138,7.5946,1510,28
P1.8:04,ACME Pixel Line IP,pixel,2.6459,3.6138,7.5946,1515,28
P1.8:05,ACME Pixel Line IP,pixel,2.6711,3.6138,7.5946,1520,28
P1.8:06,ACME Pixel Line IP,pixel,2.6962,3.6138,7.5946,1526,28
P1.8:07,ACME Pixel Line IP,pixel,2.7213,3.6138,7.5946,1531,28
P1.8:08,ACME Pixel Line IP,pixel,2.7465,3.6138,7.5946,1536,28
P1.8:09,ACME Pixel Line IP,pixel,2.7716,3.6138,7.5946,1541,28
P1.8:10,ACME Pixel Line IP,pixel,2.7967,3.6138,7.5946,1547,28
P1.8:11,ACME Pixel Line IP,pixel,2.8218,3.6138,7.5946,1552,28
P1.8:12,ACME Pixel Line IP,pixel,2.8470,3.6138,7.5946,1557,28
P1.8:13,ACME Pixel Line IP,pixel,2.8721,3.6138,7.5946,1563,28
P1.8:14,ACME Pixel Line IP,pixel,2.8972,3.6138,7.5946,1568,28
P1.8:15,ACME Pixel Line IP,pixel,2.9224,3.6138,7.5946,1573,28
P1.8:16,ACME Pixel Line IP,pixel,2.9475,3.6138,7.5946,1578,28
P1.8:17,ACME Pixel Line IP,pixel,2.9726,3.6138,7.5946,1584,28
P1.8:18,ACME Pixel Line IP,pixel,2.9977,3.6138,7.5946,1589,28
P1.8:19,ACME Pixel Line IP,pixel,3.0229,3.6138,7.5946,1594,28
P1.8:20,ACME Pixel Line IP,pixel,3.0480,3.6138,7.5946,1600,28
P1.8:21,ACME Pixel Line IP,pixel,3.0731,3.6138,7.5946,1605,28
P1.8:22,ACME Pixel Line IP,pixel,3.0983,3.6138,7.5946,1610,28
P1.8:23,ACME Pixel Line IP,pixel,3.1234,3.6138,7.5946,1615,28
P1.8:24,ACME Pixel Line IP,pixel,3.1485,3.6138,7.5946,1621,28
P1.8:25,ACME Pixel Line IP,pixel,3.1736,3.6138,7.5946,1626,28
P1.8:26,ACME Pixel Line IP,pixel,3.1988,3.6138,7.5946,1631,28
P1.8:27,ACME Pixel Line IP,pixel,3.2239,3.6138,7.5946,1636,28
P1.8:28,ACME Pixel Line IP,pixel,3.2490,3.6138,7.5946,1642,28
P1.8:29,ACME Pixel Line IP,pixel,3.2742,3.6138,7.5946,1647,28
P1.8:30,ACME Pixel Line IP,pixel,3.2993,3.6138,7.5946,1652,28
P1.8:31,ACME Pixel Line IP,pixel,3.3244,3.6138,7.5946,1658,28
P1.8:32,ACME Pixel Line IP,pixel,3.3495,3.6138,7.5946,1663,28
P1.8:33,ACME Pixel Line IP,pixel,3.3747,3.6138,7.5946,1668,28
P1.8:34,ACME Pixel Line IP,pixel,3.3998,3.6138,7.5946,1673,28
P1.8:35,ACME Pixel Line IP,pixel,3.4249,3.6138,7.5946,1679,28
P1.8:36,ACME Pixel Line IP,pixel,3.4501,3.6138,7.5946,1684,28
P1.8:37,ACME Pixel Line IP,pixel,3.4752,3.6138,7.5946,1689,28
P1.8:38,ACME Pixel Line IP,pixel,3.5003,3.6138,7.5946,1694,28
P1.8:39,ACME Pixel Line IP,pixel,3.5254,3.6138,7.5946,1700,28
P1.9:01,ACME Pixel Line IP,pixel,3.5866,3.6138,7.5946,1713,28
P1.9:02,ACME Pixel Line IP,pixel,3.6117,3.6138,7.5946,1718,28
P1.9:03,ACME Pixel Line IP,pixel,3.6368,3.6138,7.5946,1723,28
P1.9:04,ACME Pixel Line IP,pixel,3.6619,3.6138,7.5946,1728,28
P1.9:05,ACME Pixel Line IP,pixel,3.6871,3.6138,7.5946,1734,28
P1.9:06,ACME Pixel Line IP,pixel,3.7122,3.6138,7.5946,1739,28
P1.9:07,ACME Pixel Line IP,pixel,3.7373,3.6138,7.5946,1744,28
P1.9:08,ACME Pixel Line IP,pixel,3.7625,3.6138,7.5946,1750,28
P1.9:09,ACME Pixel Line IP,pixel,3.7876,3.6138,7.5946,1755,28
P1.9:10,ACME Pixel Line IP,pixel,3.8127,3.6138,7.5946,1760,28
P1.9:11,ACME Pixel Line IP,pixel,3.8378,3.6138,7.5946,1765,28
P1.9:12,ACME Pixel Line IP,pixel,3.8630,3.6138,7.5946,1771,28
P1.9:13,ACME Pixel Line IP,pixel,3.8881,3.6138,7.5946,1776,28
P1.9:14,ACME Pixel Line IP,pixel,3.9132,3.6138,7.5946,1781,28
P1.9:15,ACME Pixel Line IP,pixel,3.9384,3.6138,7.5946,1786,28
P1.9:16,ACME Pixel Line IP,pixel,3.9635,3.6138,7.5946,1792,28
P1.9:17,ACME Pixel Line IP,pixel,3.9886,3.6138,7.5946,1797,28
P1.9:18,ACME Pixel Line IP,pixel,4.0137,3.6138,7.5946,1802,28
P1.9:19,ACME Pixel Line IP,pixel,4.0389,3.6138,7.5946,1808,28
P1.9:20,ACME Pixel Line IP,pixel,4.0640,3.6138,7.5946,1813,28
P1.9:21,ACME Pixel Line IP,pixel,4.0891,3.6138,7.5946,1818,28
P1.9:22,ACME Pixel Line IP,pixel,4.1143,3.6138,7.5946,1823,28
P1.9:23,ACME Pixel Line IP,pixel,4.1394,3.6138,7.5946,1829,28
P1.9:24,ACME Pixel Line IP,pixel,4.1645,3.6138,7.5946,1834,28
P1.9:25,ACME Pixel Line IP,pixel,4.1896,3.6138,7.5946,1839,28
P1.9:26,ACME Pixel Line IP,pixel,4.2148,3.6138,7.5946,1844,28
P1.9:27,ACME Pixel Line IP,pixel,4.2399,3.6138,7.5946,1850,28
P1.9:28,ACME Pixel Line IP,pixel,4.2650,3.6138,7.5946,1855,28
P1.9:29,ACME Pixel Line IP,pixel,4.2902,3.6138,7.5946,1860,28
P1.9:30,ACME Pixel Line IP,pixel,4.3153,3.6138,7.5946,1866,28
P1.9:31,ACME Pixel Line IP,pixel,4.3404,3.6138,7.5946,1871,28
P1.9:32,ACME Pixel Line IP,pixel,4.3655,3.6138,7.5946,1876,28
P1.9:33,ACME Pixel Line IP,pixel,4.3907,3.6138,7.5946,1881,28
P1.9:34,ACME Pixel Line IP,pixel,4.4158,3.6138,7.5946,1887,28
P1.9:35,ACME Pixel Line IP,pixel,4.4409,3.6138,7.5946,1892,28
P1.9:36,ACME Pixel Line IP,pixel,4.4661,3.6138,7.5946,1897,28
P1.9:37,ACME Pixel Line IP,pixel,4.4912,3.6138,7.5946,1903,28
P1.9:38,ACME Pixel Line IP,pixel,4.5163,3.6138,7.5946,1908,28
P1.9:39,ACME Pixel Line IP,pixel,4.5414,3.6138,7.5946,1913,28
P2.1:01,ACME Pixel Line IP,pixel,-4.5414,3.6138,6.6802,6,113
P2.1:02,ACME Pixel Line IP,pixel,-4.5163,3.6138,6.6802,11,113
P2.1:03,ACME Pixel Line IP,pixel,-4.4912,3.6138,6.6802,16,113
P2.1:04,ACME Pixel Line IP,pixel,-4.4661,3.6138,6.6802,22,113
P2.1:05,ACME Pixel Line IP,pixel,-4.4409,3.6138,6.6802,27,113
P2.1:06,ACME Pixel Line IP,pixel,-4.4158,3.6138,6.6802,32,113
P2.1:07,ACME Pixel Line IP,pixel,-4.3907,3.6138,6.6802,38,113
P2.1:08,ACME Pixel Line IP,pixel,-4.3655,3.6138,6.6802,43,113
P2.1:09,ACME Pixel Line IP,pixel,-4.3404,3.6138,6.6802,48,113
P2.1:10,ACME Pixel Line IP,pixel,-4.3153,3.6138,6.6802,53,113
P2.1:11,ACME Pixel Line IP,pixel,-4.2902,3.6138,6.6802,59,113
P2.1:12,ACME Pixel Line IP,pixel,-4.2650,3.6138,6.6802,64,113
P2.1:13,ACME Pixel Line IP,pixel,-4.2399,3.6138,6.6802,69,113
P2.1:14,ACME Pixel Line IP,pixel,-4.2148,3.6138,6.6802,75,113
P2.1:15,ACME Pixel Line IP,pixel,-4.1896,3.6138,6.6802,80,113
P2.1:16,ACME Pixel Line IP,pixel,-4.1645,3.6138,6.6802,85,113
P2.1:17,ACME Pixel Line IP,pixel,-4.1394,3.6138,6.6802,90,113
P2.1:18,ACME Pixel Line IP,pixel,-4.1143,3.6138,6.6802,96,113
P2.1:19,ACME Pixel Line IP,pixel,-4.0891,3.6138,6.6802,101,113
P2.1:20,ACME Pixel Line IP,pixel,-4.0640,3.6138,6.6802,106,113
P2.1:21,ACME Pixel Line IP,pixel,-4.0389,3.6138,6.6802,111,113
P2.1:22,ACME Pixel Line IP,pixel,-4.0137,3.6138,6.6802,117,113
P2.1:23,ACME Pixel Line IP,pixel,-3.9886,3.6138,6.6802,122,113
P2.1:24,ACME Pixel Line IP,pixel,-3.9635,3.6138,6.6802,127,113
P2.1:25,ACME Pixel Line IP,pixel,-3.9384,3.6138,6.6802,133,113
P2.1:26,ACME Pixel Line IP,pixel,-3.9132,3.6138,6.6802,138,113
P2.1:27,ACME Pixel Line IP,pixel,-3.8881,3.6138,6.6802,143,113
P2.1:28,ACME Pixel Line IP,pixel,-3.8630,3.6138,6.6802,148,113
P2.1:29,ACME Pixel Line IP,pixel,-3.8378,3.6138,6.6802,154,113
P2.1:30,ACME Pixel Line IP,pixel,-3.8127,3.6138,6.6802,159,113
P2.1:31,ACME Pixel Line IP,pixel,-3.7876,3.6138,6.6802,164,113
P2.1:32,ACME Pixel Line IP,pixel,-3.7625,3.6138,6.6802,169,113
P2.1:33,ACME Pixel Line IP,pixel,-3.7373,3.6138,6.6802,175,113
P2.1:34,ACME Pixel Line IP,pixel,-3.7122,3.6138,6.6802,180,113
P2.1:35,ACME Pixel Line IP,pixel,-3.6871,3.6138,6.6802,185,113
P2.1:36,ACME Pixel Line IP,pixel,-3.6619,3.6138,6.6802,191,113
P2.1:37,ACME Pixel Line IP,pixel,-3.6368,3.6138,6.6802,196,113
P2.1:38,ACME Pixel Line IP,pixel,-3.6117,3.6138,6.6802,201,113
P2.1:39,ACME Pixel Line IP,pixel,-3.5866,3.6138,6.6802,206,113
P2.2:01,ACME Pixel Line IP,pixel,-3.5254,3.6138,6.6802,219,113
P2.2:02,ACME Pixel Line IP,pixel,-3.5003,3.6138,6.6802,225,113
P2.2:03,ACME Pixel Line IP,pixel,-3.4752,3.6138,6.6802,230,113
P2.2:04,ACME Pixel Line IP,pixel,-3.4501,3.6138,6.6802,235,113
P2.2:05,ACME Pixel Line IP,pixel,-3.4249,3.6138,6.6802,240,113
P2.2:06,ACME Pixel Line IP,pixel,-3.3998,3.6138,6.6802,246,113
P2.2:07,ACME Pixel Line IP,pixel,-3.3747,3.6138,6.6802,251,113
P2.2:08,ACME Pixel Line IP,pixel,-3.3495,3.6138,6.6802,256,113
P2.2:09,ACME Pixel Line IP,pixel,-3.3244,3.6138,6.6802,261,113
P2.2:10,ACME Pixel Line IP,pixel,-3.2993,3.6138,6.6802,267,113
P2.2:11,ACME Pixel Line IP,pixel,-3.2742,3.6138,6.6802,272,113
P2.2:12,ACME Pixel Line IP,pixel,-3.2490,3.6138,6.6802,277,113
P2.2:13,ACME Pixel Line IP,pixel,-3.2239,3.6138,6.6802,283,113
P2.2:14,ACME Pixel Line IP,pixel,-3.1988,3.6138,6.6802,288,113
P2.2:15,ACME Pixel Line IP,pixel,-3.1736,3.6138,6.6802,293,113
P2.2:16,ACME Pixel Line IP,pixel,-3.1485,3.6138,6.6802,298,113
P2.2:17,ACME Pixel Line IP,pixel,-3.1234,3.6138,6.6802,304,113
P2.2:18,ACME Pixel Line IP,pixel,-3.0983,3.6138,6.6802,309,113
P2.2:19,ACME Pixel Line IP,pixel,-3.0731,3.6138,6.6802,314,113
P2.2:20,ACME Pixel Line IP,pixel,-3.0480,3.6138,6.6802,320,113
P2.2:21,ACME Pixel Line IP,pixel,-3.0229,3.6138,6.6802,325,113
P2.2:22,ACME Pixel Line IP,pixel,-2.9977,3.6138,6.6802,330,113
P2.2:23,ACME Pixel Line IP,pixel,-2.9726,3.6138,6.6802,335,113
P2.2:24,ACME Pixel Line IP,pixel,-2.9475,3.6138,6.6802,341,113
P2.2:25,ACME Pixel Line IP,pixel,-2.9224,3.6138,6.6802,346,113
P2.2:26,ACME Pixel Line IP,pixel,-2.8972,3.6138,6.6802,351,113
P2.2:27,ACME Pixel Line IP,pixel,-2.8721,3.6138,6.6802,356,113
P2.2:28,ACME Pixel Line IP,pixel,-2.8470,3.6138,6.6802,362,113
P2.2:29,ACME Pixel Line IP,pixel,-2.8218,3.6138,6.6802,367,113
P2.2:30,ACME Pixel Line IP,pixel,-2.7967,3.6138,6.6802,372,113
P2.2:31,ACME Pixel Line IP,pixel,-2.7716,3.6138,6.6802,378,113
P2.2:32,ACME Pixel Line IP,pixel,-2.7465,3.6138,6.6802,383,113
P2.2:33,ACME Pixel Line IP,pixel,-2.7213,3.6138,6.6802,388,113
P2.2:34,ACME Pixel Line IP,pixel,-2.6962,3.6138,6.6802,393,113
P2.2:35,ACME Pixel Line IP,pixel,-2.6711,3.6138,6.6802,399,113
P2.2:36,ACME Pixel Line IP,pixel,-2.6459,3.6138,6.6802,404,113
P2.2:37,ACME Pixel Line IP,pixel,-2.6208,3.6138,6.6802,409,113
P2.2:38,ACME Pixel Line IP,pixel,-2.5957,3.6138,6.6802,414,113
P2.2:39,ACME Pixel Line IP,pixel,-2.5706,3.6138,6.6802,420,113
P2.3:01,ACME Pixel Line IP,pixel,-2.5094,3.6138,6.6802,433,113
P2.3:02,ACME Pixel Line IP,pixel,-2.4843,3.6138,6.6802,438,113
P2.3:03,ACME Pixel Line IP,pixel,-2.4592,3.6138,6.6802,443,113
P2.3:04,ACME Pixel Line IP,pixel,-2.4341,3.6138,6.6802,448,113
P2.3:05,ACME Pixel Line IP,pixel,-2.4089,3.6138,6.6802,454,113
P2.3:06,ACME Pixel Line IP,pixel,-2.3838,3.6138,6.6802,459,113
P2.3:07,ACME Pixel Line IP,pixel,-2.3587,3.6138,6.6802,464,113
P2.3:08,ACME Pixel Line IP,pixel,-2.3335,3.6138,6.6802,470,113
P2.3:09,ACME Pixel Line IP,pixel,-2.3084,3.6138,6.6802,475,113
P2.3:10,ACME Pixel Line IP,pixel,-2.2833,3.6138,6.6802,480,113
P2.3:11,ACME Pixel Line IP,pixel,-2.2582,3.6138,6.6802,485,113
P2.3:12,ACME Pixel Line IP,pixel,-2.2330,3.6138,6.6802,491,113
P2.3:13,ACME Pixel Line IP,pixel,-2.2079,3.6138,6.6802,496,113
P2.3:14,ACME Pixel Line IP,pixel,-2.1828,3.6138,6.6802,501,113
P2.3:15,ACME Pixel Line IP,pixel,-2.1576,3.6138,6.6802,506,113
P2.3:16,ACME Pixel Line IP,pixel,-2.1325,3.6138,6.6802,512,113
P2.3:17,ACME Pixel Line IP,pixel,-2.1074,3.6138,6.6802,517,113
P2.3:18,ACME Pixel Line IP,pixel,-2.0823,3.6138,6.6802,522,113
P2.3:19,ACME Pixel Line IP,pixel,-2.0571,3.6138,6.6802,528,113
P2.3:20,ACME Pixel Line IP,pixel,-2.0320,3.6138,6.6802,533,113
P2.3:21,ACME Pixel Line IP,pixel,-2.0069,3.6138,6.6802,538,113
P2.3:22,ACME Pixel Line IP,pixel,-1.9817,3.6138,6.6802,543,113
P2.3:23,ACME Pixel Line IP,pixel,-1.9566,3.6138,6.6802,549,113
P2.3:24,ACME Pixel Line IP,pixel,-1.9315,3.6138,6.6802,554,113
P2.3:25,ACME Pixel Line IP,pixel,-1.9064,3.6138,6.6802,559,113
P2.3:26,ACME Pixel Line IP,pixel,-1.8812,3.6138,6.6802,564,113
P2.3:27,ACME Pixel Line IP,pixel,-1.8561,3.6138,6.6802,570,113
P2.3:28,ACME Pixel Line IP,pixel,-1.8310,3.6138,6.6802,575,113
P2.3:29,ACME Pixel Line IP,pixel,-1.8058,3.6138,6.6802,580,113
P2.3:30,ACME Pixel Line IP,pixel,-1.7807,3.6138,6.6802,586,113
P2.3:31,ACME Pixel Line IP,pixel,-1.7556,3.6138,6.6802,591,113
P2.3:32,ACME Pixel Line IP,pixel,-1.7305,3.6138,6.6802,596,113
P2.3:33,ACME Pixel Line IP,pixel,-1.7053,3.6138,6.6802,601,113
P2.3:34,ACME Pixel Line IP,pixel,-1.6802,3.6138,6.6802,607,113
P2.3:35,ACME Pixel Line IP,pixel,-1.6551,3.6138,6.6802,612,113
P2.3:36,ACME Pixel Line IP,pixel,-1.6299,3.6138,6.6802,617,113
P2.3:37,ACME Pixel Line IP,pixel,-1.6048,3.6138,6.6802,623,113
P2.3:38,ACME Pixel Line IP,pixel,-1.5797,3.6138,6.6802,628,113
P2.3:39,ACME Pixel Line IP,pixel,-1.5546,3.6138,6.6802,633,113
P2.4:01,ACME Pixel Line IP,pixel,-1.4934,3.6138,6.6802,646,113
P2.4:02,ACME Pixel Line IP,pixel,-1.4683,3.6138,6.6802,651,113
P2.4:03,ACME Pixel Line IP,pixel,-1.4432,3.6138,6.6802,656,113
P2.4:04,ACME Pixel Line IP,pixel,-1.4181,3.6138,6.6802,662,113
P2.4:05,ACME Pixel Line IP,pixel,-1.3929,3.6138,6.6802,667,113
P2.4:06,ACME Pixel Line IP,pixel,-1.3678,3.6138,6.6802,672,113
P2.4:07,ACME Pixel Line IP,pixel,-1.3427,3.6138,6.6802,678,113
P2.4:08,ACME Pixel Line IP,pixel,-1.3175,3.6138,6.6802,683,113
P2.4:09,ACME Pixel Line IP,pixel,-1.2924,3.6138,6.6802,688,113
P2.4:10,ACME Pixel Line IP,pixel,-1.2673,3.6138,6.6802,693,113
P2.4:11,ACME Pixel Line IP,pixel,-1.2422,3.6138,6.6802,699,113
P2.4:12,ACME Pixel Line IP,pixel,-1.2170,3.6138,6.6802,704,113
P2.4:13,ACME Pixel Line IP,pixel,-1.1919,3.6138,6.6802,709,113
P2.4:14,ACME Pixel Line IP,pixel,-1.1668,3.6138,6.6802,715,113
P2.4:15,ACME Pixel Line IP,pixel,-1.1416,3.6138,6.6802,720,113
P2.4:16,ACME Pixel Line IP,pixel,-1.1165,3.6138,6.6802,725,113
P2.4:17,ACME Pixel Line IP,pixel,-1.0914,3.6138,6.6802,730,113
P2.4:18,ACME Pixel Line IP,pixel,-1.0663,3.6138,6.6802,736,113
P2.4:19,ACME Pixel Line IP,pixel,-1.0411,3.6138,6.6802,741,113
P2.4:20,ACME Pixel Line IP,pixel,-1.0160,3.6138,6.6802,746,113
P2.4:21,ACME Pixel Line IP,pixel,-0.9909,3.6138,6.6802,751,113
P2.4:22,ACME Pixel Line IP,pixel,-0.9657,3.6138,6.6802,757,113
P2.4:23,ACME Pixel Line IP,pixel,-0.9406,3.6138,6.6802,762,113
P2.4:24,ACME Pixel Line IP,pixel,-0.9155,3.6138,6.6802,767,113
P2.4:25,ACME Pixel Line IP,pixel,-0.8904,3.6138,6.6802,773,113
P2.4:26,ACME Pixel Line IP,pixel,-0.8652,3.6138,6.6802,778,113
P2.4:27,ACME Pixel Line IP,pixel,-0.8401,3.6138,6.6802,783,113
P2.4:28,ACME Pixel Line IP,pixel,-0.8150,3.6138,6.6802,788,113
P2.4:29,ACME Pixel Line IP,pixel,-0.7898,3.6138,6.6802,794,113
P2.4:30,ACME Pixel Line IP,pixel,-0.7647,3.6138,6.6802,799,113
P2.4:31,ACME Pixel Line IP,pixel,-0.7396,3.6138,6.6802,804,113
P2.4:32,ACME Pixel Line IP,pixel,-0.7145,3.6138,6.6802,809,113
P2.4:33,ACME Pixel Line IP,pixel,-0.6893,3.6138,6.6802,815,113
P2.4:34,ACME Pixel Line IP,pixel,-0.6642,3.6138,6.6802,820,113
P2.4:35,ACME Pixel Line IP,pixel,-0.6391,3.6138,6.6802,825,113
P2.4:36,ACME Pixel Line IP,pixel,-0.6139,3.6138,6.6802,831,113
P2.4:37,ACME Pixel Line IP,pixel,-0.5888,3.6138,6.6802,836,113
P2.4:38,ACME Pixel Line IP,pixel,-0.5637,3.6138,6.6802,841,113
P2.4:39,ACME Pixel Line IP,pixel,-0.5386,3.6138,6.6802,846,113
P2.5:01,ACME Pixel Line IP,pixel,-0.4774,3.6138,6.6802,859,113
P2.5:02,ACME Pixel Line IP,pixel,-0.4523,3.6138,6.6802,865,113
P2.5:03,ACME Pixel Line IP,pixel,-0.4272,3.6138,6.6802,870,113
P2.5:04,ACME Pixel Line IP,pixel,-0.4021,3.6138,6.6802,875,113
P2.5:05,ACME Pixel Line IP,pixel,-0.3769,3.6138,6.6802,880,113
P2.5:06,ACME Pixel Line IP,pixel,-0.3518,3.6138,6.6802,886,113
P2.5:07,ACME Pixel Line IP,pixel,-0.3267,3.6138,6.6802,891,113
P2.5:08,ACME Pixel Line IP,pixel,-0.3015,3.6138,6.6802,896,113
P2.5:09,ACME Pixel Line IP,pixel,-0.2764,3.6138,6.6802,901,113
P2.5:10,ACME Pixel Line IP,pixel,-0.2513,3.6138,6.6802,907,113
P2.5:11,ACME Pixel Line IP,pixel,-0.2262,3.6138,6.6802,912,113
P2.5:12,ACME Pixel Line IP,pixel,-0.2010,3.6138,6.6802,917,113
P2.5:13,ACME Pixel Line IP,pixel,-0.1759,3.6138,6.6802,923,113
P2.5:14,ACME Pixel Line IP,pixel,-0.1508,3.6138,6.6802,928,113
P2.5:15,ACME Pixel Line IP,pixel,-0.1256,3.6138,6.6802,933,113
P2.5:16,ACME Pixel Line IP,pixel,-0.1005,3.6138,6.6802,938,113
P2.5:17,ACME Pixel Line IP,pixel,-0.0754,3.6138,6.6802,944,113
P2.5:18,ACME Pixel Line IP,pixel,-0.0503,3.6138,6.6802,949,113
P2.5:19,ACME Pixel Line IP,pixel,-0.0251,3.6138,6.6802,954,113
P2.5:20,ACME Pixel Line IP,pixel,0.0000,3.6138,6.6802,960,113
P2.5:21,ACME Pixel Line IP,pixel,0.0251,3.6138,6.6802,965,113
P2.5:22,ACME Pixel Line IP,pixel,0.0503,3.6138,6.6802,970,113
P2.5:23,ACME Pixel Line IP,pixel,0.0754,3.6138,6.6802,975,113
P2.5:24,ACME Pixel Line IP,pixel,0.1005,3.6138,6.6802,981,113
P2.5:25,ACME Pixel Line IP,pixel,0.1256,3.6138,6.6802,986,113
P2.5:26,ACME Pixel Line IP,pixel,0.1508,3.6138,6.6802,991,113
P2.5:27,ACME Pixel Line IP,pixel,0.1759,3.6138,6.6802,996,113
P2.5:28,ACME Pixel Line IP,pixel,0.2010,3.6138,6.6802,1002,113
P2.5:29,ACME Pixel Line IP,pixel,0.2262,3.6138,6.6802,1007,113
P2.5:30,ACME Pixel Line IP,pixel,0.2513,3.6138,6.6802,1012,113
P2.5:31,ACME Pixel Line IP,pixel,0.2764,3.6138,6.6802,1018,113
P2.5:32,ACME Pixel Line IP,pixel,0.3015,3.6138,6.6802,1023,113
P2.5:33,ACME Pixel Line IP,pixel,0.3267,3.6138,6.6802,1028,113
P2.5:34,ACME Pixel Line IP,pixel,0.3518,3.6138,6.6802,1033,113
P2.5:35,ACME Pixel Line IP,pixel,0.3769,3.6138,6.6802,1039,113
P2.5:36,ACME Pixel Line IP,pixel,0.4021,3.6138,6.6802,1044,113
P2.5:37,ACME Pixel Line IP,pixel,0.4272,3.6138,6.6802,1049,113
P2.5:38,ACME Pixel Line IP,pixel,0.4523,3.6138,6.6802,1054,113
P2.5:39,ACME Pixel Line IP,pixel,0.4774,3.6138,6.6802,1060,113
P2.6:01,ACME Pixel Line IP,pixel,0.5386,3.6138,6.6802,1073,113
P2.6:02,ACME Pixel Line IP,pixel,0.5637,3.6138,6.6802,1078,113
P2.6:03,ACME Pixel Line IP,pixel,0.5888,3.6138,6.6802,1083,113
P2.6:04,ACME Pixel Line IP,pixel,0.6139,3.6138,6.6802,1088,113
P2.6:05,ACME Pixel Line IP,pixel,0.6391,3.6138,6.6802,1094,113
P2.6:06,ACME Pixel Line IP,pixel,0.6642,3.6138,6.6802,1099,113
P2.6:07,ACME Pixel Line IP,pixel,0.6893,3.6138,6.6802,1104,113
P2.6:08,ACME Pixel Line IP,pixel,0.7145,3.6138,6.6802,1110,113
P2.6:09,ACME Pixel Line IP,pixel,0.7396,3.6138,6.6802,1115,113
P2.6:10,ACME Pixel Line IP,pixel,0.7647,3.6138,6.6802,1120,113
P2.6:11,ACME Pixel Line IP,pixel,0.7898,3.6138,6.6802,1125,113
P2.6:12,ACME Pixel Line IP,pixel,0.8150,3.6138,6.6802,1131,113
P2.6:13,ACME Pixel Line IP,pixel,0.8401,3.6138,6.6802,1136,113
P2.6:14,ACME Pixel Line IP,pixel,0.8652,3.6138,6.6802,1141,113
P2.6:15,ACME Pixel Line IP,pixel,0.8904,3.6138,6.6802,1146,113
P2.6:16,ACME Pixel Line IP,pixel,0.9155,3.6138,6.6802,1152,113
P2.6:17,ACME Pixel Line IP,pixel,0.9406,3.6138,6.6802,1157,113
P2.6:18,ACME Pixel Line IP,pixel,0.9657,3.6138,6.6802,1162,113
P2.6:19,ACME Pixel Line IP,pixel,0.9909,3.6138,6.6802,1168,113
P2.6:20,ACME Pixel Line IP,pixel,1.0160,3.6138,6.6802,1173,113
P2.6:21,ACME Pixel Line IP,pixel,1.0411,3.6138,6.6802,1178,113
P2.6:22,ACME Pixel Line IP,pixel,1.0663,3.6138,6.6802,1183,113
P2.6:23,ACME Pixel Line IP,pixel,1.0914,3.6138,6.6802,1189,113
P2.6:24,ACME Pixel Line IP,pixel,1.1165,3.6138,6.6802,1194,113
P2.6:25,ACME Pixel Line IP,pixel,1.1416,3.6138,6.6802,1199,113
P2.6:26,ACME Pixel Line IP,pixel,1.1668,3.6138,6.6802,1204,113
P2.6:27,ACME Pixel Line IP,pixel,1.1919,3.6138,6.6802,1210,113
P2.6:28,ACME Pixel Line IP,pixel,1.2170,3.6138,6.6802,1215,113
P2.6:29,ACME Pixel Line IP,pixel,1.2422,3.6138,6.6802,1220,113
P2.6:30,ACME Pixel Line IP,pixel,1.2673,3.6138,6.6802,1226,113
P2.6:31,ACME Pixel Line IP,pixel,1.2924,3.6138,6.6802,1231,113
P2.6:32,ACME Pixel Line IP,pixel,1.3175,3.6138,6.6802,1236,113
P2.6:33,ACME Pixel Line IP,pixel,1.3427,3.6138,6.6802,1241,113
P2.6:34,ACME Pixel Line IP,pixel,1.3678,3.6138,6.6802,1247,113
P2.6:35,ACME Pixel Line IP,pixel,1.3929,3.6138,6.6802,1252,113
P2.6:36,ACME Pixel Line IP,pixel,1.4181,3.6138,6.6802,1257,113
P2.6:37,ACME Pixel Line IP,pixel,1.4432,3.6138,6.6802,1263,113
P2.6:38,ACME Pixel Line IP,pixel,1.4683,3.6138,6.6802,1268,113
P2.6:39,ACME Pixel Line IP,pixel,1.4934,3.6138,6.6802,1273,113
P2.7:01,ACME Pixel Line IP,pixel,1.5546,3.6138,6.6802,1286,113
P2.7:02,ACME Pixel Line IP,pixel,1.5797,3.6138,6.6802,1291,113
P2.7:03,ACME Pixel Line IP,pixel,1.6048,3.6138,6.6802,1296,113
P2.7:04,ACME Pixel Line IP,pixel,1.6299,3.6138,6.6802,1302,113
P2.7:05,ACME Pixel Line IP,pixel,1.6551,3.6138,6.6802,1307,113
P2.7:06,ACME Pixel Line IP,pixel,1.6802,3.6138,6.6802,1312,113
P2.7:07,ACME Pixel Line IP,pixel,1.7053,3.6138,6.6802,1318,113
P2.7:08,ACME Pixel Line IP,pixel,1.7305,3.6138,6.6802,1323,113
P2.7:09,ACME Pixel Line IP,pixel,1.7556,3.6138,6.6802,1328,113
P2.7:10,ACME Pixel Line IP,pixel,1.7807,3.6138,6.6802,1333,113
P2.7:11,ACME Pixel Line IP,pixel,1.8058,3.6138,6.6802,1339,113
P2.7:12,ACME Pixel Line IP,pixel,1.8310,3.6138,6.6802,1344,113
P2.7:13,ACME Pixel Line IP,pixel,1.8561,3.6138,6.6802,1349,113
P2.7:14,ACME Pixel Line IP,pixel,1.8812,3.6138,6.6802,1355,113
P2.7:15,ACME Pixel Line IP,pixel,1.9064,3.6138,6.6802,1360,113
P2.7:16,ACME Pixel Line IP,pixel,1.9315,3.6138,6.6802,1365,113
P2.7:17,ACME Pixel Line IP,pixel,1.9566,3.6138,6.6802,1370,113
P2.7:18,ACME Pixel Line IP,pixel,1.9817,3.6138,6.6802,1376,113
P2.7:19,ACME Pixel Line IP,pixel,2.0069,3.6138,6.6802,1381,113
P2.7:20,ACME Pixel Line IP,pixel,2.0320,3.6138,6.6802,1386,113
P2.7:21,ACME Pixel Line IP,pixel,2.0571,3.6138,6.6802,1391,113
P2.7:22,ACME Pixel Line IP,pixel,2.0823,3.6138,6.6802,1397,113
P2.7:23,ACME Pixel Line IP,pixel,2.1074,3.6138,6.6802,1402,113
P2.7:24,ACME Pixel Line IP,pixel,2.1325,3.6138,6.6802,1407,113
P2.7:25,ACME Pixel Line IP,pixel,2.1576,3.6138,6.6802,1413,113
P2.7:26,ACME Pixel Line IP,pixel,2.1828,3.6138,6.6802,1418,113
P2.7:27,ACME Pixel Line IP,pixel,2.2079,3.6138,6.6802,1423,113
P2.7:28,ACME Pixel Line IP,pixel,2.2330,3.6138,6.6802,1428,113
P2.7:29,ACME Pixel Line IP,pixel,2.2582,3.6138,6.6802,1434,113
P2.7:30,ACME Pixel Line IP,pixel,2.2833,3.6138,6.6802,1439,113
P2.7:31,ACME Pixel Line IP,pixel,2.3084,3.6138,6.6802,1444,113
P2.7:32,ACME Pixel Line IP,pixel,2.3335,3.6138,6.6802,1449,113
P2.7:33,ACME Pixel Line IP,pixel,2.3587,3.6138,6.6802,1455,113
P2.7:34,ACME Pixel Line IP,pixel,2.3838,3.6138,6.6802,1460,113
P2.7:35,ACME Pixel Line IP,pixel,2.4089,3.6138,6.6802,1465,113
P2.7:36,ACME Pixel Line IP,pixel,2.4341,3.6138,6.6802,1471,113
P2.7:37,ACME Pixel Line IP,pixel,2.4592,3.6138,6.6802,1476,113
P2.7:38,ACME Pixel Line IP,pixel,2.4843,3.6138,6.6802,1481,113
P2.7:39,ACME Pixel Line IP,pixel,2.5094,3.6138,6.6802,1486,113
P2.8:01,ACME Pixel Line IP,pixel,2.5706,3.6138,6.6802,1499,113
P2.8:02,ACME Pixel Line IP,pixel,2.5957,3.6138,6.6802,1505,113
P2.8:03,ACME Pixel Line IP,pixel,2.6208,3.6138,6.6802,1510,113
P2.8:04,ACME Pixel Line IP,pixel,2.6459,3.6138,6.6802,1515,113
P2.8:05,ACME Pixel Line IP,pixel,2.6711,3.6138,6.6802,1520,113
P2.8:06,ACME Pixel Line IP,pixel,2.6962,3.6138,6.6802,1526,113
P2.8:07,ACME Pixel Line IP,pixel,2.7213,3.6138,6.6802,1531,113
P2.8:08,ACME Pixel Line IP,pixel,2.7465,3.6138,6.6802,1536,113
P2.8:09,ACME Pixel Line IP,pixel,2.7716,3.6138,6.6802,1541,113
P2.8:10,ACME Pixel Line IP,pixel,2.7967,3.6138,6.6802,1547,113
P2.8:11,ACME Pixel Line IP,pixel,2.8218,3.6138,6.6802,1552,113
P2.8:12,ACME Pixel Line IP,pixel,2.8470,3.6138,6.6802,1557,113
P2.8:13,ACME Pixel Line IP,pixel,2.8721,3.6138,6.6802,1563,113
P2.8:14,ACME Pixel Line IP,pixel,2.8972,3.6138,6.6802,1568,113
P2.8:15,ACME Pixel Line IP,pixel,2.9224,3.6138,6.6802,1573,113
P2.8:16,ACME Pixel Line IP,pixel,2.9475,3.6138,6.6802,1578,113
P2.8:17,ACME Pixel Line IP,pixel,2.9726,3.6138,6.6802,1584,113
P2.8:18,ACME Pixel Line IP,pixel,2.9977,3.6138,6.6802,1589,113
P2.8:19,ACME Pixel Line IP,pixel,3.0229,3.6138,6.6802,1594,113
P2.8:20,ACME Pixel Line IP,pixel,3.0480,3.6138,6.6802,1600,113
P2.8:21,ACME Pixel Line IP,pixel,3.0731,3.6138,6.6802,1605,113
P2.8:22,ACME Pixel Line IP,pixel,3.0983,3.6138,6.6802,1610,113
P2.8:23,ACME Pixel Line IP,pixel,3.1234,3.6138,6.6802,1615,113
P2.8:24,ACME Pixel Line IP,pixel,3.1485,3.6138,6.6802,1621,113
P2.8:25,ACME Pixel Line IP,pixel,3.1736,3.6138,6.6802,1626,113
P2.8:26,ACME Pixel Line IP,pixel,3.1988,3.6138,6.6802,1631,113
P2.8:27,ACME Pixel Line IP,pixel,3.2239,3.6138,6.6802,1636,113
P2.8:28,ACME Pixel Line IP,pixel,3.2490,3.6138,6.6802,1642,113
P2.8:29,ACME Pixel Line IP,pixel,3.2742,3.6138,6.6802,1647,113
P2.8:30,ACME Pixel Line IP,pixel,3.2993,3.6138,6.6802,1652,113
P2.8:31,ACME Pixel Line IP,pixel,3.3244,3.6138,6.6802,1658,113
P2.8:32,ACME Pixel Line IP,pixel,3.3495,3.6138,6.6802,1663,113
P2.8:33,ACME Pixel Line IP,pixel,3.3747,3.6138,6.6802,1668,113
P2.8:34,ACME Pixel Line IP,pixel,3.3998,3.6138,6.6802,1673,113
P2.8:35,ACME Pixel Line IP,pixel,3.4249,3.6138,6.6802,1679,113
P2.8:36,ACME Pixel Line IP,pixel,3.4501,3.6138,6.6802,1684,113
P2.8:37,ACME Pixel Line IP,pixel,3.4752,3.6138,6.6802,1689,113
P2.8:38,ACME Pixel Line IP,pixel,3.5003,3.6138,6.6802,1694,113
P2.8:39,ACME Pixel Line IP,pixel,3.5254,3.6138,6.6802,1700,113
P2.9:01,ACME Pixel Line IP,pixel,3.5866,3.6138,6.6802,1713,113
P2.9:02,ACME Pixel Line IP,pixel,3.6117,3.6138,6.6802,1718,113
P2.9:03,ACME Pixel Line IP,pixel,3.6368,3.6138,6.6802,1723,113
P2.9:04,ACME Pixel Line IP,pixel,3.6619,3.6138,6.6802,1728,113
P2.9:05,ACME Pixel Line IP,pixel,3.6871,3.6138,6.6802,1734,113
P2.9:06,ACME Pixel Line IP,pixel,3.7122,3.6138,6.6802,1739,113
P2.9:07,ACME Pixel Line IP,pixel,3.7373,3.6138,6.6802,1744,113
P2.9:08,ACME Pixel Line IP,pixel,3.7625,3.6138,6.6802,1750,113
P2.9:09,ACME Pixel Line IP,pixel,3.7876,3.6138,6.6802,1755,113
P2.9:10,ACME Pixel Line IP,pixel,3.8127,3.6138,6.6802,1760,113
P2.9:11,ACME Pixel Line IP,pixel,3.8378,3.6138,6.6802,1765,113
P2.9:12,ACME Pixel Line IP,pixel,3.8630,3.6138,6.6802,1771,113
P2.9:13,ACME Pixel Line IP,pixel,3.8881,3.6138,6.6802,1776,113
P2.9:14,ACME Pixel Line IP,pixel,3.9132,3.6138,6.6802,1781,113
P2.9:15,ACME Pixel Line IP,pixel,3.9384,3.6138,6.6802,1786,113
P2.9:16,ACME Pixel Line IP,pixel,3.9635,3.6138,6.6802,1792,113
P2.9:17,ACME Pixel Line IP,pixel,3.9886,3.6138,6.6802,1797,113
P2.9:18,ACME Pixel Line IP,pixel,4.0137,3.6138,6.6802,1802,113
P2.9:19,ACME Pixel Line IP,pixel,4.0389,3.6138,6.6802,1808,113
P2.9:20,ACME Pixel Line IP,pixel,4.0640,3.6138,6.6802,1813,113
P2.9:21,ACME Pixel Line IP,pixel,4.0891,3.6138,6.6802,1818,113
P2.9:22,ACME Pixel Line IP,pixel,4.1143,3.6138,6.6802,1823,113
P2.9:23,ACME Pixel Line IP,pixel,4.1394,3.6138,6.6802,1829,113
P2.9:24,ACME Pixel Line IP,pixel,4.1645,3.6138,6.6802,1834,113
P2.9:25,ACME Pixel Line IP,pixel,4.1896,3.6138,6.6802,1839,113
P2.9:26,ACME Pixel Line IP,pixel,4.2148,3.6138,6.6802,1844,113
P2.9:27,ACME Pixel Line IP,pixel,4.2399,3.6138,6.6802,1850,113
P2.9:28,ACME Pixel Line IP,pixel,4.2650,3.6138,6.6802,1855,113
P2.9:29,ACME Pixel Line IP,pixel,4.2902,3.6138,6.6802,1860,113
P2.9:30,ACME Pixel Line IP,pixel,4.3153,3.6138,6.6802,1866,113
P2.9:31,ACME Pixel Line IP,pixel,4.3404,3.6138,6.6802,1871,113
P2.9:32,ACME Pixel Line IP,pixel,4.3655,3.6138,6.6802,1876,113
P2.9:33,ACME Pixel Line IP,pixel,4.3907,3.6138,6.6802,1881,113
P2.9:34,ACME Pixel Line IP,pixel,4.4158,3.6138,6.6802,1887,113
P2.9:35,ACME Pixel Line IP,pixel,4.4409,3.6138,6.6802,1892,113
P2.9:36,ACME Pixel Line IP,pixel,4.4661,3.6138,6.6802,1897,113
P2.9:37,ACME Pixel Line IP,pixel,4.4912,3.6138,6.6802,1903,113
P2.9:38,ACME Pixel Line IP,pixel,4.5163,3.6138,6.6802,1908,113
P2.9:39,ACME Pixel Line IP,pixel,4.5414,3.6138,6.6802,1913,113
P3.1:01,ACME Pixel Line IP,pixel,-4.5414,3.6138,5.7658,6,198
P3.1:02,ACME Pixel Line IP,pixel,-4.5163,3.6138,5.7658,11,198
P3.1:03,ACME Pixel Line IP,pixel,-4.4912,3.6138,5.7658,16,198
P3.1:04,ACME Pixel Line IP,pixel,-4.4661,3.6138,5.7658,22,198
P3.1:05,ACME Pixel Line IP,pixel,-4.4409,3.6138,5.7658,27,198
P3.1:06,ACME Pixel Line IP,pixel,-4.4158,3.6138,5.7658,32,198
P3.1:07,ACME Pixel Line IP,pixel,-4.3907,3.6138,5.7658,38,198
P3.1:08,ACME Pixel Line IP,pixel,-4.3655,3.6138,5.7658,43,198
P3.1:09,ACME Pixel Line IP,pixel,-4.3404,3.6138,5.7658,48,198
P3.1:10,ACME Pixel Line IP,pixel,-4.3153,3.6138,5.7658,53,198
P3.1:11,ACME Pixel Line IP,pixel,-4.2902,3.6138,5.7658,59,198
P3.1:12,ACME Pixel Line IP,pixel,-4.2650,3.6138,5.7658,64,198
P3.1:13,ACME Pixel Line IP,pixel,-4.2399,3.6138,5.7658,69,198
P3.1:14,ACME Pixel Line IP,pixel,-4.2148,3.6138,5.7658,75,198
P3.1:15,ACME Pixel Line IP,pixel,-4.1896,3.6138,5.7658,80,198
P3.1:16,ACME Pixel Line IP,pixel,-4.1645,3.6138,5.7658,85,198
P3.1:17,ACME Pixel Line IP,pixel,-4.1394,3.6138,5.7658,90,198
P3.1:18,ACME Pixel Line IP,pixel,-4.1143,3.6138,5.7658,96,198
P3.1:19,ACME Pixel Line IP,pixel,-4.0891,3.6138,5.7658,101,198
P3.1:20,ACME Pixel Line IP,pixel,-4.0640,3.6138,5.7658,106,198
P3.1:21,ACME Pixel Line IP,pixel,-4.0389,3.6138,5.7658,111,198
P3.1:22,ACME Pixel Line IP,pixel,-4.0137,3.6138,5.7658,117,198
P3.1:23,ACME Pixel Line IP,pixel,-3.9886,3.6138,5.7658,122,198
P3.1:24,ACME Pixel Line IP,pixel,-3.9635,3.6138,5.7658,127,198
P3.1:25,ACME Pixel Line IP,pixel,-3.9384,3.6138,5.7658,133,198
P3.1:26,ACME Pixel Line IP,pixel,-3.9132,3.6138,5.7658,138,198
P3.1:27,ACME Pixel Line IP,pixel,-3.8881,3.6138,5.7658,143,198
P3.1:28,ACME Pixel Line IP,pixel,-3.8630,3.6138,5.7658,148,198
P3.1:29,ACME Pixel Line IP,pixel,-3.8378,3.6138,5.7658,154,198
P3.1:30,ACME Pixel Line IP,pixel,-3.8127,3.6138,5.7658,159,198
P3.1:31,ACME Pixel Line IP,pixel,-3.7876,3.6138,5.7658,164,198
P3.1:32,ACME Pixel Line IP,pixel,-3.7625,3.6138,5.7658,169,198
P3.1:33,ACME Pixel Line IP,pixel,-3.7373,3.6138,5.7658,175,198
P3.1:34,ACME Pixel Line IP,pixel,-3.7122,3.6138,5.7658,180,198
P3.1:35,ACME Pixel Line IP,pixel,-3.6871,3.6138,5.7658,185,198
P3.1:36,ACME Pixel Line IP,pixel,-3.6619,3.6138,5.7658,191,198
P3.1:37,ACME Pixel Line IP,pixel,-3.6368,3.6138,5.7658,196,198
P3.1:38,ACME Pixel Line IP,pixel,-3.6117,3.6138,5.7658,201,198
P3.1:39,ACME Pixel Line IP,pixel,-3.5866,3.6138,5.7658,206,198
P3.2:01,ACME Pixel Line IP,pixel,-3.5254,3.6138,5.7658,219,198
P3.2:02,ACME Pixel Line IP,pixel,-3.5003,3.6138,5.7658,225,198
P3.2:03,ACME Pixel Line IP,pixel,-3.4752,3.6138,5.7658,230,198
P3.2:04,ACME Pixel Line IP,pixel,-3.4501,3.6138,5.7658,235,198
P3.2:05,ACME Pixel Line IP,pixel,-3.4249,3.6138,5.7658,240,198
P3.2:06,ACME Pixel Line IP,pixel,-3.3998,3.6138,5.7658,246,198
P3.2:07,ACME Pixel Line IP,pixel,-3.3747,3.6138,5.7658,251,198
P3.2:08,ACME Pixel Line IP,pixel,-3.3495,3.6138,5.7658,256,198
P3.2:09,ACME Pixel Line IP,pixel,-3.3244,3.6138,5.7658,261,198
P3.2:10,ACME Pixel Line IP,pixel,-3.2993,3.6138,5.7658,267,198
P3.2:11,ACME Pixel Line IP,pixel,-3.2742,3.6138,5.7658,272,198
P3.2:12,ACME Pixel Line IP,pixel,-3.2490,3.6138,5.7658,277,198
P3.2:13,ACME Pixel Line IP,pixel,-3.2239,3.6138,5.7658,283,198
P3.2:14,ACME Pixel Line IP,pixel,-3.1988,3.6138,5.7658,288,198
P3.2:15,ACME Pixel Line IP,pixel,-3.1736,3.6138,5.7658,293,198
P3.2:16,ACME Pixel Line IP,pixel,-3.1485,3.6138,5.7658,298,198
P3.2:17,ACME Pixel Line IP,pixel,-3.1234,3.6138,5.7658,304,198
P3.2:18,ACME Pixel Line IP,pixel,-3.0983,3.6138,5.7658,309,198
P3.2:19,ACME Pixel Line IP,pixel,-3.0731,3.6138,5.7658,314,198
P3.2:20,ACME Pixel Line IP,pixel,-3.0480,3.6138,5.7658,320,198
P3.2:21,ACME Pixel Line IP,pixel,-3.0229,3.6138,5.7658,325,198
P3.2:22,ACME Pixel Line IP,pixel,-2.9977,3.6138,5.7658,330,198
P3.2:23,ACME Pixel Line IP,pixel,-2.9726,3.6138,5.7658,335,198
P3.2:24,ACME Pixel Line IP,pixel,-2.9475,3.6138,5.7658,341,198
P3.2:25,ACME Pixel Line IP,pixel,-2.9224,3.6138,5.7658,346,198
P3.2:26,ACME Pixel Line IP,pixel,-2.8972,3.6138,5.7658,351,198
P3.2:27,ACME Pixel Line IP,pixel,-2.8721,3.6138,5.7658,356,198
P3.2:28,ACME Pixel Line IP,pixel,-2.8470,3.6138,5.7658,362,198
P3.2:29,ACME Pixel Line IP,pixel,-2.8218,3.6138,5.7658,367,198
P3.2:30,ACME Pixel Line IP,pixel,-2.7967,3.6138,5.7658,372,198
P3.2:31,ACME Pixel Line IP,pixel,-2.7716,3.6138,5.7658,378,198
P3.2:32,ACME Pixel Line IP,pixel,-2.7465,3.6138,5.7658,383,198
P3.2:33,ACME Pixel Line IP,pixel,-2.7213,3.6138,5.7658,388,198
P3.2:34,ACME Pixel Line IP,pixel,-2.6962,3.6138,5.7658,393,198
P3.2:35,ACME Pixel Line IP,pixel,-2.6711,3.6138,5.7658,399,198
P3.2:36,ACME Pixel Line IP,pixel,-2.6459,3.6138,5.7658,404,198
P3.2:37,ACME Pixel Line IP,pixel,-2.6208,3.6138,5.7658,409,198
P3.2:38,ACME Pixel Line IP,pixel,-2.5957,3.6138,5.7658,414,198
P3.2:39,ACME Pixel Line IP,pixel,-2.5706,3.6138,5.7658,420,198
P3.3:01,ACME Pixel Line IP,pixel,-2.5094,3.6138,5.7658,433,198
P3.3:02,ACME Pixel Line IP,pixel,-2.4843,3.6138,5.7658,438,198
P3.3:03,ACME Pixel Line IP,pixel,-2.4592,3.6138,5.7658,443,198
P3.3:04,ACME Pixel Line IP,pixel,-2.4341,3.6138,5.7658,448,198
P3.3:05,ACME Pixel Line IP,pixel,-2.4089,3.6138,5.7658,454,198
P3.3:06,ACME Pixel Line IP,pixel,-2.3838,3.6138,5.7658,459,198
P3.3:07,ACME Pixel Line IP,pixel,-2.3587,3.6138,5.7658,464,198
P3.3:08,ACME Pixel Line IP,pixel,-2.3335,3.6138,5.7658,470,198
P3.3:09,ACME Pixel Line IP,pixel,-2.3084,3.6138,5.7658,475,198
P3.3:10,ACME Pixel Line IP,pixel,-2.2833,3.6138,5.7658,480,198
P3.3:11,ACME Pixel Line IP,pixel,-2.2582,3.6138,5.7658,485,198
P3.3:12,ACME Pixel Line IP,pixel,-2.2330,3.6138,5.7658,491,198
P3.3:13,ACME Pixel Line IP,pixel,-2.2079,3.6138,5.7658,496,198
P3.3:14,ACME Pixel Line IP,pixel,-2.1828,3.6138,5.7658,501,198
P3.3:15,ACME Pixel Line IP,pixel,-2.1576,3.6138,5.7658,506,198
P3.3:16,ACME Pixel Line IP,pixel,-2.1325,3.6138,5.7658,512,198
P3.3:17,ACME Pixel Line IP,pixel,-2.1074,3.6138,5.7658,517,198
P3.3:18,ACME Pixel Line IP,pixel,-2.0823,3.6138,5.7658,522,198
P3.3:19,ACME Pixel Line IP,pixel,-2.0571,3.6138,5.7658,528,198
P3.3:20,ACME Pixel Line IP,pixel,-2.0320,3.6138,5.7658,533,198
P3.3:21,ACME Pixel Line IP,pixel,-2.0069,3.6138,5.7658,538,198
P3.3:22,ACME Pixel Line IP,pixel,-1.9817,3.6138,5.7658,543,198
P3.3:23,ACME Pixel Line IP,pixel,-1.9566,3.6138,5.7658,549,198
P3.3:24,ACME Pixel Line IP,pixel,-1.9315,3.6138,5.7658,554,198
P3.3:25,ACME Pixel Line IP,pixel,-1.9064,3.6138,5.7658,559,198
P3.3:26,ACME Pixel Line IP,pixel,-1.8812,3.6138,5.7658,564,198
P3.3:27,ACME Pixel Line IP,pixel,-1.8561,3.6138,5.7658,570,198
P3.3:28,ACME Pixel Line IP,pixel,-1.8310,3.6138,5.7658,575,198
P3.3:29,ACME Pixel Line IP,pixel,-1.8058,3.6138,5.7658,580,198
P3.3:30,ACME Pixel Line IP,pixel,-1.7807,3.6138,5.7658,586,198
P3.3:31,ACME Pixel Line IP,pixel,-1.7556,3.6138,5.7658,591,198
P3.3:32,ACME Pixel Line IP,pixel,-1.7305,3.6138,5.7658,596,198
P3.3:33,ACME Pixel Line IP,pixel,-1.7053,3.6138,5.7658,601,198
P3.3:34,ACME Pixel Line IP,pixel,-1.6802,3.6138,5.7658,607,198
P3.3:35,ACME Pixel Line IP,pixel,-1.6551,3.6138,5.7658,612,198
P3.3:36,ACME Pixel Line IP,pixel,-1.6299,3.6138,5.7658,617,198
P3.3:37,ACME Pixel Line IP,pixel,-1.6048,3.6138,5.7658,623,198
P3.3:38,ACME Pixel Line IP,pixel,-1.5797,3.6138,5.7658,628,198
P3.3:39,ACME Pixel Line IP,pixel,-1.5546,3.6138,5.7658,633,198
P3.4:01,ACME Pixel Line IP,pixel,-1.4934,3.6138,5.7658,646,198
P3.4:02,ACME Pixel Line IP,pixel,-1.4683,3.6138,5.7658,651,198
P3.4:03,ACME Pixel Line IP,pixel,-1.4432,3.6138,5.7658,656,198
P3.4:04,ACME Pixel Line IP,pixel,-1.4181,3.6138,5.7658,662,198
P3.4:05,ACME Pixel Line IP,pixel,-1.3929,3.6138,5.7658,667,198
P3.4:06,ACME Pixel Line IP,pixel,-1.3678,3.6138,5.7658,672,198
P3.4:07,ACME Pixel Line IP,pixel,-1.3427,3.6138,5.7658,678,198
P3.4:08,ACME Pixel Line IP,pixel,-1.3175,3.6138,5.7658,683,198
P3.4:09,ACME Pixel Line IP,pixel,-1.2924,3.6138,5.7658,688,198
P3.4:10,ACME Pixel Line IP,pixel,-1.2673,3.6138,5.7658,693,198
P3.4:11,ACME Pixel Line IP,pixel,-1.2422,3.6138,5.7658,699,198
P3.4:12,ACME Pixel Line IP,pixel,-1.2170,3.6138,5.7658,704,198
P3.4:13,ACME Pixel Line IP,pixel,-1.1919,3.6138,5.7658,709,198
P3.4:14,ACME Pixel Line IP,pixel,-1.1668,3.6138,5.7658,715,198
P3.4:15,ACME Pixel Line IP,pixel,-1.1416,3.6138,5.7658,720,198
P3.4:16,ACME Pixel Line IP,pixel,-1.1165,3.6138,5.7658,725,198
P3.4:17,ACME Pixel Line IP,pixel,-1.0914,3.6138,5.7658,730,198
P3.4:18,ACME Pixel Line IP,pixel,-1.0663,3.6138,5.7658,736,198
P3.4:19,ACME Pixel Line IP,pixel,-1.0411,3.6138,5.7658,741,198
P3.4:20,ACME Pixel Line IP,pixel,-1.0160,3.6138,5.7658,746,198
P3.4:21,ACME Pixel Line IP,pixel,-0.9909,3.6138,5.7658,751,198
P3.4:22,ACME Pixel Line IP,pixel,-0.9657,3.6138,5.7658,757,198
P3.4:23,ACME Pixel Line IP,pixel,-0.9406,3.6138,5.7658,762,198
P3.4:24,ACME Pixel Line IP,pixel,-0.9155,3.6138,5.7658,767,198
P3.4:25,ACME Pixel Line IP,pixel,-0.8904,3.6138,5.7658,773,198
P3.4:26,ACME Pixel Line IP,pixel,-0.8652,3.6138,5.7658,778,198
P3.4:27,ACME Pixel Line IP,pixel,-0.8401,3.6138,5.7658,783,198
P3.4:28,ACME Pixel Line IP,pixel,-0.8150,3.6138,5.7658,788,198
P3.4:29,ACME Pixel Line IP,pixel,-0.7898,3.6138,5.7658,794,198
P3.4:30,ACME Pixel Line IP,pixel,-0.7647,3.6138,5.7658,799,198
P3.4:31,ACME Pixel Line IP,pixel,-0.7396,3.6138,5.7658,804,198
P3.4:32,ACME Pixel Line IP,pixel,-0.7145,3.6138,5.7658,809,198
P3.4:33,ACME Pixel Line IP,pixel,-0.6893,3.6138,5.7658,815,198
P3.4:34,ACME Pixel Line IP,pixel,-0.6642,3.6138,5.7658,820,198
P3.4:35,ACME Pixel Line IP,pixel,-0.6391,3.6138,5.7658,825,198
P3.4:36,ACME Pixel Line IP,pixel,-0.6139,3.6138,5.7658,831,198
P3.4:37,ACME Pixel Line IP,pixel,-0.5888,3.6138,5.7658,836,198
P3.4:38,ACME Pixel Line IP,pixel,-0.5637,3.6138,5.7658,841,198
P3.4:39,ACME Pixel Line IP,pixel,-0.5386,3.6138,5.7658,846,198
P3.5:01,ACME Pixel Line IP,pixel,-0.4774,3.6138,5.7658,859,198
P3.5:02,ACME Pixel Line IP,pixel,-0.4523,3.6138,5.7658,865,198
P3.5:03,ACME Pixel Line IP,pixel,-0.4272,3.6138,5.7658,870,198
P3.5:04,ACME Pixel Line IP,pixel,-0.4021,3.6138,5.7658,875,198
P3.5:05,ACME Pixel Line IP,pixel,-0.3769,3.6138,5.7658,880,198
P3.5:06,ACME Pixel Line IP,pixel,-0.3518,3.6138,5.7658,886,198
P3.5:07,ACME Pixel Line IP,pixel,-0.3267,3.6138,5.7658,891,198
P3.5:08,ACME Pixel Line IP,pixel,-0.3015,3.6138,5.7658,896,198
P3.5:09,ACME Pixel Line IP,pixel,-0.2764,3.6138,5.7658,901,198
P3.5:10,ACME Pixel Line IP,pixel,-0.2513,3.6138,5.7658,907,198
P3.5:11,ACME Pixel Line IP,pixel,-0.2262,3.6138,5.7658,912,198
P3.5:12,ACME Pixel Line IP,pixel,-0.2010,3.6138,5.7658,917,198
P3.5:13,ACME Pixel Line IP,pixel,-0.1759,3.6138,5.7658,923,198
P3.5:14,ACME Pixel Line IP,pixel,-0.1508,3.6138,5.7658,928,198
P3.5:15,ACME Pixel Line IP,pixel,-0.1256,3.6138,5.7658,933,198
P3.5:16,ACME Pixel Line IP,pixel,-0.1005,3.6138,5.7658,938,198
P3.5:17,ACME Pixel Line IP,pixel,-0.0754,3.6138,5.7658,944,198
P3.5:18,ACME Pixel Line IP,pixel,-0.0503,3.6138,5.7658,949,198
P3.5:19,ACME Pixel Line IP,pixel,-0.0251,3.6138,5.7658,954,198
P3.5:20,ACME Pixel Line IP,pixel,0.0000,3.6138,5.7658,960,198
P3.5:21,ACME Pixel Line IP,pixel,0.0251,3.6138,5.7658,965,198
P3.5:22,ACME Pixel Line IP,pixel,0.0503,3.6138,5.7658,970,198
P3.5:23,ACME Pixel Line IP,pixel,0.0754,3.6138,5.7658,975,198
P3.5:24,ACME Pixel Line IP,pixel,0.1005,3.6138,5.7658,981,198
P3.5:25,ACME Pixel Line IP,pixel,0.1256,3.6138,5.7658,986,198
P3.5:26,ACME Pixel Line IP,pixel,0.1508,3.6138,5.7658,991,198
P3.5:27,ACME Pixel Line IP,pixel,0.1759,3.6138,5.7658,996,198
P3.5:28,ACME Pixel Line IP,pixel,0.2010,3.6138,5.7658,1002,198
P3.5:29,ACME Pixel Line IP,pixel,0.2262,3.6138,5.7658,1007,198
P3.5:30,ACME Pixel Line IP,pixel,0.2513,3.6138,5.7658,1012,198
P3.5:31,ACME Pixel Line IP,pixel,0.2764,3.6138,5.7658,1018,198
P3.5:32,ACME Pixel Line IP,pixel,0.3015,3.6138,5.7658,1023,198
P3.5:33,ACME Pixel Line IP,pixel,0.3267,3.6138,5.7658,1028,198
P3.5:34,ACME Pixel Line IP,pixel,0.3518,3.6138,5.7658,1033,198
P3.5:35,ACME Pixel Line IP,pixel,0.3769,3.6138,5.7658,1039,198
P3.5:36,ACME Pixel Line IP,pixel,0.4021,3.6138,5.7658,1044,198
P3.5:37,ACME Pixel Line IP,pixel,0.4272,3.6138,5.7658,1049,198
P3.5:38,ACME Pixel Line IP,pixel,0.4523,3.6138,5.7658,1054,198
P3.5:39,ACME Pixel Line IP,pixel,0.4774,3.6138,5.7658,1060,198
P3.6:01,ACME Pixel Line IP,pixel,0.5386,3.6138,5.7658,1073,198
P3.6:02,ACME Pixel Line IP,pixel,0.5637,3.6138,5.7658,1078,198
P3.6:03,ACME Pixel Line IP,pixel,0.5888,3.6138,5.7658,1083,198
P3.6:04,ACME Pixel Line IP,pixel,0.6139,3.6138,5.7658,1088,198
P3.6:05,ACME Pixel Line IP,pixel,0.6391,3.6138,5.7658,1094,198
P3.6:06,ACME Pixel Line IP,pixel,0.6642,3.6138,5.7658,1099,198
P3.6:07,ACME Pixel Line IP,pixel,0.6893,3.6138,5.7658,1104,198
P3.6:08,ACME Pixel Line IP,pixel,0.7145,3.6138,5.7658,1110,198
P3.6:09,ACME Pixel Line IP,pixel,0.7396,3.6138,5.7658,1115,198
P3.6:10,ACME Pixel Line IP,pixel,0.7647,3.6138,5.7658,1120,198
P3.6:11,ACME Pixel Line IP,pixel,0.7898,3.6138,5.7658,1125,198
P3.6:12,ACME Pixel Line IP,pixel,0.8150,3.6138,5.7658,1131,198
P3.6:13,ACME Pixel Line IP,pixel,0.8401,3.6138,5.7658,1136,198
P3.6:14,ACME Pixel Line IP,pixel,0.8652,3.6138,5.7658,1141,198
P3.6:15,ACME Pixel Line IP,pixel,0.8904,3.6138,5.7658,1146,198
P3.6:16,ACME Pixel Line IP,pixel,0.9155,3.6138,5.7658,1152,198
P3.6:17,ACME Pixel Line IP,pixel,0.9406,3.6138,5.7658,1157,198
P3.6:18,ACME Pixel Line IP,pixel,0.9657,3.6138,5.7658,1162,198
P3.6:19,ACME Pixel Line IP,pixel,0.9909,3.6138,5.7658,1168,198
P3.6:20,ACME Pixel Line IP,pixel,1.0160,3.6138,5.7658,1173,198
P3.6:21,ACME Pixel Line IP,pixel,1.0411,3.6138,5.7658,1178,198
P3.6:22,ACME Pixel Line IP,pixel,1.0663,3.6138,5.7658,1183,198
P3.6:23,ACME Pixel Line IP,pixel,1.0914,3.6138,5.7658,1189,198
P3.6:24,ACME Pixel Line IP,pixel,1.1165,3.6138,5.7658,1194,198
P3.6:25,ACME Pixel Line IP,pixel,1.1416,3.6138,5.7658,1199,198
P3.6:26,ACME Pixel Line IP,pixel,1.1668,3.6138,5.7658,1204,198
P3.6:27,ACME Pixel Line IP,pixel,1.1919,3.6138,5.7658,1210,198
P3.6:28,ACME Pixel Line IP,pixel,1.2170,3.6138,5.7658,1215,198
P3.6:29,ACME Pixel Line IP,pixel,1.2422,3.6138,5.7658,1220,198
P3.6:30,ACME Pixel Line IP,pixel,1.2673,3.6138,5.7658,1226,198
P3.6:31,ACME Pixel Line IP,pixel,1.2924,3.6138,5.7658,1231,198
P3.6:32,ACME Pixel Line IP,pixel,1.3175,3.6138,5.7658,1236,198
P3.6:33,ACME Pixel Line IP,pixel,1.3427,3.6138,5.7658,1241,198
P3.6:34,ACME Pixel Line IP,pixel,1.3678,3.6138,5.7658,1247,198
P3.6:35,ACME Pixel Line IP,pixel,1.3929,3.6138,5.7658,1252,198
P3.6:36,ACME Pixel Line IP,pixel,1.4181,3.6138,5.7658,1257,198
P3.6:37,ACME Pixel Line IP,pixel,1.4432,3.6138,5.7658,1263,198
P3.6:38,ACME Pixel Line IP,pixel,1.4683,3.6138,5.7658,1268,198
P3.6:39,ACME Pixel Line IP,pixel,1.4934,3.6138,5.7658,1273,198
P3.7:01,ACME Pixel Line IP,pixel,1.5546,3.6138,5.7658,1286,198
P3.7:02,ACME Pixel Line IP,pixel,1.5797,3.6138,5.7658,1291,198
P3.7:03,ACME Pixel Line IP,pixel,1.6048,3.6138,5.7658,1296,198
P3.7:04,ACME Pixel Line IP,pixel,1.6299,3.6138,5.7658,1302,198
P3.7:05,ACME Pixel Line IP,pixel,1.6551,3.6138,5.7658,1307,198
P3.7:06,ACME Pixel Line IP,pixel,1.6802,3.6138,5.7658,1312,198
P3.7:07,ACME Pixel Line IP,pixel,1.7053,3.6138,5.7658,1318,198
P3.7:08,ACME Pixel Line IP,pixel,1.7305,3.6138,5.7658,1323,198
P3.7:09,ACME Pixel Line IP,pixel,1.7556,3.6138,5.7658,1328,198
P3.7:10,ACME Pixel Line IP,pixel,1.7807,3.6138,5.7658,1333,198
P3.7:11,ACME Pixel Line IP,pixel,1.8058,3.6138,5.7658,1339,198
P3.7:12,ACME Pixel Line IP,pixel,1.8310,3.6138,5.7658,1344,198
P3.7:13,ACME Pixel Line IP,pixel,1.8561,3.6138,5.7658,1349,198
P3.7:14,ACME Pixel Line IP,pixel,1.8812,3.6138,5.7658,1355,198
P3.7:15,ACME Pixel Line IP,pixel,1.9064,3.6138,5.7658,1360,198
P3.7:16,ACME Pixel Line IP,pixel,1.9315,3.6138,5.7658,1365,198
P3.7:17,ACME Pixel Line IP,pixel,1.9566,3.6138,5.7658,1370,198
P3.7:18,ACME Pixel Line IP,pixel,1.9817,3.6138,5.7658,1376,198
P3.7:19,ACME Pixel Line IP,pixel,2.0069,3.6138,5.7658,1381,198
P3.7:20,ACME Pixel Line IP,pixel,2.0320,3.6138,5.7658,1386,198
P3.7:21,ACME Pixel Line IP,pixel,2.0571,3.6138,5.7658,1391,198
P3.7:22,ACME Pixel Line IP,pixel,2.0823,3.6138,5.7658,1397,198
P3.7:23,ACME Pixel Line IP,pixel,2.1074,3.6138,5.7658,1402,198
P3.7:24,ACME Pixel Line IP,pixel,2.1325,3.6138,5.7658,1407,198
P3.7:25,ACME Pixel Line IP,pixel,2.1576,3.6138,5.7658,1413,198
P3.7:26,ACME Pixel Line IP,pixel,2.1828,3.6138,5.7658,1418,198
P3.7:27,ACME Pixel Line IP,pixel,2.2079,3.6138,5.7658,1423,198
P3.7:28,ACME Pixel Line IP,pixel,2.2330,3.6138,5.7658,1428,198
P3.7:29,ACME Pixel Line IP,pixel,2.2582,3.6138,5.7658,1434,198
P3.7:30,ACME Pixel Line IP,pixel,2.2833,3.6138,5.7658,1439,198
P3.7:31,ACME Pixel Line IP,pixel,2.3084,3.6138,5.7658,1444,198
P3.7:32,ACME Pixel Line IP,pixel,2.3335,3.6138,5.7658,1449,198
P3.7:33,ACME Pixel Line IP,pixel,2.3587,3.6138,5.7658,1455,198
P3.7:34,ACME Pixel Line IP,pixel,2.3838,3.6138,5.7658,1460,198
P3.7:35,ACME Pixel Line IP,pixel,2.4089,3.6138,5.7658,1465,198
P3.7:36,ACME Pixel Line IP,pixel,2.4341,3.6138,5.7658,1471,198
P3.7:37,ACME Pixel Line IP,pixel,2.4592,3.6138,5.7658,1476,198
P3.7:38,ACME Pixel Line IP,pixel,2.4843,3.6138,5.7658,1481,198
P3.7:39,ACME Pixel Line IP,pixel,2.5094,3.6138,5.7658,1486,198
P3.8:01,ACME Pixel Line IP,pixel,2.5706,3.6138,5.7658,1499,198
P3.8:02,ACME Pixel Line IP,pixel,2.5957,3.6138,5.7658,1505,198
P3.8:03,ACME Pixel Line IP,pixel,2.6208,3.6138,5.7658,1510,198
P3.8:04,ACME Pixel Line IP,pixel,2.6459,3.6138,5.7658,1515,198
P3.8:05,ACME Pixel Line IP,pixel,2.6711,3.6138,5.7658,1520,198
P3.8:06,ACME Pixel Line IP,pixel,2.6962,3.6138,5.7658,1526,198
P3.8:07,ACME Pixel Line IP,pixel,2.7213,3.6138,5.7658,1531,198
P3.8:08,ACME Pixel Line IP,pixel,2.7465,3.6138,5.7658,1536,198
P3.8:09,ACME Pixel Line IP,pixel,2.7716,3.6138,5.7658,1541,198
P3.8:10,ACME Pixel Line IP,pixel,2.7967,3.6138,5.7658,1547,198
P3.8:11,ACME Pixel Line IP,pixel,2.8218,3.6138,5.7658,1552,198
P3.8:12,ACME Pixel Line IP,pixel,2.8470,3.6138,5.7658,1557,198
P3.8:13,ACME Pixel Line IP,pixel,2.8721,3.6138,5.7658,1563,198
P3.8:14,ACME Pixel Line IP,pixel,2.8972,3.6138,5.7658,1568,198
P3.8:15,ACME Pixel Line IP,pixel,2.9224,3.6138,5.7658,1573,198
P3.8:16,ACME Pixel Line IP,pixel,2.9475,3.6138,5.7658,1578,198
P3.8:17,ACME Pixel Line IP,pixel,2.9726,3.6138,5.7658,1584,198
P3.8:18,ACME Pixel Line IP,pixel,2.9977,3.6138,5.7658,1589,198
P3.8:19,ACME Pixel Line IP,pixel,3.0229,3.6138,5.7658,1594,198
P3.8:20,ACME Pixel Line IP,pixel,3.0480,3.6138,5.7658,1600,198
P3.8:21,ACME Pixel Line IP,pixel,3.0731,3.6138,5.7658,1605,198
P3.8:22,ACME Pixel Line IP,pixel,3.0983,3.6138,5.7658,1610,198
P3.8:23,ACME Pixel Line IP,pixel,3.1234,3.6138,5.7658,1615,198
P3.8:24,ACME Pixel Line IP,pixel,3.1485,3.6138,5.7658,1621,198
P3.8:25,ACME Pixel Line IP,pixel,3.1736,3.6138,5.7658,1626,198
P3.8:26,ACME Pixel Line IP,pixel,3.1988,3.6138,5.7658,1631,198
P3.8:27,ACME Pixel Line IP,pixel,3.2239,3.6138,5.7658,1636,198
P3.8:28,ACME Pixel Line IP,pixel,3.2490,3.6138,5.7658,1642,198
P3.8:29,ACME Pixel Line IP,pixel,3.2742,3.6138,5.7658,1647,198
P3.8:30,ACME Pixel Line IP,pixel,3.2993,3.6138,5.7658,1652,198
P3.8:31,ACME Pixel Line IP,pixel,3.3244,3.6138,5.7658,1658,198
P3.8:32,ACME Pixel Line IP,pixel,3.3495,3.6138,5.7658,1663,198
P3.8:33,ACME Pixel Line IP,pixel,3.3747,3.6138,5.7658,1668,198
P3.8:34,ACME Pixel Line IP,pixel,3.3998,3.6138,5.7658,1673,198
P3.8:35,ACME Pixel Line IP,pixel,3.4249,3.6138,5.7658,1679,198
P3.8:36,ACME Pixel Line IP,pixel,3.4501,3.6138,5.7658,1684,198
P3.8:37,ACME Pixel Line IP,pixel,3.4752,3.6138,5.7658,1689,198
P3.8:38,ACME Pixel Line IP,pixel,3.5003,3.6138,5.7658,1694,198
P3.8:39,ACME Pixel Line IP,pixel,3.5254,3.6138,5.7658,1700,198
P3.9:01,ACME Pixel Line IP,pixel,3.5866,3.6138,5.7658,1713,198
P3.9:02,ACME Pixel Line IP,pixel,3.6117,3.6138,5.7658,1718,198
P3.9:03,ACME Pixel Line IP,pixel,3.6368,3.6138,5.7658,1723,198
P3.9:04,ACME Pixel Line IP,pixel,3.6619,3.6138,5.7658,1728,198
P3.9:05,ACME Pixel Line IP,pixel,3.6871,3.6138,5.7658,1734,198
P3.9:06,ACME Pixel Line IP,pixel,3.7122,3.6138,5.7658,1739,198
P3.9:07,ACME Pixel Line IP,pixel,3.7373,3.6138,5.7658,1744,198
P3.9:08,ACME Pixel Line IP,pixel,3.7625,3.6138,5.7658,1750,198
P3.9:09,ACME Pixel Line IP,pixel,3.7876,3.6138,5.7658,1755,198
P3.9:10,ACME Pixel Line IP,pixel,3.8127,3.6138,5.7658,1760,198
P3.9:11,ACME Pixel Line IP,pixel,3.8378,3.6138,5.7658,1765,198
P3.9:12,ACME Pixel Line IP,pixel,3.8630,3.6138,5.7658,1771,198
P3.9:13,ACME Pixel Line IP,pixel,3.8881,3.6138,5.7658,1776,198
P3.9:14,ACME Pixel Line IP,pixel,3.9132,3.6138,5.7658,1781,198
P3.9:15,ACME Pixel Line IP,pixel,3.9384,3.6138,5.7658,1786,198
P3.9:16,ACME Pixel Line IP,pixel,3.9635,3.6138,5.7658,1792,198
P3.9:17,ACME Pixel Line IP,pixel,3.9886,3.6138,5.7658,1797,198
P3.9:18,ACME Pixel Line IP,pixel,4.0137,3.6138,5.7658,1802,198
P3.9:19,ACME Pixel Line IP,pixel,4.0389,3.6138,5.7658,1808,198
P3.9:20,ACME Pixel Line IP,pixel,4.0640,3.6138,5.7658,1813,198
P3.9:21,ACME Pixel Line IP,pixel,4.0891,3.6138,5.7658,1818,198
P3.9:22,ACME Pixel Line IP,pixel,4.1143,3.6138,5.7658,1823,198
P3.9:23,ACME Pixel Line IP,pixel,4.1394,3.6138,5.7658,1829,198
P3.9:24,ACME Pixel Line IP,pixel,4.1645,3.6138,5.7658,1834,198
P3.9:25,ACME Pixel Line IP,pixel,4.1896,3.6138,5.7658,1839,198
P3.9:26,ACME Pixel Line IP,pixel,4.2148,3.6138,5.7658,1844,198
P3.9:27,ACME Pixel Line IP,pixel,4.2399,3.6138,5.7658,1850,198
P3.9:28,ACME Pixel Line IP,pixel,4.2650,3.6138,5.7658,1855,198
P3.9:29,ACME Pixel Line IP,pixel,4.2902,3.6138,5.7658,1860,198
P3.9:30,ACME Pixel Line IP,pixel,4.3153,3.6138,5.7658,1866,198
P3.9:31,ACME Pixel Line IP,pixel,4.3404,3.6138,5.7658,1871,198
P3.9:32,ACME Pixel Line IP,pixel,4.3655,3.6138,5.7658,1876,198
P3.9:33,ACME Pixel Line IP,pixel,4.3907,3.6138,5.7658,1881,198
P3.9:34,ACME Pixel Line IP,pixel,4.4158,3.6138,5.7658,1887,198
P3.9:35,ACME Pixel Line IP,pixel,4.4409,3.6138,5.7658,1892,198
P3.9:36,ACME Pixel Line IP,pixel,4.4661,3.6138,5.7658,1897,198
P3.9:37,ACME Pixel Line IP,pixel,4.4912,3.6138,5.7658,1903,198
P3.9:38,ACME Pixel Line IP,pixel,4.5163,3.6138,5.7658,1908,198
P3.9:39,ACME Pixel Line IP,pixel,4.5414,3.6138,5.7658,1913,198
P4.1:01,ACME Pixel Line IP,pixel,-4.5414,3.6138,4.8514,6,284
P4.1:02,ACME Pixel Line IP,pixel,-4.5163,3.6138,4.8514,11,284
P4.1:03,ACME Pixel Line IP,pixel,-4.4912,3.6138,4.8514,16,284
P4.1:04,ACME Pixel Line IP,pixel,-4.4661,3.6138,4.8514,22,284
P4.1:05,ACME Pixel Line IP,pixel,-4.4409,3.6138,4.8514,27,284
P4.1:06,ACME Pixel Line IP,pixel,-4.4158,3.6138,4.8514,32,284
P4.1:07,ACME Pixel Line IP,pixel,-4.3907,3.6138,4.8514,38,284
P4.1:08,ACME Pixel Line IP,pixel,-4.3655,3.6138,4.8514,43,284
P4.1:09,ACME Pixel Line IP,pixel,-4.3404,3.6138,4.8514,48,284
P4.1:10,ACME Pixel Line IP,pixel,-4.3153,3.6138,4.8514,53,284
P4.1:11,ACME Pixel Line IP,pixel,-4.2902,3.6138,4.8514,59,284
P4.1:12,ACME Pixel Line IP,pixel,-4.2650,3.6138,4.8514,64,284
P4.1:13,ACME Pixel Line IP,pixel,-4.2399,3.6138,4.8514,69,284
P4.1:14,ACME Pixel Line IP,pixel,-4.2148,3.6138,4.8514,75,284
P4.1:15,ACME Pixel Line IP,pixel,-4.1896,3.6138,4.8514,80,284
P4.1:16,ACME Pixel Line IP,pixel,-4.1645,3.6138,4.8514,85,284
P4.1:17,ACME Pixel Line IP,pixel,-4.1394,3.6138,4.8514,90,284
P4.1:18,ACME Pixel Line IP,pixel,-4.1143,3.6138,4.8514,96,284
P4.1:19,ACME Pixel Line IP,pixel,-4.0891,3.6138,4.8514,101,284
P4.1:20,ACME Pixel Line IP,pixel,-4.0640,3.6138,4.8514,106,284
P4.1:21,ACME Pixel Line IP,pixel,-4.0389,3.6138,4.8514,111,284
P4.1:22,ACME Pixel Line IP,pixel,-4.0137,3.6138,4.8514,117,284
P4.1:23,ACME Pixel Line IP,pixel,-3.9886,3.6138,4.8514,122,284
P4.1:24,ACME Pixel Line IP,pixel,-3.9635,3.6138,4.8514,127,284
P4.1:25,ACME Pixel Line IP,pixel,-3.9384,3.6138,4.8514,133,284
P4.1:26,ACME Pixel Line IP,pixel,-3.9132,3.6138,4.8514,138,284
P4.1:27,ACME Pixel Line IP,pixel,-3.8881,3.6138,4.8514,143,284
P4.1:28,ACME Pixel Line IP,pixel,-3.8630,3.6138,4.8514,148,284
P4.1:29,ACME Pixel Line IP,pixel,-3.8378,3.6138,4.8514,154,284
P4.1:30,ACME Pixel Line IP,pixel,-3.8127,3.6138,4.8514,159,284
P4.1:31,ACME Pixel Line IP,pixel,-3.7876,3.6138,4.8514,164,284
P4.1:32,ACME Pixel Line IP,pixel,-3.7625,3.6138,4.8514,169,284
P4.1:33,ACME Pixel Line IP,pixel,-3.7373,3.6138,4.8514,175,284
P4.1:34,ACME Pixel Line IP,pixel,-3.7122,3.6138,4.8514,180,284
P4.1:35,ACME Pixel Line IP,pixel,-3.6871,3.6138,4.8514,185,284
P4.1:36,ACME Pixel Line IP,pixel,-3.6619,3.6138,4.8514,191,284
P4.1:37,ACME Pixel Line IP,pixel,-3.6368,3.6138,4.8514,196,284
P4.1:38,ACME Pixel Line IP,pixel,-3.6117,3.6138,4.8514,201,284
P4.1:39,ACME Pixel Line IP,pixel,-3.5866,3.6138,4.8514,206,284
P4.2:01,ACME Pixel Line IP,pixel,-3.5254,3.6138,4.8514,219,284
P4.2:02,ACME Pixel Line IP,pixel,-3.5003,3.6138,4.8514,225,284
P4.2:03,ACME Pixel Line IP,pixel,-3.4752,3.6138,4.8514,230,284
P4.2:04,ACME Pixel Line IP,pixel,-3.4501,3.6138,4.8514,235,284
P4.2:05,ACME Pixel Line IP,pixel,-3.4249,3.6138,4.8514,240,284
P4.2:06,ACME Pixel Line IP,pixel,-3.3998,3.6138,4.8514,246,284
P4.2:07,ACME Pixel Line IP,pixel,-3.3747,3.6138,4.8514,251,284
P4.2:08,ACME Pixel Line IP,pixel,-3.3495,3.6138,4.8514,256,284
P4.2:09,ACME Pixel Line IP,pixel,-3.3244,3.6138,4.8514,261,284
P4.2:10,ACME Pixel Line IP,pixel,-3.2993,3.6138,4.8514,267,284
P4.2:11,ACME Pixel Line IP,pixel,-3.2742,3.6138,4.8514,272,284
P4.2:12,ACME Pixel Line IP,pixel,-3.2490,3.6138,4.8514,277,284
P4.2:13,ACME Pixel Line IP,pixel,-3.2239,3.6138,4.8514,283,284
P4.2:14,ACME Pixel Line IP,pixel,-3.1988,3.6138,4.8514,288,284
P4.2:15,ACME Pixel Line IP,pixel,-3.1736,3.6138,4.8514,293,284
P4.2:16,ACME Pixel Line IP,pixel,-3.1485,3.6138,4.8514,298,284
P4.2:17,ACME Pixel Line IP,pixel,-3.1234,3.6138,4.8514,304,284
P4.2:18,ACME Pixel Line IP,pixel,-3.0983,3.6138,4.8514,309,284
P4.2:19,ACME Pixel Line IP,pixel,-3.0731,3.6138,4.8514,314,284
P4.2:20,ACME Pixel Line IP,pixel,-3.0480,3.6138,4.8514,320,284
P4.2:21,ACME Pixel Line IP,pixel,-3.0229,3.6138,4.8514,325,284
P4.2:22,ACME Pixel Line IP,pixel,-2.9977,3.6138,4.8514,330,284
P4.2:23,ACME Pixel Line IP,pixel,-2.9726,3.6138,4.8514,335,284
P4.2:24,ACME Pixel Line IP,pixel,-2.9475,3.6138,4.8514,341,284
P4.2:25,ACME Pixel Line IP,pixel,-2.9224,3.6138,4.8514,346,284
P4.2:26,ACME Pixel Line IP,pixel,-2.8972,3.6138,4.8514,351,284
P4.2:27,ACME Pixel Line IP,pixel,-2.8721,3.6138,4.8514,356,284
P4.2:28,ACME Pixel Line IP,pixel,-2.8470,3.6138,4.8514,362,284
P4.2:29,ACME Pixel Line IP,pixel,-2.8218,3.6138,4.8514,367,284
P4.2:30,ACME Pixel Line IP,pixel,-2.7967,3.6138,4.8514,372,284
P4.2:31,ACME Pixel Line IP,pixel,-2.7716,3.6138,4.8514,378,284
P4.2:32,ACME Pixel Line IP,pixel,-2.7465,3.6138,4.8514,383,284
P4.2:33,ACME Pixel Line IP,pixel,-2.7213,3.6138,4.8514,388,284
P4.2:34,ACME Pixel Line IP,pixel,-2.6962,3.6138,4.8514,393,284
P4.2:35,ACME Pixel Line IP,pixel,-2.6711,3.6138,4.8514,399,284
P4.2:36,ACME Pixel Line IP,pixel,-2.6459,3.6138,4.8514,404,284
P4.2:37,ACME Pixel Line IP,pixel,-2.6208,3.6138,4.8514,409,284
P4.2:38,ACME Pixel Line IP,pixel,-2.5957,3.6138,4.8514,414,284
P4.2:39,ACME Pixel Line IP,pixel,-2.5706,3.6138,4.8514,420,284
P4.3:01,ACME Pixel Line IP,pixel,-2.5094,3.6138,4.8514,433,284
P4.3:02,ACME Pixel Line IP,pixel,-2.4843,3.6138,4.8514,438,284
P4.3:03,ACME Pixel Line IP,pixel,-2.4592,3.6138,4.8514,443,284
P4.3:04,ACME Pixel Line IP,pixel,-2.4341,3.6138,4.8514,448,284
P4.3:05,ACME Pixel Line IP,pixel,-2.4089,3.6138,4.8514,454,284
P4.3:06,ACME Pixel Line IP,pixel,-2.3838,3.6138,4.8514,459,284
P4.3:07,ACME Pixel Line IP,pixel,-2.3587,3.6138,4.8514,464,284
P4.3:08,ACME Pixel Line IP,pixel,-2.3335,3.6138,4.8514,470,284
P4.3:09,ACME Pixel Line IP,pixel,-2.3084,3.6138,4.8514,475,284
P4.3:10,ACME Pixel Line IP,pixel,-2.2833,3.6138,4.8514,480,284
P4.3:11,ACME Pixel Line IP,pixel,-2.2582,3.6138,4.8514,485,284
P4.3:12,ACME Pixel Line IP,pixel,-2.2330,3.6138,4.8514,491,284
P4.3:13,ACME Pixel Line IP,pixel,-2.2079,3.6138,4.8514,496,284
P4.3:14,ACME Pixel Line IP,pixel,-2.1828,3.6138,4.8514,501,284
P4.3:15,ACME Pixel Line IP,pixel,-2.1576,3.6138,4.8514,506,284
P4.3:16,ACME Pixel Line IP,pixel,-2.1325,3.6138,4.8514,512,284
P4.3:17,ACME Pixel Line IP,pixel,-2.1074,3.6138,4.8514,517,284
P4.3:18,ACME Pixel Line IP,pixel,-2.0823,3.6138,4.8514,522,284
P4.3:19,ACME Pixel Line IP,pixel,-2.0571,3.6138,4.8514,528,284
P4.3:20,ACME Pixel Line IP,pixel,-2.0320,3.6138,4.8514,533,284
P4.3:21,ACME Pixel Line IP,pixel,-2.0069,3.6138,4.8514,538,284
P4.3:22,ACME Pixel Line IP,pixel,-1.9817,3.6138,4.8514,543,284
P4.3:23,ACME Pixel Line IP,pixel,-1.9566,3.6138,4.8514,549,284
P4.3:24,ACME Pixel Line IP,pixel,-1.9315,3.6138,4.8514,554,284
P4.3:25,ACME Pixel Line IP,pixel,-1.9064,3.6138,4.8514,559,284
P4.3:26,ACME Pixel Line IP,pixel,-1.8812,3.6138,4.8514,564,284
P4.3:27,ACME Pixel Line IP,pixel,-1.8561,3.6138,4.8514,570,284
P4.3:28,ACME Pixel Line IP,pixel,-1.8310,3.6138,4.8514,575,284
P4.3:29,ACME Pixel Line IP,pixel,-1.8058,3.6138,4.8514,580,284
P4.3:30,ACME Pixel Line IP,pixel,-1.7807,3.6138,4.8514,586,284
P4.3:31,ACME Pixel Line IP,pixel,-1.7556,3.6138,4.8514,591,284
P4.3:32,ACME Pixel Line IP,pixel,-1.7305,3.6138,4.8514,596,284
P4.3:33,ACME Pixel Line IP,pixel,-1.7053,3.6138,4.8514,601,284
P4.3:34,ACME Pixel Line IP,pixel,-1.6802,3.6138,4.8514,607,284
P4.3:35,ACME Pixel Line IP,pixel,-1.6551,3.6138,4.8514,612,284
P4.3:36,ACME Pixel Line IP,pixel,-1.6299,3.6138,4.8514,617,284
P4.3:37,ACME Pixel Line IP,pixel,-1.6048,3.6138,4.8514,623,284
P4.3:38,ACME Pixel Line IP,pixel,-1.5797,3.6138,4.8514,628,284
P4.3:39,ACME Pixel Line IP,pixel,-1.5546,3.6138,4.8514,633,284
P4.4:01,ACME Pixel Line IP,pixel,-1.4934,3.6138,4.8514,646,284
P4.4:02,ACME Pixel Line IP,pixel,-1.4683,3.6138,4.8514,651,284
P4.4:03,ACME Pixel Line IP,pixel,-1.4432,3.6138,4.8514,656,284
P4.4:04,ACME Pixel Line IP,pixel,-1.4181,3.6138,4.8514,662,284
P4.4:05,ACME Pixel Line IP,pixel,-1.3929,3.6138,4.8514,667,284
P4.4:06,ACME Pixel Line IP,pixel,-1.3678,3.6138,4.8514,672,284
P4.4:07,ACME Pixel Line IP,pixel,-1.3427,3.6138,4.8514,678,284
P4.4:08,ACME Pixel Line IP,pixel,-1.3175,3.6138,4.8514,683,284
P4.4:09,ACME Pixel Line IP,pixel,-1.2924,3.6138,4.8514,688,284
P4.4:10,ACME Pixel Line IP,pixel,-1.2673,3.6138,4.8514,693,284
P4.4:11,ACME Pixel Line IP,pixel,-1.2422,3.6138,4.8514,699,284
P4.4:12,ACME Pixel Line IP,pixel,-1.2170,3.6138,4.8514,704,284
P4.4:13,ACME Pixel Line IP,pixel,-1.1919,3.6138,4.8514,709,284
P4.4:14,ACME Pixel Line IP,pixel,-1.1668,3.6138,4.8514,715,284
P4.4:15,ACME Pixel Line IP,pixel,-1.1416,3.6138,4.8514,720,284
P4.4:16,ACME Pixel Line IP,pixel,-1.1165,3.6138,4.8514,725,284
P4.4:17,ACME Pixel Line IP,pixel,-1.0914,3.6138,4.8514,730,284
P4.4:18,ACME Pixel Line IP,pixel,-1.0663,3.6138,4.8514,736,284
P4.4:19,ACME Pixel Line IP,pixel,-1.0411,3.6138,4.8514,741,284
P4.4:20,ACME Pixel Line IP,pixel,-1.0160,3.6138,4.8514,746,284
P4.4:21,ACME Pixel Line IP,pixel,-0.9909,3.6138,4.8514,751,284
P4.4:22,ACME Pixel Line IP,pixel,-0.9657,3.6138,4.8514,757,284
P4.4:23,ACME Pixel Line IP,pixel,-0.9406,3.6138,4.8514,762,284
P4.4:24,ACME Pixel Line IP,pixel,-0.9155,3.6138,4.8514,767,284
P4.4:25,ACME Pixel Line IP,pixel,-0.8904,3.6138,4.8514,773,284
P4.4:26,ACME Pixel Line IP,pixel,-0.8652,3.6138,4.8514,778,284
P4.4:27,ACME Pixel Line IP,pixel,-0.8401,3.6138,4.8514,783,284
P4.4:28,ACME Pixel Line IP,pixel,-0.8150,3.6138,4.8514,788,284
P4.4:29,ACME Pixel Line IP,pixel,-0.7898,3.6138,4.8514,794,284
P4.4:30,ACME Pixel Line IP,pixel,-0.7647,3.6138,4.8514,799,284
P4.4:31,ACME Pixel Line IP,pixel,-0.7396,3.6138,4.8514,804,284
P4.4:32,ACME Pixel Line IP,pixel,-0.7145,3.6138,4.8514,809,284
P4.4:33,ACME Pixel Line IP,pixel,-0.6893,3.6138,4.8514,815,284
P4.4:34,ACME Pixel Line IP,pixel,-0.6642,3.6138,4.8514,820,284
P4.4:35,ACME Pixel Line IP,pixel,-0.6391,3.6138,4.8514,825,284
P4.4:36,ACME Pixel Line IP,pixel,-0.6139,3.6138,4.8514,831,284
P4.4:37,ACME Pixel Line IP,pixel,-0.5888,3.6138,4.8514,836,284
P4.4:38,ACME Pixel Line IP,pixel,-0.5637,3.6138,4.8514,841,284
P4.4:39,ACME Pixel Line IP,pixel,-0.5386,3.6138,4.8514,846,284
P4.5:01,ACME Pixel Line IP,pixel,-0.4774,3.6138,4.8514,859,284
P4.5:02,ACME Pixel Line IP,pixel,-0.4523,3.6138,4.8514,865,284
P4.5:03,ACME Pixel Line IP,pixel,-0.4272,3.6138,4.8514,870,284
P4.5:04,ACME Pixel Line IP,pixel,-0.4021,3.6138,4.8514,875,284
P4.5:05,ACME Pixel Line IP,pixel,-0.3769,3.6138,4.8514,880,284
P4.5:06,ACME Pixel Line IP,pixel,-0.3518,3.6138,4.8514,886,284
P4.5:07,ACME Pixel Line IP,pixel,-0.3267,3.6138,4.8514,891,284
P4.5:08,ACME Pixel Line IP,pixel,-0.3015,3.6138,4.8514,896,284
P4.5:09,ACME Pixel Line IP,pixel,-0.2764,3.6138,4.8514,901,284
P4.5:10,ACME Pixel Line IP,pixel,-0.2513,3.6138,4.8514,907,284
P4.5:11,ACME Pixel Line IP,pixel,-0.2262,3.6138,4.8514,912,284
P4.5:12,ACME Pixel Line IP,pixel,-0.2010,3.6138,4.8514,917,284
P4.5:13,ACME Pixel Line IP,pixel,-0.1759,3.6138,4.8514,923,284
P4.5:14,ACME Pixel Line IP,pixel,-0.1508,3.6138,4.8514,928,284
P4.5:15,ACME Pixel Line IP,pixel,-0.1256,3.6138,4.8514,933,284
P4.5:16,ACME Pixel Line IP,pixel,-0.1005,3.6138,4.8514,938,284
P4.5:17,ACME Pixel Line IP,pixel,-0.0754,3.6138,4.8514,944,284
P4.5:18,ACME Pixel Line IP,pixel,-0.0503,3.6138,4.8514,949,284
P4.5:19,ACME Pixel Line IP,pixel,-0.0251,3.6138,4.8514,954,284
P4.5:20,ACME Pixel Line IP,pixel,0.0000,3.6138,4.8514,960,284
P4.5:21,ACME Pixel Line IP,pixel,0.0251,3.6138,4.8514,965,284
P4.5:22,ACME Pixel Line IP,pixel,0.0503,3.6138,4.8514,970,284
P4.5:23,ACME Pixel Line IP,pixel,0.0754,3.6138,4.8514,975,284
P4.5:24,ACME Pixel Line IP,pixel,0.1005,3.6138,4.8514,981,284
P4.5:25,ACME Pixel Line IP,pixel,0.1256,3.6138,4.8514,986,284
P4.5:26,ACME Pixel Line IP,pixel,0.1508,3.6138,4.8514,991,284
P4.5:27,ACME Pixel Line IP,pixel,0.1759,3.6138,4.8514,996,284
P4.5:28,ACME Pixel Line IP,pixel,0.2010,3.6138,4.8514,1002,284
P4.5:29,ACME Pixel Line IP,pixel,0.2262,3.6138,4.8514,1007,284
P4.5:30,ACME Pixel Line IP,pixel,0.2513,3.6138,4.8514,1012,284
P4.5:31,ACME Pixel Line IP,pixel,0.2764,3.6138,4.8514,1018,284
P4.5:32,ACME Pixel Line IP,pixel,0.3015,3.6138,4.8514,1023,284
P4.5:33,ACME Pixel Line IP,pixel,0.3267,3.6138,4.8514,1028,284
P4.5:34,ACME Pixel Line IP,pixel,0.3518,3.6138,4.8514,1033,284
P4.5:35,ACME Pixel Line IP,pixel,0.3769,3.6138,4.8514,1039,284
P4.5:36,ACME Pixel Line IP,pixel,0.4021,3.6138,4.8514,1044,284
P4.5:37,ACME Pixel Line IP,pixel,0.4272,3.6138,4.8514,1049,284
P4.5:38,ACME Pixel Line IP,pixel,0.4523,3.6138,4.8514,1054,284
P4.5:39,ACME Pixel Line IP,pixel,0.4774,3.6138,4.8514,1060,284
P4.6:01,ACME Pixel Line IP,pixel,0.5386,3.6138,4.8514,1073,284
P4.6:02,ACME Pixel Line IP,pixel,0.5637,3.6138,4.8514,1078,284
P4.6:03,ACME Pixel Line IP,pixel,0.5888,3.6138,4.8514,1083,284
P4.6:04,ACME Pixel Line IP,pixel,0.6139,3.6138,4.8514,1088,284
P4.6:05,ACME Pixel Line IP,pixel,0.6391,3.6138,4.8514,1094,284
P4.6:06,ACME Pixel Line IP,pixel,0.6642,3.6138,4.8514,1099,284
P4.6:07,ACME Pixel Line IP,pixel,0.6893,3.6138,4.8514,1104,284
P4.6:08,ACME Pixel Line IP,pixel,0.7145,3.6138,4.8514,1110,284
P4.6:09,ACME Pixel Line IP,pixel,0.7396,3.6138,4.8514,1115,284
P4.6:10,ACME Pixel Line IP,pixel,0.7647,3.6138,4.8514,1120,284
P4.6:11,ACME Pixel Line IP,pixel,0.7898,3.6138,4.8514,1125,284
P4.6:12,ACME Pixel Line IP,pixel,0.8150,3.6138,4.8514,1131,284
P4.6:13,ACME Pixel Line IP,pixel,0.8401,3.6138,4.8514,1136,284
P4.6:14,ACME Pixel Line IP,pixel,0.8652,3.6138,4.8514,1141,284
P4.6:15,ACME Pixel Line IP,pixel,0.8904,3.6138,4.8514,1146,284
P4.6:16,ACME Pixel Line IP,pixel,0.9155,3.6138,4.8514,1152,284
P4.6:17,ACME Pixel Line IP,pixel,0.9406,3.6138,4.8514,1157,284
P4.6:18,ACME Pixel Line IP,pixel,0.9657,3.6138,4.8514,1162,284
P4.6:19,ACME Pixel Line IP,pixel,0.9909,3.6138,4.8514,1168,284
P4.6:20,ACME Pixel Line IP,pixel,1.0160,3.6138,4.8514,1173,284
P4.6:21,ACME Pixel Line IP,pixel,1.0411,3.6138,4.8514,1178,284
P4.6:22,ACME Pixel Line IP,pixel,1.0663,3.6138,4.8514,1183,284
P4.6:23,ACME Pixel Line IP,pixel,1.0914,3.6138,4.8514,1189,284
P4.6:24,ACME Pixel Line IP,pixel,1.1165,3.6138,4.8514,1194,284
P4.6:25,ACME Pixel Line IP,pixel,1.1416,3.6138,4.8514,1199,284
P4.6:26,ACME Pixel Line IP,pixel,1.1668,3.6138,4.8514,1204,284
P4.6:27,ACME Pixel Line IP,pixel,1.1919,3.6138,4.8514,1210,284
P4.6:28,ACME Pixel Line IP,pixel,1.2170,3.6138,4.8514,1215,284
P4.6:29,ACME Pixel Line IP,pixel,1.2422,3.6138,4.8514,1220,284
P4.6:30,ACME Pixel Line IP,pixel,1.2673,3.6138,4.8514,1226,284
P4.6:31,ACME Pixel Line IP,pixel,1.2924,3.6138,4.8514,1231,284
P4.6:32,ACME Pixel Line IP,pixel,1.3175,3.6138,4.8514,1236,284
P4.6:33,ACME Pixel Line IP,pixel,1.3427,3.6138,4.8514,1241,284
P4.6:34,ACME Pixel Line IP,pixel,1.3678,3.6138,4.8514,1247,284
P4.6:35,ACME Pixel Line IP,pixel,1.3929,3.6138,4.8514,1252,284
P4.6:36,ACME Pixel Line IP,pixel,1.4181,3.6138,4.8514,1257,284
P4.6:37,ACME Pixel Line IP,pixel,1.4432,3.6138,4.8514,1263,284
P4.6:38,ACME Pixel Line IP,pixel,1.4683,3.6138,4.8514,1268,284
P4.6:39,ACME Pixel Line IP,pixel,1.4934,3.6138,4.8514,1273,284
P4.7:01,ACME Pixel Line IP,pixel,1.5546,3.6138,4.8514,1286,284
P4.7:02,ACME Pixel Line IP,pixel,1.5797,3.6138,4.8514,1291,284
P4.7:03,ACME Pixel Line IP,pixel,1.6048,3.6138,4.8514,1296,284
P4.7:04,ACME Pixel Line IP,pixel,1.6299,3.6138,4.8514,1302,284
P4.7:05,ACME Pixel Line IP,pixel,1.6551,3.6138,4.8514,1307,284
P4.7:06,ACME Pixel Line IP,pixel,1.6802,3.6138,4.8514,1312,284
P4.7:07,ACME Pixel Line IP,pixel,1.7053,3.6138,4.8514,1318,284
P4.7:08,ACME Pixel Line IP,pixel,1.7305,3.6138,4.8514,1323,284
P4.7:09,ACME Pixel Line IP,pixel,1.7556,3.6138,4.8514,1328,284
P4.7:10,ACME Pixel Line IP,pixel,1.7807,3.6138,4.8514,1333,284
P4.7:11,ACME Pixel Line IP,pixel,1.8058,3.6138,4.8514,1339,284
P4.7:12,ACME Pixel Line IP,pixel,1.8310,3.6138,4.8514,1344,284
P4.7:13,ACME Pixel Line IP,pixel,1.8561,3.6138,4.8514,1349,284
P4.7:14,ACME Pixel Line IP,pixel,1.8812,3.6138,4.8514,1355,284
P4.7:15,ACME Pixel Line IP,pixel,1.9064,3.6138,4.8514,1360,284
P4.7:16,ACME Pixel Line IP,pixel,1.9315,3.6138,4.8514,1365,284
P4.7:17,ACME Pixel Line IP,pixel,1.9566,3.6138,4.8514,1370,284
P4.7:18,ACME Pixel Line IP,pixel,1.9817,3.6138,4.8514,1376,284
P4.7:19,ACME Pixel Line IP,pixel,2.0069,3.6138,4.8514,1381,284
P4.7:20,ACME Pixel Line IP,pixel,2.0320,3.6138,4.8514,1386,284
P4.7:21,ACME Pixel Line IP,pixel,2.0571,3.6138,4.8514,1391,284
P4.7:22,ACME Pixel Line IP,pixel,2.0823,3.6138,4.8514,1397,284
P4.7:23,ACME Pixel Line IP,pixel,2.1074,3.6138,4.8514,1402,284
P4.7:24,ACME Pixel Line IP,pixel,2.1325,3.6138,4.8514,1407,284
P4.7:25,ACME Pixel Line IP,pixel,2.1576,3.6138,4.8514,1413,284
P4.7:26,ACME Pixel Line IP,pixel,2.1828,3.6138,4.8514,1418,284
P4.7:27,ACME Pixel Line IP,pixel,2.2079,3.6138,4.8514,1423,284
P4.7:28,ACME Pixel Line IP,pixel,2.2330,3.6138,4.8514,1428,284
P4.7:29,ACME Pixel Line IP,pixel,2.2582,3.6138,4.8514,1434,284
P4.7:30,ACME Pixel Line IP,pixel,2.2833,3.6138,4.8514,1439,284
P4.7:31,ACME Pixel Line IP,pixel,2.3084,3.6138,4.8514,1444,284
P4.7:32,ACME Pixel Line IP,pixel,2.3335,3.6138,4.8514,1449,284
P4.7:33,ACME Pixel Line IP,pixel,2.3587,3.6138,4.8514,1455,284
P4.7:34,ACME Pixel Line IP,pixel,2.3838,3.6138,4.8514,1460,284
P4.7:35,ACME Pixel Line IP,pixel,2.4089,3.6138,4.8514,1465,284
P4.7:36,ACME Pixel Line IP,pixel,2.4341,3.6138,4.8514,1471,284
P4.7:37,ACME Pixel Line IP,pixel,2.4592,3.6138,4.8514,1476,284
P4.7:38,ACME Pixel Line IP,pixel,2.4843,3.6138,4.8514,1481,284
P4.7:39,ACME Pixel Line IP,pixel,2.5094,3.6138,4.8514,1486,284
P4.8:01,ACME Pixel Line IP,pixel,2.5706,3.6138,4.8514,1499,284
P4.8:02,ACME Pixel Line IP,pixel,2.5957,3.6138,4.8514,1505,284
P4.8:03,ACME Pixel Line IP,pixel,2.6208,3.6138,4.8514,1510,284
P4.8:04,ACME Pixel Line IP,pixel,2.6459,3.6138,4.8514,1515,284
P4.8:05,ACME Pixel Line IP,pixel,2.6711,3.6138,4.8514,1520,284
P4.8:06,ACME Pixel Line IP,pixel,2.6962,3.6138,4.8514,1526,284
P4.8:07,ACME Pixel Line IP,pixel,2.7213,3.6138,4.8514,1531,284
P4.8:08,ACME Pixel Line IP,pixel,2.7465,3.6138,4.8514,1536,284
P4.8:09,ACME Pixel Line IP,pixel,2.7716,3.6138,4.8514,1541,284
P4.8:10,ACME Pixel Line IP,pixel,2.7967,3.6138,4.8514,1547,284
P4.8:11,ACME Pixel Line IP,pixel,2.8218,3.6138,4.8514,1552,284
P4.8:12,ACME Pixel Line IP,pixel,2.8470,3.6138,4.8514,1557,284
P4.8:13,ACME Pixel Line IP,pixel,2.8721,3.6138,4.8514,1563,284
P4.8:14,ACME Pixel Line IP,pixel,2.8972,3.6138,4.8514,1568,284
P4.8:15,ACME Pixel Line IP,pixel,2.9224,3.6138,4.8514,1573,284
P4.8:16,ACME Pixel Line IP,pixel,2.9475,3.6138,4.8514,1578,284
P4.8:17,ACME Pixel Line IP,pixel,2.9726,3.6138,4.8514,1584,284
P4.8:18,ACME Pixel Line IP,pixel,2.9977,3.6138,4.8514,1589,284
P4.8:19,ACME Pixel Line IP,pixel,3.0229,3.6138,4.8514,1594,284
P4.8:20,ACME Pixel Line IP,pixel,3.0480,3.6138,4.8514,1600,284
P4.8:21,ACME Pixel Line IP,pixel,3.0731,3.6138,4.8514,1605,284
P4.8:22,ACME Pixel Line IP,pixel,3.0983,3.6138,4.8514,1610,284
P4.8:23,ACME Pixel Line IP,pixel,3.1234,3.6138,4.8514,1615,284
P4.8:24,ACME Pixel Line IP,pixel,3.1485,3.6138,4.8514,1621,284
P4.8:25,ACME Pixel Line IP,pixel,3.1736,3.6138,4.8514,1626,284
P4.8:26,ACME Pixel Line IP,pixel,3.1988,3.6138,4.8514,1631,284
P4.8:27,ACME Pixel Line IP,pixel,3.2239,3.6138,4.8514,1636,284
P4.8:28,ACME Pixel Line IP,pixel,3.2490,3.6138,4.8514,1642,284
P4.8:29,ACME Pixel Line IP,pixel,3.2742,3.6138,4.8514,1647,284
P4.8:30,ACME Pixel Line IP,pixel,3.2993,3.6138,4.8514,1652,284
P4.8:31,ACME Pixel Line IP,pixel,3.3244,3.6138,4.8514,1658,284
P4.8:32,ACME Pixel Line IP,pixel,3.3495,3.6138,4.8514,1663,284
P4.8:33,ACME Pixel Line IP,pixel,3.3747,3.6138,4.8514,1668,284
P4.8:34,ACME Pixel Line IP,pixel,3.3998,3.6138,4.8514,1673,284
P4.8:35,ACME Pixel Line IP,pixel,3.4249,3.6138,4.8514,1679,284
P4.8:36,ACME Pixel Line IP,pixel,3.4501,3.6138,4.8514,1684,284
P4.8:37,ACME Pixel Line IP,pixel,3.4752,3.6138,4.8514,1689,284
P4.8:38,ACME Pixel Line IP,pixel,3.5003,3.6138,4.8514,1694,284
P4.8:39,ACME Pixel Line IP,pixel,3.5254,3.6138,4.8514,1700,284
P4.9:01,ACME Pixel Line IP,pixel,3.5866,3.6138,4.8514,1713,284
P4.9:02,ACME Pixel Line IP,pixel,3.6117,3.6138,4.8514,1718,284
P4.9:03,ACME Pixel Line IP,pixel,3.6368,3.6138,4.8514,1723,284
P4.9:04,ACME Pixel Line IP,pixel,3.6619,3.6138,4.8514,1728,284
P4.9:05,ACME Pixel Line IP,pixel,3.6871,3.6138,4.8514,1734,284
P4.9:06,ACME Pixel Line IP,pixel,3.7122,3.6138,4.8514,1739,284
P4.9:07,ACME Pixel Line IP,pixel,3.7373,3.6138,4.8514,1744,284
P4.9:08,ACME Pixel Line IP,pixel,3.7625,3.6138,4.8514,1750,284
P4.9:09,ACME Pixel Line IP,pixel,3.7876,3.6138,4.8514,1755,284
P4.9:10,ACME Pixel Line IP,pixel,3.8127,3.6138,4.8514,1760,284
P4.9:11,ACME Pixel Line IP,pixel,3.8378,3.6138,4.8514,1765,284
P4.9:12,ACME Pixel Line IP,pixel,3.8630,3.6138,4.8514,1771,284
P4.9:13,ACME Pixel Line IP,pixel,3.8881,3.6138,4.8514,1776,284
P4.9:14,ACME Pixel Line IP,pixel,3.9132,3.6138,4.8514,1781,284
P4.9:15,ACME Pixel Line IP,pixel,3.9384,3.6138,4.8514,1786,284
P4.9:16,ACME Pixel Line IP,pixel,3.9635,3.6138,4.8514,1792,284
P4.9:17,ACME Pixel Line IP,pixel,3.9886,3.6138,4.8514,1797,284
P4.9:18,ACME Pixel Line IP,pixel,4.0137,3.6138,4.8514,1802,284
P4.9:19,ACME Pixel Line IP,pixel,4.0389,3.6138,4.8514,1808,284
P4.9:20,ACME Pixel Line IP,pixel,4.0640,3.6138,4.8514,1813,284
P4.9:21,ACME Pixel Line IP,pixel,4.0891,3.6138,4.8514,1818,284
P4.9:22,ACME Pixel Line IP,pixel,4.1143,3.6138,4.8514,1823,284
P4.9:23,ACME Pixel Line IP,pixel,4.1394,3.6138,4.8514,1829,284
P4.9:24,ACME Pixel Line IP,pixel,4.1645,3.6138,4.8514,1834,284
P4.9:25,ACME Pixel Line IP,pixel,4.1896,3.6138,4.8514,1839,284
P4.9:26,ACME Pixel Line IP,pixel,4.2148,3.6138,4.8514,1844,284
P4.9:27,ACME Pixel Line IP,pixel,4.2399,3.6138,4.8514,1850,284
P4.9:28,ACME Pixel Line IP,pixel,4.2650,3.6138,4.8514,1855,284
P4.9:29,ACME Pixel Line IP,pixel,4.2902,3.6138,4.8514,1860,284
P4.9:30,ACME Pixel Line IP,pixel,4.3153,3.6138,4.8514,1866,284
P4.9:31,ACME Pixel Line IP,pixel,4.3404,3.6138,4.8514,1871,284
P4.9:32,ACME Pixel Line IP,pixel,4.3655,3.6138,4.8514,1876,284
P4.9:33,ACME Pixel Line IP,pixel,4.3907,3.6138,4.8514,1881,284
P4.9:34,ACME Pixel Line IP,pixel,4.4158,3.6138,4.8514,1887,284
P4.9:35,ACME Pixel Line IP,pixel,4.4409,3.6138,4.8514,1892,284
P4.9:36,ACME Pixel Line IP,pixel,4.4661,3.6138,4.8514,1897,284
P4.9:37,ACME Pixel Line IP,pixel,4.4912,3.6138,4.8514,1903,284
P4.9:38,ACME Pixel Line IP,pixel,4.5163,3.6138,4.8514,1908,284
P4.9:39,ACME Pixel Line IP,pixel,4.5414,3.6138,4.8514,1913,284
P5.1:01,ACME Pixel Line IP,pixel,-4.5414,-0.0568,3.6576,6,395
P5.1:02,ACME Pixel Line IP,pixel,-4.5163,-0.0568,3.6576,11,395
P5.1:03,ACME Pixel Line IP,pixel,-4.4912,-0.0568,3.6576,16,395
P5.1:04,ACME Pixel Line IP,pixel,-4.4661,-0.0568,3.6576,22,395
P5.1:05,ACME Pixel Line IP,pixel,-4.4409,-0.0568,3.6576,27,395
P5.1:06,ACME Pixel Line IP,pixel,-4.4158,-0.0568,3.6576,32,395
P5.1:07,ACME Pixel Line IP,pixel,-4.3907,-0.0568,3.6576,38,395
P5.1:08,ACME Pixel Line IP,pixel,-4.3655,-0.0568,3.6576,43,395
P5.1:09,ACME Pixel Line IP,pixel,-4.3404,-0.0568,3.6576,48,395
P5.1:10,ACME Pixel Line IP,pixel,-4.3153,-0.0568,3.6576,53,395
P5.1:11,ACME Pixel Line IP,pixel,-4.2902,-0.0568,3.6576,59,395
P5.1:12,ACME Pixel Line IP,pixel,-4.2650,-0.0568,3.6576,64,395
P5.1:13,ACME Pixel Line IP,pixel,-4.2399,-0.0568,3.6576,69,395
P5.1:14,ACME Pixel Line IP,pixel,-4.2148,-0.0568,3.6576,75,395
P5.1:15,ACME Pixel Line IP,pixel,-4.1896,-0.0568,3.6576,80,395
P5.1:16,ACME Pixel Line IP,pixel,-4.1645,-0.0568,3.6576,85,395
P5.1:17,ACME Pixel Line IP,pixel,-4.1394,-0.0568,3.6576,90,395
P5.1:18,ACME Pixel Line IP,pixel,-4.1143,-0.0568,3.6576,96,395
P5.1:19,ACME Pixel Line IP,pixel,-4.0891,-0.0568,3.6576,101,395
P5.1:20,ACME Pixel Line IP,pixel,-4.0640,-0.0568,3.6576,106,395
P5.1:21,ACME Pixel Line IP,pixel,-4.0389,-0.0568,3.6576,111,395
P5.1:22,ACME Pixel Line IP,pixel,-4.0137,-0.0568,3.6576,117,395
P5.1:23,ACME Pixel Line IP,pixel,-3.9886,-0.0568,3.6576,122,395
P5.1:24,ACME Pixel Line IP,pixel,-3.9635,-0.0568,3.6576,127,395
P5.1:25,ACME Pixel Line IP,pixel,-3.9384,-0.0568,3.6576,133,395
P5.1:26,ACME Pixel Line IP,pixel,-3.9132,-0.0568,3.6576,138,395
P5.1:27,ACME Pixel Line IP,pixel,-3.8881,-0.0568,3.6576,143,395
P5.1:28,ACME Pixel Line IP,pixel,-3.8630,-0.0568,3.6576,148,395
P5.1:29,ACME Pixel Line IP,pixel,-3.8378,-0.0568,3.6576,154,395
P5.1:30,ACME Pixel Line IP,pixel,-3.8127,-0.0568,3.6576,159,395
P5.1:31,ACME Pixel Line IP,pixel,-3.7876,-0.0568,3.6576,164,395
P5.1:32,ACME Pixel Line IP,pixel,-3.7625,-0.0568,3.6576,169,395
P5.1:33,ACME Pixel Line IP,pixel,-3.7373,-0.0568,3.6576,175,395
P5.1:34,ACME Pixel Line IP,pixel,-3.7122,-0.0568,3.6576,180,395
P5.1:35,ACME Pixel Line IP,pixel,-3.6871,-0.0568,3.6576,185,395
P5.1:36,ACME Pixel Line IP,pixel,-3.6619,-0.0568,3.6576,191,395
P5.1:37,ACME Pixel Line IP,pixel,-3.6368,-0.0568,3.6576,196,395
P5.1:38,ACME Pixel Line IP,pixel,-3.6117,-0.0568,3.6576,201,395
P5.1:39,ACME Pixel Line IP,pixel,-3.5866,-0.0568,3.6576,206,395
P5.2:01,ACME Pixel Line IP,pixel,-3.5254,-0.0568,3.6576,219,395
P5.2:02,ACME Pixel Line IP,pixel,-3.5003,-0.0568,3.6576,225,395
P5.2:03,ACME Pixel Line IP,pixel,-3.4752,-0.0568,3.6576,230,395
P5.2:04,ACME Pixel Line IP,pixel,-3.4501,-0.0568,3.6576,235,395
P5.2:05,ACME Pixel Line IP,pixel,-3.4249,-0.0568,3.6576,240,395
P5.2:06,ACME Pixel Line IP,pixel,-3.3998,-0.0568,3.6576,246,395
P5.2:07,ACME Pixel Line IP,pixel,-3.3747,-0.0568,3.6576,251,395
P5.2:08,ACME Pixel Line IP,pixel,-3.3495,-0.0568,3.6576,256,395
P5.2:09,ACME Pixel Line IP,pixel,-3.3244,-0.0568,3.6576,261,395
P5.2:10,ACME Pixel Line IP,pixel,-3.2993,-0.0568,3.6576,267,395
P5.2:11,ACME Pixel Line IP,pixel,-3.2742,-0.0568,3.6576,272,395
P5.2:12,ACME Pixel Line IP,pixel,-3.2490,-0.0568,3.6576,277,395
P5.2:13,ACME Pixel Line IP,pixel,-3.2239,-0.0568,3.6576,283,395
P5.2:14,ACME Pixel Line IP,pixel,-3.1988,-0.0568,3.6576,288,395
P5.2:15,ACME Pixel Line IP,pixel,-3.1736,-0.0568,3.6576,293,395
P5.2:16,ACME Pixel Line IP,pixel,-3.1485,-0.0568,3.6576,298,395
P5.2:17,ACME Pixel Line IP,pixel,-3.1234,-0.0568,3.6576,304,395
P5.2:18,ACME Pixel Line IP,pixel,-3.0983,-0.0568,3.6576,309,395
P5.2:19,ACME Pixel Line IP,pixel,-3.0731,-0.0568,3.6576,314,395
P5.2:20,ACME Pixel Line IP,pixel,-3.0480,-0.0568,3.6576,320,395
P5.2:21,ACME Pixel Line IP,pixel,-3.0229,-0.0568,3.6576,325,395
P5.2:22,ACME Pixel Line IP,pixel,-2.9977,-0.0568,3.6576,330,395
P5.2:23,ACME Pixel Line IP,pixel,-2.9726,-0.0568,3.6576,335,395
P5.2:24,ACME Pixel Line IP,pixel,-2.9475,-0.0568,3.6576,341,395
P5.2:25,ACME Pixel Line IP,pixel,-2.9224,-0.0568,3.6576,346,395
P5.2:26,ACME Pixel Line IP,pixel,-2.8972,-0.0568,3.6576,351,395
P5.2:27,ACME Pixel Line IP,pixel,-2.8721,-0.0568,3.6576,356,395
P5.2:28,ACME Pixel Line IP,pixel,-2.8470,-0.0568,3.6576,362,395
P5.2:29,ACME Pixel Line IP,pixel,-2.8218,-0.0568,3.6576,367,395
P5.2:30,ACME Pixel Line IP,pixel,-2.7967,-0.0568,3.6576,372,395
P5.2:31,ACME Pixel Line IP,pixel,-2.7716,-0.0568,3.6576,378,395
P5.2:32,ACME Pixel Line IP,pixel,-2.7465,-0.0568,3.6576,383,395
P5.2:33,ACME Pixel Line IP,pixel,-2.7213,-0.0568,3.6576,388,395
P5.2:34,ACME Pixel Line IP,pixel,-2.6962,-0.0568,3.6576,393,395
P5.2:35,ACME Pixel Line IP,pixel,-2.6711,-0.0568,3.6576,399,395
P5.2:36,ACME Pixel Line IP,pixel,-2.6459,-0.0568,3.6576,404,395
P5.2:37,ACME Pixel Line IP,pixel,-2.6208,-0.0568,3.6576,409,395
P5.2:38,ACME Pixel Line IP,pixel,-2.5957,-0.0568,3.6576,414,395
P5.2:39,ACME Pixel Line IP,pixel,-2.5706,-0.0568,3.6576,420,395
P5.3:01,ACME Pixel Line IP,pixel,-2.5094,-0.0568,3.6576,433,395
P5.3:02,ACME Pixel Line IP,pixel,-2.4843,-0.0568,3.6576,438,395
P5.3:03,ACME Pixel Line IP,pixel,-2.4592,-0.0568,3.6576,443,395
P5.3:04,ACME Pixel Line IP,pixel,-2.4341,-0.0568,3.6576,448,395
P5.3:05,ACME Pixel Line IP,pixel,-2.4089,-0.0568,3.6576,454,395
P5.3:06,ACME Pixel Line IP,pixel,-2.3838,-0.0568,3.6576,459,395
P5.3:07,ACME Pixel Line IP,pixel,-2.3587,-0.0568,3.6576,464,395
P5.3:08,ACME Pixel Line IP,pixel,-2.3335,-0.0568,3.6576,470,395
P5.3:09,ACME Pixel Line IP,pixel,-2.3084,-0.0568,3.6576,475,395
P5.3:10,ACME Pixel Line IP,pixel,-2.2833,-0.0568,3.6576,480,395
P5.3:11,ACME Pixel Line IP,pixel,-2.2582,-0.0568,3.6576,485,395
P5.3:12,ACME Pixel Line IP,pixel,-2.2330,-0.0568,3.6576,491,395
P5.3:13,ACME Pixel Line IP,pixel,-2.2079,-0.0568,3.6576,496,395
P5.3:14,ACME Pixel Line IP,pixel,-2.1828,-0.0568,3.6576,501,395
P5.3:15,ACME Pixel Line IP,pixel,-2.1576,-0.0568,3.6576,506,395
P5.3:16,ACME Pixel Line IP,pixel,-2.1325,-0.0568,3.6576,512,395
P5.3:17,ACME Pixel Line IP,pixel,-2.1074,-0.0568,3.6576,517,395
P5.3:18,ACME Pixel Line IP,pixel,-2.0823,-0.0568,3.6576,522,395
P5.3:19,ACME Pixel Line IP,pixel,-2.0571,-0.0568,3.6576,528,395
P5.3:20,ACME Pixel Line IP,pixel,-2.0320,-0.0568,3.6576,533,395
P5.3:21,ACME Pixel Line IP,pixel,-2.0069,-0.0568,3.6576,538,395
P5.3:22,ACME Pixel Line IP,pixel,-1.9817,-0.0568,3.6576,543,395
P5.3:23,ACME Pixel Line IP,pixel,-1.9566,-0.0568,3.6576,549,395
P5.3:24,ACME Pixel Line IP,pixel,-1.9315,-0.0568,3.6576,554,395
P5.3:25,ACME Pixel Line IP,pixel,-1.9064,-0.0568,3.6576,559,395
P5.3:26,ACME Pixel Line IP,pixel,-1.8812,-0.0568,3.6576,564,395
P5.3:27,ACME Pixel Line IP,pixel,-1.8561,-0.0568,3.6576,570,395
P5.3:28,ACME Pixel Line IP,pixel,-1.8310,-0.0568,3.6576,575,395
P5.3:29,ACME Pixel Line IP,pixel,-1.8058,-0.0568,3.6576,580,395
P5.3:30,ACME Pixel Line IP,pixel,-1.7807,-0.0568,3.6576,586,395
P5.3:31,ACME Pixel Line IP,pixel,-1.7556,-0.0568,3.6576,591,395
P5.3:32,ACME Pixel Line IP,pixel,-1.7305,-0.0568,3.6576,596,395
P5.3:33,ACME Pixel Line IP,pixel,-1.7053,-0.0568,3.6576,601,395
P5.3:34,ACME Pixel Line IP,pixel,-1.6802,-0.0568,3.6576,607,395
P5.3:35,ACME Pixel Line IP,pixel,-1.6551,-0.0568,3.6576,612,395
P5.3:36,ACME Pixel Line IP,pixel,-1.6299,-0.0568,3.6576,617,395
P5.3:37,ACME Pixel Line IP,pixel,-1.6048,-0.0568,3.6576,623,395
P5.3:38,ACME Pixel Line IP,pixel,-1.5797,-0.0568,3.6576,628,395
P5.3:39,ACME Pixel Line IP,pixel,-1.5546,-0.0568,3.6576,633,395
P5.4:01,ACME Pixel Line IP,pixel,-1.4934,-0.0568,3.6576,646,395
P5.4:02,ACME Pixel Line IP,pixel,-1.4683,-0.0568,3.6576,651,395
P5.4:03,ACME Pixel Line IP,pixel,-1.4432,-0.0568,3.6576,656,395
P5.4:04,ACME Pixel Line IP,pixel,-1.4181,-0.0568,3.6576,662,395
P5.4:05,ACME Pixel Line IP,pixel,-1.3929,-0.0568,3.6576,667,395
P5.4:06,ACME Pixel Line IP,pixel,-1.3678,-0.0568,3.6576,672,395
P5.4:07,ACME Pixel Line IP,pixel,-1.3427,-0.0568,3.6576,678,395
P5.4:08,ACME Pixel Line IP,pixel,-1.3175,-0.0568,3.6576,683,395
P5.4:09,ACME Pixel Line IP,pixel,-1.2924,-0.0568,3.6576,688,395
P5.4:10,ACME Pixel Line IP,pixel,-1.2673,-0.0568,3.6576,693,395
P5.4:11,ACME Pixel Line IP,pixel,-1.2422,-0.0568,3.6576,699,395
P5.4:12,ACME Pixel Line IP,pixel,-1.2170,-0.0568,3.6576,704,395
P5.4:13,ACME Pixel Line IP,pixel,-1.1919,-0.0568,3.6576,709,395
P5.4:14,ACME Pixel Line IP,pixel,-1.1668,-0.0568,3.6576,715,395
P5.4:15,ACME Pixel Line IP,pixel,-1.1416,-0.0568,3.6576,720,395
P5.4:16,ACME Pixel Line IP,pixel,-1.1165,-0.0568,3.6576,725,395
P5.4:17,ACME Pixel Line IP,pixel,-1.0914,-0.0568,3.6576,730,395
P5.4:18,ACME Pixel Line IP,pixel,-1.0663,-0.0568,3.6576,736,395
P5.4:19,ACME Pixel Line IP,pixel,-1.0411,-0.0568,3.6576,741,395
P5.4:20,ACME Pixel Line IP,pixel,-1.0160,-0.0568,3.6576,746,395
P5.4:21,ACME Pixel Line IP,pixel,-0.9909,-0.0568,3.6576,751,395
P5.4:22,ACME Pixel Line IP,pixel,-0.9657,-0.0568,3.6576,757,395
P5.4:23,ACME Pixel Line IP,pixel,-0.9406,-0.0568,3.6576,762,395
P5.4:24,ACME Pixel Line IP,pixel,-0.9155,-0.0568,3.6576,767,395
P5.4:25,ACME Pixel Line IP,pixel,-0.8904,-0.0568,3.6576,773,395
P5.4:26,ACME Pixel Line IP,pixel,-0.8652,-0.0568,3.6576,778,395
P5.4:27,ACME Pixel Line IP,pixel,-0.8401,-0.0568,3.6576,783,395
P5.4:28,ACME Pixel Line IP,pixel,-0.8150,-0.0568,3.6576,788,395
P5.4:29,ACME Pixel Line IP,pixel,-0.7898,-0.0568,3.6576,794,395
P5.4:30,ACME Pixel Line IP,pixel,-0.7647,-0.0568,3.6576,799,395
P5.4:31,ACME Pixel Line IP,pixel,-0.7396,-0.0568,3.6576,804,395
P5.4:32,ACME Pixel Line IP,pixel,-0.7145,-0.0568,3.6576,809,395
P5.4:33,ACME Pixel Line IP,pixel,-0.6893,-0.0568,3.6576,815,395
P5.4:34,ACME Pixel Line IP,pixel,-0.6642,-0.0568,3.6576,820,395
P5.4:35,ACME Pixel Line IP,pixel,-0.6391,-0.0568,3.6576,825,395
P5.4:36,ACME Pixel Line IP,pixel,-0.6139,-0.0568,3.6576,831,395
P5.4:37,ACME Pixel Line IP,pixel,-0.5888,-0.0568,3.6576,836,395
P5.4:38,ACME Pixel Line IP,pixel,-0.5637,-0.0568,3.6576,841,395
P5.4:39,ACME Pixel Line IP,pixel,-0.5386,-0.0568,3.6576,846,395
P5.5:01,ACME Pixel Line IP,pixel,-0.4774,-0.0568,3.6576,859,395
P5.5:02,ACME Pixel Line IP,pixel,-0.4523,-0.0568,3.6576,865,395
P5.5:03,ACME Pixel Line IP,pixel,-0.4272,-0.0568,3.6576,870,395
P5.5:04,ACME Pixel Line IP,pixel,-0.4021,-0.0568,3.6576,875,395
P5.5:05,ACME Pixel Line IP,pixel,-0.3769,-0.0568,3.6576,880,395
P5.5:06,ACME Pixel Line IP,pixel,-0.3518,-0.0568,3.6576,886,395
P5.5:07,ACME Pixel Line IP,pixel,-0.3267,-0.0568,3.6576,891,395
P5.5:08,ACME Pixel Line IP,pixel,-0.3015,-0.0568,3.6576,896,395
P5.5:09,ACME Pixel Line IP,pixel,-0.2764,-0.0568,3.6576,901,395
P5.5:10,ACME Pixel Line IP,pixel,-0.2513,-0.0568,3.6576,907,395
P5.5:11,ACME Pixel Line IP,pixel,-0.2262,-0.0568,3.6576,912,395
P5.5:12,ACME Pixel Line IP,pixel,-0.2010,-0.0568,3.6576,917,395
P5.5:13,ACME Pixel Line IP,pixel,-0.1759,-0.0568,3.6576,923,395
P5.5:14,ACME Pixel Line IP,pixel,-0.1508,-0.0568,3.6576,928,395
P5.5:15,ACME Pixel Line IP,pixel,-0.1256,-0.0568,3.6576,933,395
P5.5:16,ACME Pixel Line IP,pixel,-0.1005,-0.0568,3.6576,938,395
P5.5:17,ACME Pixel Line IP,pixel,-0.0754,-0.0568,3.6576,944,395
P5.5:18,ACME Pixel Line IP,pixel,-0.0503,-0.0568,3.6576,949,395
P5.5:19,ACME Pixel Line IP,pixel,-0.0251,-0.0568,3.6576,954,395
P5.5:20,ACME Pixel Line IP,pixel,0.0000,-0.0568,3.6576,960,395
P5.5:21,ACME Pixel Line IP,pixel,0.0251,-0.0568,3.6576,965,395
P5.5:22,ACME Pixel Line IP,pixel,0.0503,-0.0568,3.6576,970,395
P5.5:23,ACME Pixel Line IP,pixel,0.0754,-0.0568,3.6576,975,395
P5.5:24,ACME Pixel Line IP,pixel,0.1005,-0.0568,3.6576,981,395
P5.5:25,ACME Pixel Line IP,pixel,0.1256,-0.0568,3.6576,986,395
P5.5:26,ACME Pixel Line IP,pixel,0.1508,-0.0568,3.6576,991,395
P5.5:27,ACME Pixel Line IP,pixel,0.1759,-0.0568,3.6576,996,395
P5.5:28,ACME Pixel Line IP,pixel,0.2010,-0.0568,3.6576,1002,395
P5.5:29,ACME Pixel Line IP,pixel,0.2262,-0.0568,3.6576,1007,395
P5.5:30,ACME Pixel Line IP,pixel,0.2513,-0.0568,3.6576,1012,395
P5.5:31,ACME Pixel Line IP,pixel,0.2764,-0.0568,3.6576,1018,395
P5.5:32,ACME Pixel Line IP,pixel,0.3015,-0.0568,3.6576,1023,395
P5.5:33,ACME Pixel Line IP,pixel,0.3267,-0.0568,3.6576,1028,395
P5.5:34,ACME Pixel Line IP,pixel,0.3518,-0.0568,3.6576,1033,395
P5.5:35,ACME Pixel Line IP,pixel,0.3769,-0.0568,3.6576,1039,395
P5.5:36,ACME Pixel Line IP,pixel,0.4021,-0.0568,3.6576,1044,395
P5.5:37,ACME Pixel Line IP,pixel,0.4272,-0.0568,3.6576,1049,395
P5.5:38,ACME Pixel Line IP,pixel,0.4523,-0.0568,3.6576,1054,395
P5.5:39,ACME Pixel Line IP,pixel,0.4774,-0.0568,3.6576,1060,395
P5.6:01,ACME Pixel Line IP,pixel,0.5386,-0.0568,3.6576,1073,395
P5.6:02,ACME Pixel Line IP,pixel,0.5637,-0.0568,3.6576,1078,395
P5.6:03,ACME Pixel Line IP,pixel,0.5888,-0.0568,3.6576,1083,395
P5.6:04,ACME Pixel Line IP,pixel,0.6139,-0.0568,3.6576,1088,395
P5.6:05,ACME Pixel Line IP,pixel,0.6391,-0.0568,3.6576,1094,395
P5.6:06,ACME Pixel Line IP,pixel,0.6642,-0.0568,3.6576,1099,395
P5.6:07,ACME Pixel Line IP,pixel,0.6893,-0.0568,3.6576,1104,395
P5.6:08,ACME Pixel Line IP,pixel,0.7145,-0.0568,3.6576,1110,395
P5.6:09,ACME Pixel Line IP,pixel,0.7396,-0.0568,3.6576,1115,395
P5.6:10,ACME Pixel Line IP,pixel,0.7647,-0.0568,3.6576,1120,395
P5.6:11,ACME Pixel Line IP,pixel,0.7898,-0.0568,3.6576,1125,395
P5.6:12,ACME Pixel Line IP,pixel,0.8150,-0.0568,3.6576,1131,395
P5.6:13,ACME Pixel Line IP,pixel,0.8401,-0.0568,3.6576,1136,395
P5.6:14,ACME Pixel Line IP,pixel,0.8652,-0.0568,3.6576,1141,395
P5.6:15,ACME Pixel Line IP,pixel,0.8904,-0.0568,3.6576,1146,395
P5.6:16,ACME Pixel Line IP,pixel,0.9155,-0.0568,3.6576,1152,395
P5.6:17,ACME Pixel Line IP,pixel,0.9406,-0.0568,3.6576,1157,395
P5.6:18,ACME Pixel Line IP,pixel,0.9657,-0.0568,3.6576,1162,395
P5.6:19,ACME Pixel Line IP,pixel,0.9909,-0.0568,3.6576,1168,395
P5.6:20,ACME Pixel Line IP,pixel,1.0160,-0.0568,3.6576,1173,395
P5.6:21,ACME Pixel Line IP,pixel,1.0411,-0.0568,3.6576,1178,395
P5.6:22,ACME Pixel Line IP,pixel,1.0663,-0.0568,3.6576,1183,395
P5.6:23,ACME Pixel Line IP,pixel,1.0914,-0.0568,3.6576,1189,395
P5.6:24,ACME Pixel Line IP,pixel,1.1165,-0.0568,3.6576,1194,395
P5.6:25,ACME Pixel Line IP,pixel,1.1416,-0.0568,3.6576,1199,395
P5.6:26,ACME Pixel Line IP,pixel,1.1668,-0.0568,3.6576,1204,395
P5.6:27,ACME Pixel Line IP,pixel,1.1919,-0.0568,3.6576,1210,395
P5.6:28,ACME Pixel Line IP,pixel,1.2170,-0.0568,3.6576,1215,395
P5.6:29,ACME Pixel Line IP,pixel,1.2422,-0.0568,3.6576,1220,395
P5.6:30,ACME Pixel Line IP,pixel,1.2673,-0.0568,3.6576,1226,395
P5.6:31,ACME Pixel Line IP,pixel,1.2924,-0.0568,3.6576,1231,395
P5.6:32,ACME Pixel Line IP,pixel,1.3175,-0.0568,3.6576,1236,395
P5.6:33,ACME Pixel Line IP,pixel,1.3427,-0.0568,3.6576,1241,395
P5.6:34,ACME Pixel Line IP,pixel,1.3678,-0.0568,3.6576,1247,395
P5.6:35,ACME Pixel Line IP,pixel,1.3929,-0.0568,3.6576,1252,395
P5.6:36,ACME Pixel Line IP,pixel,1.4181,-0.0568,3.6576,1257,395
P5.6:37,ACME Pixel Line IP,pixel,1.4432,-0.0568,3.6576,1263,395
P5.6:38,ACME Pixel Line IP,pixel,1.4683,-0.0568,3.6576,1268,395
P5.6:39,ACME Pixel Line IP,pixel,1.4934,-0.0568,3.6576,1273,395
P5.7:01,ACME Pixel Line IP,pixel,1.5546,-0.0568,3.6576,1286,395
P5.7:02,ACME Pixel Line IP,pixel,1.5797,-0.0568,3.6576,1291,395
P5.7:03,ACME Pixel Line IP,pixel,1.6048,-0.0568,3.6576,1296,395
P5.7:04,ACME Pixel Line IP,pixel,1.6299,-0.0568,3.6576,1302,395
P5.7:05,ACME Pixel Line IP,pixel,1.6551,-0.0568,3.6576,1307,395
P5.7:06,ACME Pixel Line IP,pixel,1.6802,-0.0568,3.6576,1312,395
P5.7:07,ACME Pixel Line IP,pixel,1.7053,-0.0568,3.6576,1318,395
P5.7:08,ACME Pixel Line IP,pixel,1.7305,-0.0568,3.6576,1323,395
P5.7:09,ACME Pixel Line IP,pixel,1.7556,-0.0568,3.6576,1328,395
P5.7:10,ACME Pixel Line IP,pixel,1.7807,-0.0568,3.6576,1333,395
P5.7:11,ACME Pixel Line IP,pixel,1.8058,-0.0568,3.6576,1339,395
P5.7:12,ACME Pixel Line IP,pixel,1.8310,-0.0568,3.6576,1344,395
P5.7:13,ACME Pixel Line IP,pixel,1.8561,-0.0568,3.6576,1349,395
P5.7:14,ACME Pixel Line IP,pixel,1.8812,-0.0568,3.6576,1355,395
P5.7:15,ACME Pixel Line IP,pixel,1.9064,-0.0568,3.6576,1360,395
P5.7:16,ACME Pixel Line IP,pixel,1.9315,-0.0568,3.6576,1365,395
P5.7:17,ACME Pixel Line IP,pixel,1.9566,-0.0568,3.6576,1370,395
P5.7:18,ACME Pixel Line IP,pixel,1.9817,-0.0568,3.6576,1376,395
P5.7:19,ACME Pixel Line IP,pixel,2.0069,-0.0568,3.6576,1381,395
P5.7:20,ACME Pixel Line IP,pixel,2.0320,-0.0568,3.6576,1386,395
P5.7:21,ACME Pixel Line IP,pixel,2.0571,-0.0568,3.6576,1391,395
P5.7:22,ACME Pixel Line IP,pixel,2.0823,-0.0568,3.6576,1397,395
P5.7:23,ACME Pixel Line IP,pixel,2.1074,-0.0568,3.6576,1402,395
P5.7:24,ACME Pixel Line IP,pixel,2.1325,-0.0568,3.6576,1407,395
P5.7:25,ACME Pixel Line IP,pixel,2.1576,-0.0568,3.6576,1413,395
P5.7:26,ACME Pixel Line IP,pixel,2.1828,-0.0568,3.6576,1418,395
P5.7:27,ACME Pixel Line IP,pixel,2.2079,-0.0568,3.6576,1423,395
P5.7:28,ACME Pixel Line IP,pixel,2.2330,-0.0568,3.6576,1428,395
P5.7:29,ACME Pixel Line IP,pixel,2.2582,-0.0568,3.6576,1434,395
P5.7:30,ACME Pixel Line IP,pixel,2.2833,-0.0568,3.6576,1439,395
P5.7:31,ACME Pixel Line IP,pixel,2.3084,-0.0568,3.6576,1444,395
P5.7:32,ACME Pixel Line IP,pixel,2.3335,-0.0568,3.6576,1449,395
P5.7:33,ACME Pixel Line IP,pixel,2.3587,-0.0568,3.6576,1455,395
P5.7:34,ACME Pixel Line IP,pixel,2.3838,-0.0568,3.6576,1460,395
P5.7:35,ACME Pixel Line IP,pixel,2.4089,-0.0568,3.6576,1465,395
P5.7:36,ACME Pixel Line IP,pixel,2.4341,-0.0568,3.6576,1471,395
P5.7:37,ACME Pixel Line IP,pixel,2.4592,-0.0568,3.6576,1476,395
P5.7:38,ACME Pixel Line IP,pixel,2.4843,-0.0568,3.6576,1481,395
P5.7:39,ACME Pixel Line IP,pixel,2.5094,-0.0568,3.6576,1486,395
P5.8:01,ACME Pixel Line IP,pixel,2.5706,-0.0568,3.6576,1499,395
P5.8:02,ACME Pixel Line IP,pixel,2.5957,-0.0568,3.6576,1505,395
P5.8:03,ACME Pixel Line IP,pixel,2.6208,-0.0568,3.6576,1510,395
P5.8:04,ACME Pixel Line IP,pixel,2.6459,-0.0568,3.6576,1515,395
P5.8:05,ACME Pixel Line IP,pixel,2.6711,-0.0568,3.6576,1520,395
P5.8:06,ACME Pixel Line IP,pixel,2.6962,-0.0568,3.6576,1526,395
P5.8:07,ACME Pixel Line IP,pixel,2.7213,-0.0568,3.6576,1531,395
P5.8:08,ACME Pixel Line IP,pixel,2.7465,-0.0568,3.6576,1536,395
P5.8:09,ACME Pixel Line IP,pixel,2.7716,-0.0568,3.6576,1541,395
P5.8:10,ACME Pixel Line IP,pixel,2.7967,-0.0568,3.6576,1547,395
P5.8:11,ACME Pixel Line IP,pixel,2.8218,-0.0568,3.6576,1552,395
P5.8:12,ACME Pixel Line IP,pixel,2.8470,-0.0568,3.6576,1557,395
P5.8:13,ACME Pixel Line IP,pixel,2.8721,-0.0568,3.6576,1563,395
P5.8:14,ACME Pixel Line IP,pixel,2.8972,-0.0568,3.6576,1568,395
P5.8:15,ACME Pixel Line IP,pixel,2.9224,-0.0568,3.6576,1573,395
P5.8:16,ACME Pixel Line IP,pixel,2.9475,-0.0568,3.6576,1578,395
P5.8:17,ACME Pixel Line IP,pixel,2.9726,-0.0568,3.6576,1584,395
P5.8:18,ACME Pixel Line IP,pixel,2.9977,-0.0568,3.6576,1589,395
P5.8:19,ACME Pixel Line IP,pixel,3.0229,-0.0568,3.6576,1594,395
P5.8:20,ACME Pixel Line IP,pixel,3.0480,-0.0568,3.6576,1600,395
P5.8:21,ACME Pixel Line IP,pixel,3.0731,-0.0568,3.6576,1605,395
P5.8:22,ACME Pixel Line IP,pixel,3.0983,-0.0568,3.6576,1610,395
P5.8:23,ACME Pixel Line IP,pixel,3.1234,-0.0568,3.6576,1615,395
P5.8:24,ACME Pixel Line IP,pixel,3.1485,-0.0568,3.6576,1621,395
P5.8:25,ACME Pixel Line IP,pixel,3.1736,-0.0568,3.6576,1626,395
P5.8:26,ACME Pixel Line IP,pixel,3.1988,-0.0568,3.6576,1631,395
P5.8:27,ACME Pixel Line IP,pixel,3.2239,-0.0568,3.6576,1636,395
P5.8:28,ACME Pixel Line IP,pixel,3.2490,-0.0568,3.6576,1642,395
P5.8:29,ACME Pixel Line IP,pixel,3.2742,-0.0568,3.6576,1647,395
P5.8:30,ACME Pixel Line IP,pixel,3.2993,-0.0568,3.6576,1652,395
P5.8:31,ACME Pixel Line IP,pixel,3.3244,-0.0568,3.6576,1658,395
P5.8:32,ACME Pixel Line IP,pixel,3.3495,-0.0568,3.6576,1663,395
P5.8:33,ACME Pixel Line IP,pixel,3.3747,-0.0568,3.6576,1668,395
P5.8:34,ACME Pixel Line IP,pixel,3.3998,-0.0568,3.6576,1673,395
P5.8:35,ACME Pixel Line IP,pixel,3.4249,-0.0568,3.6576,1679,395
P5.8:36,ACME Pixel Line IP,pixel,3.4501,-0.0568,3.6576,1684,395
P5.8:37,ACME Pixel Line IP,pixel,3.4752,-0.0568,3.6576,1689,395
P5.8:38,ACME Pixel Line IP,pixel,3.5003,-0.0568,3.6576,1694,395
P5.8:39,ACME Pixel Line IP,pixel,3.5254,-0.0568,3.6576,1700,395
P5.9:01,ACME Pixel Line IP,pixel,3.5866,-0.0568,3.6576,1713,395
P5.9:02,ACME Pixel Line IP,pixel,3.6117,-0.0568,3.6576,1718,395
P5.9:03,ACME Pixel Line IP,pixel,3.6368,-0.0568,3.6576,1723,395
P5.9:04,ACME Pixel Line IP,pixel,3.6619,-0.0568,3.6576,1728,395
P5.9:05,ACME Pixel Line IP,pixel,3.6871,-0.0568,3.6576,1734,395
P5.9:06,ACME Pixel Line IP,pixel,3.7122,-0.0568,3.6576,1739,395
P5.9:07,ACME Pixel Line IP,pixel,3.7373,-0.0568,3.6576,1744,395
P5.9:08,ACME Pixel Line IP,pixel,3.7625,-0.0568,3.6576,1750,395
P5.9:09,ACME Pixel Line IP,pixel,3.7876,-0.0568,3.6576,1755,395
P5.9:10,ACME Pixel Line IP,pixel,3.8127,-0.0568,3.6576,1760,395
P5.9:11,ACME Pixel Line IP,pixel,3.8378,-0.0568,3.6576,1765,395
P5.9:12,ACME Pixel Line IP,pixel,3.8630,-0.0568,3.6576,1771,395
P5.9:13,ACME Pixel Line IP,pixel,3.8881,-0.0568,3.6576,1776,395
P5.9:14,ACME Pixel Line IP,pixel,3.9132,-0.0568,3.6576,1781,395
P5.9:15,ACME Pixel Line IP,pixel,3.9384,-0.0568,3.6576,1786,395
P5.9:16,ACME Pixel Line IP,pixel,3.9635,-0.0568,3.6576,1792,395
P5.9:17,ACME Pixel Line IP,pixel,3.9886,-0.0568,3.6576,1797,395
P5.9:18,ACME Pixel Line IP,pixel,4.0137,-0.0568,3.6576,1802,395
P5.9:19,ACME Pixel Line IP,pixel,4.0389,-0.0568,3.6576,1808,395
P5.9:20,ACME Pixel Line IP,pixel,4.0640,-0.0568,3.6576,1813,395
P5.9:21,ACME Pixel Line IP,pixel,4.0891,-0.0568,3.6576,1818,395
P5.9:22,ACME Pixel Line IP,pixel,4.1143,-0.0568,3.6576,1823,395
P5.9:23,ACME Pixel Line IP,pixel,4.1394,-0.0568,3.6576,1829,395
P5.9:24,ACME Pixel Line IP,pixel,4.1645,-0.0568,3.6576,1834,395
P5.9:25,ACME Pixel Line IP,pixel,4.1896,-0.0568,3.6576,1839,395
P5.9:26,ACME Pixel Line IP,pixel,4.2148,-0.0568,3.6576,1844,395
P5.9:27,ACME Pixel Line IP,pixel,4.2399,-0.0568,3.6576,1850,395
P5.9:28,ACME Pixel Line IP,pixel,4.2650,-0.0568,3.6576,1855,395
P5.9:29,ACME Pixel Line IP,pixel,4.2902,-0.0568,3.6576,1860,395
P5.9:30,ACME Pixel Line IP,pixel,4.3153,-0.0568,3.6576,1866,395
P5.9:31,ACME Pixel Line IP,pixel,4.3404,-0.0568,3.6576,1871,395
P5.9:32,ACME Pixel Line IP,pixel,4.3655,-0.0568,3.6576,1876,395
P5.9:33,ACME Pixel Line IP,pixel,4.3907,-0.0568,3.6576,1881,395
P5.9:34,ACME Pixel Line IP,pixel,4.4158,-0.0568,3.6576,1887,395
P5.9:35,ACME Pixel Line IP,pixel,4.4409,-0.0568,3.6576,1892,395
P5.9:36,ACME Pixel Line IP,pixel,4.4661,-0.0568,3.6576,1897,395
P5.9:37,ACME Pixel Line IP,pixel,4.4912,-0.0568,3.6576,1903,395
P5.9:38,ACME Pixel Line IP,pixel,4.5163,-0.0568,3.6576,1908,395
P5.9:39,ACME Pixel Line IP,pixel,4.5414,-0.0568,3.6576,1913,395
P6.1:01,ACME Pixel Line IP,pixel,-4.5414,-0.0568,3.0226,6,454
P6.1:02,ACME Pixel Line IP,pixel,-4.5163,-0.0568,3.0226,11,454
P6.1:03,ACME Pixel Line IP,pixel,-4.4912,-0.0568,3.0226,16,454
P6.1:04,ACME Pixel Line IP,pixel,-4.4661,-0.0568,3.0226,22,454
P6.1:05,ACME Pixel Line IP,pixel,-4.4409,-0.0568,3.0226,27,454
P6.1:06,ACME Pixel Line IP,pixel,-4.4158,-0.0568,3.0226,32,454
P6.1:07,ACME Pixel Line IP,pixel,-4.3907,-0.0568,3.0226,38,454
P6.1:08,ACME Pixel Line IP,pixel,-4.3655,-0.0568,3.0226,43,454
P6.1:09,ACME Pixel Line IP,pixel,-4.3404,-0.0568,3.0226,48,454
P6.1:10,ACME Pixel Line IP,pixel,-4.3153,-0.0568,3.0226,53,454
P6.1:11,ACME Pixel Line IP,pixel,-4.2902,-0.0568,3.0226,59,454
P6.1:12,ACME Pixel Line IP,pixel,-4.2650,-0.0568,3.0226,64,454
P6.1:13,ACME Pixel Line IP,pixel,-4.2399,-0.0568,3.0226,69,454
P6.1:14,ACME Pixel Line IP,pixel,-4.2148,-0.0568,3.0226,75,454
P6.1:15,ACME Pixel Line IP,pixel,-4.1896,-0.0568,3.0226,80,454
P6.1:16,ACME Pixel Line IP,pixel,-4.1645,-0.0568,3.0226,85,454
P6.1:17,ACME Pixel Line IP,pixel,-4.1394,-0.0568,3.0226,90,454
P6.1:18,ACME Pixel Line IP,pixel,-4.1143,-0.0568,3.0226,96,454
P6.1:19,ACME Pixel Line IP,pixel,-4.0891,-0.0568,3.0226,101,454
P6.1:20,ACME Pixel Line IP,pixel,-4.0640,-0.0568,3.0226,106,454
P6.1:21,ACME Pixel Line IP,pixel,-4.0389,-0.0568,3.0226,111,454
P6.1:22,ACME Pixel Line IP,pixel,-4.0137,-0.0568,3.0226,117,454
P6.1:23,ACME Pixel Line IP,pixel,-3.9886,-0.0568,3.0226,122,454
P6.1:24,ACME Pixel Line IP,pixel,-3.9635,-0.0568,3.0226,127,454
P6.1:25,ACME Pixel Line IP,pixel,-3.9384,-0.0568,3.0226,133,454
P6.1:26,ACME Pixel Line IP,pixel,-3.9132,-0.0568,3.0226,138,454
P6.1:27,ACME Pixel Line IP,pixel,-3.8881,-0.0568,3.0226,143,454
P6.1:28,ACME Pixel Line IP,pixel,-3.8630,-0.0568,3.0226,148,454
P6.1:29,ACME Pixel Line IP,pixel,-3.8378,-0.0568,3.0226,154,454
P6.1:30,ACME Pixel Line IP,pixel,-3.8127,-0.0568,3.0226,159,454
P6.1:31,ACME Pixel Line IP,pixel,-3.7876,-0.0568,3.0226,164,454
P6.1:32,ACME Pixel Line IP,pixel,-3.7625,-0.0568,3.0226,169,454
P6.1:33,ACME Pixel Line IP,pixel,-3.7373,-0.0568,3.0226,175,454
P6.1:34,ACME Pixel Line IP,pixel,-3.7122,-0.0568,3.0226,180,454
P6.1:35,ACME Pixel Line IP,pixel,-3.6871,-0.0568,3.0226,185,454
P6.1:36,ACME Pixel Line IP,pixel,-3.6619,-0.0568,3.0226,191,454
P6.1:37,ACME Pixel Line IP,pixel,-3.6368,-0.0568,3.0226,196,454
P6.1:38,ACME Pixel Line IP,pixel,-3.6117,-0.0568,3.0226,201,454
P6.1:39,ACME Pixel Line IP,pixel,-3.5866,-0.0568,3.0226,206,454
P6.2:01,ACME Pixel Line IP,pixel,-3.5254,-0.0568,3.0226,219,454
P6.2:02,ACME Pixel Line IP,pixel,-3.5003,-0.0568,3.0226,225,454
P6.2:03,ACME Pixel Line IP,pixel,-3.4752,-0.0568,3.0226,230,454
P6.2:04,ACME Pixel Line IP,pixel,-3.4501,-0.0568,3.0226,235,454
P6.2:05,ACME Pixel Line IP,pixel,-3.4249,-0.0568,3.0226,240,454
P6.2:06,ACME Pixel Line IP,pixel,-3.3998,-0.0568,3.0226,246,454
P6.2:07,ACME Pixel Line IP,pixel,-3.3747,-0.0568,3.0226,251,454
P6.2:08,ACME Pixel Line IP,pixel,-3.3495,-0.0568,3.0226,256,454
P6.2:09,ACME Pixel Line IP,pixel,-3.3244,-0.0568,3.0226,261,454
P6.2:10,ACME Pixel Line IP,pixel,-3.2993,-0.0568,3.0226,267,454
P6.2:11,ACME Pixel Line IP,pixel,-3.2742,-0.0568,3.0226,272,454
P6.2:12,ACME Pixel Line IP,pixel,-3.2490,-0.0568,3.0226,277,454
P6.2:13,ACME Pixel Line IP,pixel,-3.2239,-0.0568,3.0226,283,454
P6.2:14,ACME Pixel Line IP,pixel,-3.1988,-0.0568,3.0226,288,454
P6.2:15,ACME Pixel Line IP,pixel,-3.1736,-0.0568,3.0226,293,454
P6.2:16,ACME Pixel Line IP,pixel,-3.1485,-0.0568,3.0226,298,454
P6.2:17,ACME Pixel Line IP,pixel,-3.1234,-0.0568,3.0226,304,454
P6.2:18,ACME Pixel Line IP,pixel,-3.0983,-0.0568,3.0226,309,454
P6.2:19,ACME Pixel Line IP,pixel,-3.0731,-0.0568,3.0226,314,454
P6.2:20,ACME Pixel Line IP,pixel,-3.0480,-0.0568,3.0226,320,454
P6.2:21,ACME Pixel Line IP,pixel,-3.0229,-0.0568,3.0226,325,454
P6.2:22,ACME Pixel Line IP,pixel,-2.9977,-0.0568,3.0226,330,454
P6.2:23,ACME Pixel Line IP,pixel,-2.9726,-0.0568,3.0226,335,454
P6.2:24,ACME Pixel Line IP,pixel,-2.9475,-0.0568,3.0226,341,454
P6.2:25,ACME Pixel Line IP,pixel,-2.9224,-0.0568,3.0226,346,454
P6.2:26,ACME Pixel Line IP,pixel,-2.8972,-0.0568,3.0226,351,454
P6.2:27,ACME Pixel Line IP,pixel,-2.8721,-0.0568,3.0226,356,454
P6.2:28,ACME Pixel Line IP,pixel,-2.8470,-0.0568,3.0226,362,454
P6.2:29,ACME Pixel Line IP,pixel,-2.8218,-0.0568,3.0226,367,454
P6.2:30,ACME Pixel Line IP,pixel,-2.7967,-0.0568,3.0226,372,454
P6.2:31,ACME Pixel Line IP,pixel,-2.7716,-0.0568,3.0226,378,454
P6.2:32,ACME Pixel Line IP,pixel,-2.7465,-0.0568,3.0226,383,454
P6.2:33,ACME Pixel Line IP,pixel,-2.7213,-0.0568,3.0226,388,454
P6.2:34,ACME Pixel Line IP,pixel,-2.6962,-0.0568,3.0226,393,454
P6.2:35,ACME Pixel Line IP,pixel,-2.6711,-0.0568,3.0226,399,454
P6.2:36,ACME Pixel Line IP,pixel,-2.6459,-0.0568,3.0226,404,454
P6.2:37,ACME Pixel Line IP,pixel,-2.6208,-0.0568,3.0226,409,454
P6.2:38,ACME Pixel Line IP,pixel,-2.5957,-0.0568,3.0226,414,454
P6.2:39,ACME Pixel Line IP,pixel,-2.5706,-0.0568,3.0226,420,454
P6.3:01,ACME Pixel Line IP,pixel,-2.5094,-0.0568,3.0226,433,454
P6.3:02,ACME Pixel Line IP,pixel,-2.4843,-0.0568,3.0226,438,454
P6.3:03,ACME Pixel Line IP,pixel,-2.4592,-0.0568,3.0226,443,454
P6.3:04,ACME Pixel Line IP,pixel,-2.4341,-0.0568,3.0226,448,454
P6.3:05,ACME Pixel Line IP,pixel,-2.4089,-0.0568,3.0226,454,454
P6.3:06,ACME Pixel Line IP,pixel,-2.3838,-0.0568,3.0226,459,454
P6.3:07,ACME Pixel Line IP,pixel,-2.3587,-0.0568,3.0226,464,454
P6.3:08,ACME Pixel Line IP,pixel,-2.3335,-0.0568,3.0226,470,454
P6.3:09,ACME Pixel Line IP,pixel,-2.3084,-0.0568,3.0226,475,454
P6.3:10,ACME Pixel Line IP,pixel,-2.2833,-0.0568,3.0226,480,454
P6.3:11,ACME Pixel Line IP,pixel,-2.2582,-0.0568,3.0226,485,454
P6.3:12,ACME Pixel Line IP,pixel,-2.2330,-0.0568,3.0226,491,454
P6.3:13,ACME Pixel Line IP,pixel,-2.2079,-0.0568,3.0226,496,454
P6.3:14,ACME Pixel Line IP,pixel,-2.1828,-0.0568,3.0226,501,454
P6.3:15,ACME Pixel Line IP,pixel,-2.1576,-0.0568,3.0226,506,454
P6.3:16,ACME Pixel Line IP,pixel,-2.1325,-0.0568,3.0226,512,454
P6.3:17,ACME Pixel Line IP,pixel,-2.1074,-0.0568,3.0226,517,454
P6.3:18,ACME Pixel Line IP,pixel,-2.0823,-0.0568,3.0226,522,454
P6.3:19,ACME Pixel Line IP,pixel,-2.0571,-0.0568,3.0226,528,454
P6.3:20,ACME Pixel Line IP,pixel,-2.0320,-0.0568,3.0226,533,454
P6.3:21,ACME Pixel Line IP,pixel,-2.0069,-0.0568,3.0226,538,454
P6.3:22,ACME Pixel Line IP,pixel,-1.9817,-0.0568,3.0226,543,454
P6.3:23,ACME Pixel Line IP,pixel,-1.9566,-0.0568,3.0226,549,454
P6.3:24,ACME Pixel Line IP,pixel,-1.9315,-0.0568,3.0226,554,454
P6.3:25,ACME Pixel Line IP,pixel,-1.9064,-0.0568,3.0226,559,454
P6.3:26,ACME Pixel Line IP,pixel,-1.8812,-0.0568,3.0226,564,454
P6.3:27,ACME Pixel Line IP,pixel,-1.8561,-0.0568,3.0226,570,454
P6.3:28,ACME Pixel Line IP,pixel,-1.8310,-0.0568,3.0226,575,454
P6.3:29,ACME Pixel Line IP,pixel,-1.8058,-0.0568,3.0226,580,454
P6.3:30,ACME Pixel Line IP,pixel,-1.7807,-0.0568,3.0226,586,454
P6.3:31,ACME Pixel Line IP,pixel,-1.7556,-0.0568,3.0226,591,454
P6.3:32,ACME Pixel Line IP,pixel,-1.7305,-0.0568,3.0226,596,454
P6.3:33,ACME Pixel Line IP,pixel,-1.7053,-0.0568,3.0226,601,454
P6.3:34,ACME Pixel Line IP,pixel,-1.6802,-0.0568,3.0226,607,454
P6.3:35,ACME Pixel Line IP,pixel,-1.6551,-0.0568,3.0226,612,454
P6.3:36,ACME Pixel Line IP,pixel,-1.6299,-0.0568,3.0226,617,454
P6.3:37,ACME Pixel Line IP,pixel,-1.6048,-0.0568,3.0226,623,454
P6.3:38,ACME Pixel Line IP,pixel,-1.5797,-0.0568,3.0226,628,454
P6.3:39,ACME Pixel Line IP,pixel,-1.5546,-0.0568,3.0226,633,454
P6.4:01,ACME Pixel Line IP,pixel,-1.4934,-0.0568,3.0226,646,454
P6.4:02,ACME Pixel Line IP,pixel,-1.4683,-0.0568,3.0226,651,454
P6.4:03,ACME Pixel Line IP,pixel,-1.4432,-0.0568,3.0226,656,454
P6.4:04,ACME Pixel Line IP,pixel,-1.4181,-0.0568,3.0226,662,454
P6.4:05,ACME Pixel Line IP,pixel,-1.3929,-0.0568,3.0226,667,454
P6.4:06,ACME Pixel Line IP,pixel,-1.3678,-0.0568,3.0226,672,454
P6.4:07,ACME Pixel Line IP,pixel,-1.3427,-0.0568,3.0226,678,454
P6.4:08,ACME Pixel Line IP,pixel,-1.3175,-0.0568,3.0226,683,454
P6.4:09,ACME Pixel Line IP,pixel,-1.2924,-0.0568,3.0226,688,454
P6.4:10,ACME Pixel Line IP,pixel,-1.2673,-0.0568,3.0226,693,454
P6.4:11,ACME Pixel Line IP,pixel,-1.2422,-0.0568,3.0226,699,454
P6.4:12,ACME Pixel Line IP,pixel,-1.2170,-0.0568,3.0226,704,454
P6.4:13,ACME Pixel Line IP,pixel,-1.1919,-0.0568,3.0226,709,454
P6.4:14,ACME Pixel Line IP,pixel,-1.1668,-0.0568,3.0226,715,454
P6.4:15,ACME Pixel Line IP,pixel,-1.1416,-0.0568,3.0226,720,454
P6.4:16,ACME Pixel Line IP,pixel,-1.1165,-0.0568,3.0226,725,454
P6.4:17,ACME Pixel Line IP,pixel,-1.0914,-0.0568,3.0226,730,454
P6.4:18,ACME Pixel Line IP,pixel,-1.0663,-0.0568,3.0226,736,454
P6.4:19,ACME Pixel Line IP,pixel,-1.0411,-0.0568,3.0226,741,454
P6.4:20,ACME Pixel Line IP,pixel,-1.0160,-0.0568,3.0226,746,454
P6.4:21,ACME Pixel Line IP,pixel,-0.9909,-0.0568,3.0226,751,454
P6.4:22,ACME Pixel Line IP,pixel,-0.9657,-0.0568,3.0226,757,454
P6.4:23,ACME Pixel Line IP,pixel,-0.9406,-0.0568,3.0226,762,454
P6.4:24,ACME Pixel Line IP,pixel,-0.9155,-0.0568,3.0226,767,454
P6.4:25,ACME Pixel Line IP,pixel,-0.8904,-0.0568,3.0226,773,454
P6.4:26,ACME Pixel Line IP,pixel,-0.8652,-0.0568,3.0226,778,454
P6.4:27,ACME Pixel Line IP,pixel,-0.8401,-0.0568,3.0226,783,454
P6.4:28,ACME Pixel Line IP,pixel,-0.8150,-0.0568,3.0226,788,454
P6.4:29,ACME Pixel Line IP,pixel,-0.7898,-0.0568,3.0226,794,454
P6.4:30,ACME Pixel Line IP,pixel,-0.7647,-0.0568,3.0226,799,454
P6.4:31,ACME Pixel Line IP,pixel,-0.7396,-0.0568,3.0226,804,454
P6.4:32,ACME Pixel Line IP,pixel,-0.7145,-0.0568,3.0226,809,454
P6.4:33,ACME Pixel Line IP,pixel,-0.6893,-0.0568,3.0226,815,454
P6.4:34,ACME Pixel Line IP,pixel,-0.6642,-0.0568,3.0226,820,454
P6.4:35,ACME Pixel Line IP,pixel,-0.6391,-0.0568,3.0226,825,454
P6.4:36,ACME Pixel Line IP,pixel,-0.6139,-0.0568,3.0226,831,454
P6.4:37,ACME Pixel Line IP,pixel,-0.5888,-0.0568,3.0226,836,454
P6.4:38,ACME Pixel Line IP,pixel,-0.5637,-0.0568,3.0226,841,454
P6.4:39,ACME Pixel Line IP,pixel,-0.5386,-0.0568,3.0226,846,454
P6.5:01,ACME Pixel Line IP,pixel,-0.4774,-0.0568,3.0226,859,454
P6.5:02,ACME Pixel Line IP,pixel,-0.4523,-0.0568,3.0226,865,454
P6.5:03,ACME Pixel Line IP,pixel,-0.4272,-0.0568,3.0226,870,454
P6.5:04,ACME Pixel Line IP,pixel,-0.4021,-0.0568,3.0226,875,454
P6.5:05,ACME Pixel Line IP,pixel,-0.3769,-0.0568,3.0226,880,454
P6.5:06,ACME Pixel Line IP,pixel,-0.3518,-0.0568,3.0226,886,454
P6.5:07,ACME Pixel Line IP,pixel,-0.3267,-0.0568,3.0226,891,454
P6.5:08,ACME Pixel Line IP,pixel,-0.3015,-0.0568,3.0226,896,454
P6.5:09,ACME Pixel Line IP,pixel,-0.2764,-0.0568,3.0226,901,454
P6.5:10,ACME Pixel Line IP,pixel,-0.2513,-0.0568,3.0226,907,454
P6.5:11,ACME Pixel Line IP,pixel,-0.2262,-0.0568,3.0226,912,454
P6.5:12,ACME Pixel Line IP,pixel,-0.2010,-0.0568,3.0226,917,454
P6.5:13,ACME Pixel Line IP,pixel,-0.1759,-0.0568,3.0226,923,454
P6.5:14,ACME Pixel Line IP,pixel,-0.1508,-0.0568,3.0226,928,454
P6.5:15,ACME Pixel Line IP,pixel,-0.1256,-0.0568,3.0226,933,454
P6.5:16,ACME Pixel Line IP,pixel,-0.1005,-0.0568,3.0226,938,454
P6.5:17,ACME Pixel Line IP,pixel,-0.0754,-0.0568,3.0226,944,454
P6.5:18,ACME Pixel Line IP,pixel,-0.0503,-0.0568,3.0226,949,454
P6.5:19,ACME Pixel Line IP,pixel,-0.0251,-0.0568,3.0226,954,454
P6.5:20,ACME Pixel Line IP,pixel,0.0000,-0.0568,3.0226,960,454
P6.5:21,ACME Pixel Line IP,pixel,0.0251,-0.0568,3.0226,965,454
P6.5:22,ACME Pixel Line IP,pixel,0.0503,-0.0568,3.0226,970,454
P6.5:23,ACME Pixel Line IP,pixel,0.0754,-0.0568,3.0226,975,454
P6.5:24,ACME Pixel Line IP,pixel,0.1005,-0.0568,3.0226,981,454
P6.5:25,ACME Pixel Line IP,pixel,0.1256,-0.0568,3.0226,986,454
P6.5:26,ACME Pixel Line IP,pixel,0.1508,-0.0568,3.0226,991,454
P6.5:27,ACME Pixel Line IP,pixel,0.1759,-0.0568,3.0226,996,454
P6.5:28,ACME Pixel Line IP,pixel,0.2010,-0.0568,3.0226,1002,454
P6.5:29,ACME Pixel Line IP,pixel,0.2262,-0.0568,3.0226,1007,454
P6.5:30,ACME Pixel Line IP,pixel,0.2513,-0.0568,3.0226,1012,454
P6.5:31,ACME Pixel Line IP,pixel,0.2764,-0.0568,3.0226,1018,454
P6.5:32,ACME Pixel Line IP,pixel,0.3015,-0.0568,3.0226,1023,454
P6.5:33,ACME Pixel Line IP,pixel,0.3267,-0.0568,3.0226,1028,454
P6.5:34,ACME Pixel Line IP,pixel,0.3518,-0.0568,3.0226,1033,454
P6.5:35,ACME Pixel Line IP,pixel,0.3769,-0.0568,3.0226,1039,454
P6.5:36,ACME Pixel Line IP,pixel,0.4021,-0.0568,3.0226,1044,454
P6.5:37,ACME Pixel Line IP,pixel,0.4272,-0.0568,3.0226,1049,454
P6.5:38,ACME Pixel Line IP,pixel,0.4523,-0.0568,3.0226,1054,454
P6.5:39,ACME Pixel Line IP,pixel,0.4774,-0.0568,3.0226,1060,454
P6.6:01,ACME Pixel Line IP,pixel,0.5386,-0.0568,3.0226,1073,454
P6.6:02,ACME Pixel Line IP,pixel,0.5637,-0.0568,3.0226,1078,454
P6.6:03,ACME Pixel Line IP,pixel,0.5888,-0.0568,3.0226,1083,454
P6.6:04,ACME Pixel Line IP,pixel,0.6139,-0.0568,3.0226,1088,454
P6.6:05,ACME Pixel Line IP,pixel,0.6391,-0.0568,3.0226,1094,454
P6.6:06,ACME Pixel Line IP,pixel,0.6642,-0.0568,3.0226,1099,454
P6.6:07,ACME Pixel Line IP,pixel,0.6893,-0.0568,3.0226,1104,454
P6.6:08,ACME Pixel Line IP,pixel,0.7145,-0.0568,3.0226,1110,454
P6.6:09,ACME Pixel Line IP,pixel,0.7396,-0.0568,3.0226,1115,454
P6.6:10,ACME Pixel Line IP,pixel,0.7647,-0.0568,3.0226,1120,454
P6.6:11,ACME Pixel Line IP,pixel,0.7898,-0.0568,3.0226,1125,454
P6.6:12,ACME Pixel Line IP,pixel,0.8150,-0.0568,3.0226,1131,454
P6.6:13,ACME Pixel Line IP,pixel,0.8401,-0.0568,3.0226,1136,454
P6.6:14,ACME Pixel Line IP,pixel,0.8652,-0.0568,3.0226,1141,454
P6.6:15,ACME Pixel Line IP,pixel,0.8904,-0.0568,3.0226,1146,454
P6.6:16,ACME Pixel Line IP,pixel,0.9155,-0.0568,3.0226,1152,454
P6.6:17,ACME Pixel Line IP,pixel,0.9406,-0.0568,3.0226,1157,454
P6.6:18,ACME Pixel Line IP,pixel,0.9657,-0.0568,3.0226,1162,454
P6.6:19,ACME Pixel Line IP,pixel,0.9909,-0.0568,3.0226,1168,454
P6.6:20,ACME Pixel Line IP,pixel,1.0160,-0.0568,3.0226,1173,454
P6.6:21,ACME Pixel Line IP,pixel,1.0411,-0.0568,3.0226,1178,454
P6.6:22,ACME Pixel Line IP,pixel,1.0663,-0.0568,3.0226,1183,454
P6.6:23,ACME Pixel Line IP,pixel,1.0914,-0.0568,3.0226,1189,454
P6.6:24,ACME Pixel Line IP,pixel,1.1165,-0.0568,3.0226,1194,454
P6.6:25,ACME Pixel Line IP,pixel,1.1416,-0.0568,3.0226,1199,454
P6.6:26,ACME Pixel Line IP,pixel,1.1668,-0.0568,3.0226,1204,454
P6.6:27,ACME Pixel Line IP,pixel,1.1919,-0.0568,3.0226,1210,454
P6.6:28,ACME Pixel Line IP,pixel,1.2170,-0.0568,3.0226,1215,454
P6.6:29,ACME Pixel Line IP,pixel,1.2422,-0.0568,3.0226,1220,454
P6.6:30,ACME Pixel Line IP,pixel,1.2673,-0.0568,3.0226,1226,454
P6.6:31,ACME Pixel Line IP,pixel,1.2924,-0.0568,3.0226,1231,454
P6.6:32,ACME Pixel Line IP,pixel,1.3175,-0.0568,3.0226,1236,454
P6.6:33,ACME Pixel Line IP,pixel,1.3427,-0.0568,3.0226,1241,454
P6.6:34,ACME Pixel Line IP,pixel,1.3678,-0.0568,3.0226,1247,454
P6.6:35,ACME Pixel Line IP,pixel,1.3929,-0.0568,3.0226,1252,454
P6.6:36,ACME Pixel Line IP,pixel,1.4181,-0.0568,3.0226,1257,454
P6.6:37,ACME Pixel Line IP,pixel,1.4432,-0.0568,3.0226,1263,454
P6.6:38,ACME Pixel Line IP,pixel,1.4683,-0.0568,3.0226,1268,454
P6.6:39,ACME Pixel Line IP,pixel,1.4934,-0.0568,3.0226,1273,454
P6.7:01,ACME Pixel Line IP,pixel,1.5546,-0.0568,3.0226,1286,454
P6.7:02,ACME Pixel Line IP,pixel,1.5797,-0.0568,3.0226,1291,454
P6.7:03,ACME Pixel Line IP,pixel,1.6048,-0.0568,3.0226,1296,454
P6.7:04,ACME Pixel Line IP,pixel,1.6299,-0.0568,3.0226,1302,454
P6.7:05,ACME Pixel Line IP,pixel,1.6551,-0.0568,3.0226,1307,454
P6.7:06,ACME Pixel Line IP,pixel,1.6802,-0.0568,3.0226,1312,454
P6.7:07,ACME Pixel Line IP,pixel,1.7053,-0.0568,3.0226,1318,454
P6.7:08,ACME Pixel Line IP,pixel,1.7305,-0.0568,3.0226,1323,454
P6.7:09,ACME Pixel Line IP,pixel,1.7556,-0.0568,3.0226,1328,454
P6.7:10,ACME Pixel Line IP,pixel,1.7807,-0.0568,3.0226,1333,454
P6.7:11,ACME Pixel Line IP,pixel,1.8058,-0.0568,3.0226,1339,454
P6.7:12,ACME Pixel Line IP,pixel,1.8310,-0.0568,3.0226,1344,454
P6.7:13,ACME Pixel Line IP,pixel,1.8561,-0.0568,3.0226,1349,454
P6.7:14,ACME Pixel Line IP,pixel,1.8812,-0.0568,3.0226,1355,454
P6.7:15,ACME Pixel Line IP,pixel,1.9064,-0.0568,3.0226,1360,454
P6.7:16,ACME Pixel Line IP,pixel,1.9315,-0.0568,3.0226,1365,454
P6.7:17,ACME Pixel Line IP,pixel,1.9566,-0.0568,3.0226,1370,454
P6.7:18,ACME Pixel Line IP,pixel,1.9817,-0.0568,3.0226,1376,454
P6.7:19,ACME Pixel Line IP,pixel,2.0069,-0.0568,3.0226,1381,454
P6.7:20,ACME Pixel Line IP,pixel,2.0320,-0.0568,3.0226,1386,454
P6.7:21,ACME Pixel Line IP,pixel,2.0571,-0.0568,3.0226,1391,454
P6.7:22,ACME Pixel Line IP,pixel,2.0823,-0.0568,3.0226,1397,454
P6.7:23,ACME Pixel Line IP,pixel,2.1074,-0.0568,3.0226,1402,454
P6.7:24,ACME Pixel Line IP,pixel,2.1325,-0.0568,3.0226,1407,454
P6.7:25,ACME Pixel Line IP,pixel,2.1576,-0.0568,3.0226,1413,454
P6.7:26,ACME Pixel Line IP,pixel,2.1828,-0.0568,3.0226,1418,454
P6.7:27,ACME Pixel Line IP,pixel,2.2079,-0.0568,3.0226,1423,454
P6.7:28,ACME Pixel Line IP,pixel,2.2330,-0.0568,3.0226,1428,454
P6.7:29,ACME Pixel Line IP,pixel,2.2582,-0.0568,3.0226,1434,454
P6.7:30,ACME Pixel Line IP,pixel,2.2833,-0.0568,3.0226,1439,454
P6.7:31,ACME Pixel Line IP,pixel,2.3084,-0.0568,3.0226,1444,454
P6.7:32,ACME Pixel Line IP,pixel,2.3335,-0.0568,3.0226,1449,454
P6.7:33,ACME Pixel Line IP,pixel,2.3587,-0.0568,3.0226,1455,454
P6.7:34,ACME Pixel Line IP,pixel,2.3838,-0.0568,3.0226,1460,454
P6.7:35,ACME Pixel Line IP,pixel,2.4089,-0.0568,3.0226,1465,454
P6.7:36,ACME Pixel Line IP,pixel,2.4341,-0.0568,3.0226,1471,454
P6.7:37,ACME Pixel Line IP,pixel,2.4592,-0.0568,3.0226,1476,454
P6.7:38,ACME Pixel Line IP,pixel,2.4843,-0.0568,3.0226,1481,454
P6.7:39,ACME Pixel Line IP,pixel,2.5094,-0.0568,3.0226,1486,454
P6.8:01,ACME Pixel Line IP,pixel,2.5706,-0.0568,3.0226,1499,454
P6.8:02,ACME Pixel Line IP,pixel,2.5957,-0.0568,3.0226,1505,454
P6.8:03,ACME Pixel Line IP,pixel,2.6208,-0.0568,3.0226,1510,454
P6.8:04,ACME Pixel Line IP,pixel,2.6459,-0.0568,3.0226,1515,454
P6.8:05,ACME Pixel Line IP,pixel,2.6711,-0.0568,3.0226,1520,454
P6.8:06,ACME Pixel Line IP,pixel,2.6962,-0.0568,3.0226,1526,454
P6.8:07,ACME Pixel Line IP,pixel,2.7213,-0.0568,3.0226,1531,454
P6.8:08,ACME Pixel Line IP,pixel,2.7465,-0.0568,3.0226,1536,454
P6.8:09,ACME Pixel Line IP,pixel,2.7716,-0.0568,3.0226,1541,454
P6.8:10,ACME Pixel Line IP,pixel,2.7967,-0.0568,3.0226,1547,454
P6.8:11,ACME Pixel Line IP,pixel,2.8218,-0.0568,3.0226,1552,454
P6.8:12,ACME Pixel Line IP,pixel,2.8470,-0.0568,3.0226,1557,454
P6.8:13,ACME Pixel Line IP,pixel,2.8721,-0.0568,3.0226,1563,454
P6.8:14,ACME Pixel Line IP,pixel,2.8972,-0.0568,3.0226,1568,454
P6.8:15,ACME Pixel Line IP,pixel,2.9224,-0.0568,3.0226,1573,454
P6.8:16,ACME Pixel Line IP,pixel,2.9475,-0.0568,3.0226,1578,454
P6.8:17,ACME Pixel Line IP,pixel,2.9726,-0.0568,3.0226,1584,454
P6.8:18,ACME Pixel Line IP,pixel,2.9977,-0.0568,3.0226,1589,454
P6.8:19,ACME Pixel Line IP,pixel,3.0229,-0.0568,3.0226,1594,454
P6.8:20,ACME Pixel Line IP,pixel,3.0480,-0.0568,3.0226,1600,454
P6.8:21,ACME Pixel Line IP,pixel,3.0731,-0.0568,3.0226,1605,454
P6.8:22,ACME Pixel Line IP,pixel,3.0983,-0.0568,3.0226,1610,454
P6.8:23,ACME Pixel Line IP,pixel,3.1234,-0.0568,3.0226,1615,454
P6.8:24,ACME Pixel Line IP,pixel,3.1485,-0.0568,3.0226,1621,454
P6.8:25,ACME Pixel Line IP,pixel,3.1736,-0.0568,3.0226,1626,454
P6.8:26,ACME Pixel Line IP,pixel,3.1988,-0.0568,3.0226,1631,454
P6.8:27,ACME Pixel Line IP,pixel,3.2239,-0.0568,3.0226,1636,454
P6.8:28,ACME Pixel Line IP,pixel,3.2490,-0.0568,3.0226,1642,454
P6.8:29,ACME Pixel Line IP,pixel,3.2742,-0.0568,3.0226,1647,454
P6.8:30,ACME Pixel Line IP,pixel,3.2993,-0.0568,3.0226,1652,454
P6.8:31,ACME Pixel Line IP,pixel,3.3244,-0.0568,3.0226,1658,454
P6.8:32,ACME Pixel Line IP,pixel,3.3495,-0.0568,3.0226,1663,454
P6.8:33,ACME Pixel Line IP,pixel,3.3747,-0.0568,3.0226,1668,454
P6.8:34,ACME Pixel Line IP,pixel,3.3998,-0.0568,3.0226,1673,454
P6.8:35,ACME Pixel Line IP,pixel,3.4249,-0.0568,3.0226,1679,454
P6.8:36,ACME Pixel Line IP,pixel,3.4501,-0.0568,3.0226,1684,454
P6.8:37,ACME Pixel Line IP,pixel,3.4752,-0.0568,3.0226,1689,454
P6.8:38,ACME Pixel Line IP,pixel,3.5003,-0.0568,3.0226,1694,454
P6.8:39,ACME Pixel Line IP,pixel,3.5254,-0.0568,3.0226,1700,454
P6.9:01,ACME Pixel Line IP,pixel,3.5866,-0.0568,3.0226,1713,454
P6.9:02,ACME Pixel Line IP,pixel,3.6117,-0.0568,3.0226,1718,454
P6.9:03,ACME Pixel Line IP,pixel,3.6368,-0.0568,3.0226,1723,454
P6.9:04,ACME Pixel Line IP,pixel,3.6619,-0.0568,3.0226,1728,454
P6.9:05,ACME Pixel Line IP,pixel,3.6871,-0.0568,3.0226,1734,454
P6.9:06,ACME Pixel Line IP,pixel,3.7122,-0.0568,3.0226,1739,454
P6.9:07,ACME Pixel Line IP,pixel,3.7373,-0.0568,3.0226,1744,454
P6.9:08,ACME Pixel Line IP,pixel,3.7625,-0.0568,3.0226,1750,454
P6.9:09,ACME Pixel Line IP,pixel,3.7876,-0.0568,3.0226,1755,454
P6.9:10,ACME Pixel Line IP,pixel,3.8127,-0.0568,3.0226,1760,454
P6.9:11,ACME Pixel Line IP,pixel,3.8378,-0.0568,3.0226,1765,454
P6.9:12,ACME Pixel Line IP,pixel,3.8630,-0.0568,3.0226,1771,454
P6.9:13,ACME Pixel Line IP,pixel,3.8881,-0.0568,3.0226,1776,454
P6.9:14,ACME Pixel Line IP,pixel,3.9132,-0.0568,3.0226,1781,454
P6.9:15,ACME Pixel Line IP,pixel,3.9384,-0.0568,3.0226,1786,454
P6.9:16,ACME Pixel Line IP,pixel,3.9635,-0.0568,3.0226,1792,454
P6.9:17,ACME Pixel Line IP,pixel,3.9886,-0.0568,3.0226,1797,454
P6.9:18,ACME Pixel Line IP,pixel,4.0137,-0.0568,3.0226,1802,454
P6.9:19,ACME Pixel Line IP,pixel,4.0389,-0.0568,3.0226,1808,454
P6.9:20,ACME Pixel Line IP,pixel,4.0640,-0.0568,3.0226,1813,454
P6.9:21,ACME Pixel Line IP,pixel,4.0891,-0.0568,3.0226,1818,454
P6.9:22,ACME Pixel Line IP,pixel,4.1143,-0.0568,3.0226,1823,454
P6.9:23,ACME Pixel Line IP,pixel,4.1394,-0.0568,3.0226,1829,454
P6.9:24,ACME Pixel Line IP,pixel,4.1645,-0.0568,3.0226,1834,454
P6.9:25,ACME Pixel Line IP,pixel,4.1896,-0.0568,3.0226,1839,454
P6.9:26,ACME Pixel Line IP,pixel,4.2148,-0.0568,3.0226,1844,454
P6.9:27,ACME Pixel Line IP,pixel,4.2399,-0.0568,3.0226,1850,454
P6.9:28,ACME Pixel Line IP,pixel,4.2650,-0.0568,3.0226,1855,454
P6.9:29,ACME Pixel Line IP,pixel,4.2902,-0.0568,3.0226,1860,454
P6.9:30,ACME Pixel Line IP,pixel,4.3153,-0.0568,3.0226,1866,454
P6.9:31,ACME Pixel Line IP,pixel,4.3404,-0.0568,3.0226,1871,454
P6.9:32,ACME Pixel Line IP,pixel,4.3655,-0.0568,3.0226,1876,454
P6.9:33,ACME Pixel Line IP,pixel,4.3907,-0.0568,3.0226,1881,454
P6.9:34,ACME Pixel Line IP,pixel,4.4158,-0.0568,3.0226,1887,454
P6.9:35,ACME Pixel Line IP,pixel,4.4409,-0.0568,3.0226,1892,454
P6.9:36,ACME Pixel Line IP,pixel,4.4661,-0.0568,3.0226,1897,454
P6.9:37,ACME Pixel Line IP,pixel,4.4912,-0.0568,3.0226,1903,454
P6.9:38,ACME Pixel Line IP,pixel,4.5163,-0.0568,3.0226,1908,454
P6.9:39,ACME Pixel Line IP,pixel,4.5414,-0.0568,3.0226,1913,454
P7.1:01,ACME Pixel Line IP,pixel,-4.5414,-0.0568,2.4130,6,511
P7.1:02,ACME Pixel Line IP,pixel,-4.5163,-0.0568,2.4130,11,511
P7.1:03,ACME Pixel Line IP,pixel,-4.4912,-0.0568,2.4130,16,511
P7.1:04,ACME Pixel Line IP,pixel,-4.4661,-0.0568,2.4130,22,511
P7.1:05,ACME Pixel Line IP,pixel,-4.4409,-0.0568,2.4130,27,511
P7.1:06,ACME Pixel Line IP,pixel,-4.4158,-0.0568,2.4130,32,511
P7.1:07,ACME Pixel Line IP,pixel,-4.3907,-0.0568,2.4130,38,511
P7.1:08,ACME Pixel Line IP,pixel,-4.3655,-0.0568,2.4130,43,511
P7.1:09,ACME Pixel Line IP,pixel,-4.3404,-0.0568,2.4130,48,511
P7.1:10,ACME Pixel Line IP,pixel,-4.3153,-0.0568,2.4130,53,511
P7.1:11,ACME Pixel Line IP,pixel,-4.2902,-0.0568,2.4130,59,511
P7.1:12,ACME Pixel Line IP,pixel,-4.2650,-0.0568,2.4130,64,511
P7.1:13,ACME Pixel Line IP,pixel,-4.2399,-0.0568,2.4130,69,511
P7.1:14,ACME Pixel Line IP,pixel,-4.2148,-0.0568,2.4130,75,511
P7.1:15,ACME Pixel Line IP,pixel,-4.1896,-0.0568,2.4130,80,511
P7.1:16,ACME Pixel Line IP,pixel,-4.1645,-0.0568,2.4130,85,511
P7.1:17,ACME Pixel Line IP,pixel,-4.1394,-0.0568,2.4130,90,511
P7.1:18,ACME Pixel Line IP,pixel,-4.1143,-0.0568,2.4130,96,511
P7.1:19,ACME Pixel Line IP,pixel,-4.0891,-0.0568,2.4130,101,511
P7.1:20,ACME Pixel Line IP,pixel,-4.0640,-0.0568,2.4130,106,511
P7.1:21,ACME Pixel Line IP,pixel,-4.0389,-0.0568,2.4130,111,511
P7.1:22,ACME Pixel Line IP,pixel,-4.0137,-0.0568,2.4130,117,511
P7.1:23,ACME Pixel Line IP,pixel,-3.9886,-0.0568,2.4130,122,511
P7.1:24,ACME Pixel Line IP,pixel,-3.9635,-0.0568,2.4130,127,511
P7.1:25,ACME Pixel Line IP,pixel,-3.9384,-0.0568,2.4130,133,511
P7.1:26,ACME Pixel Line IP,pixel,-3.9132,-0.0568,2.4130,138,511
P7.1:27,ACME Pixel Line IP,pixel,-3.8881,-0.0568,2.4130,143,511
P7.1:28,ACME Pixel Line IP,pixel,-3.8630,-0.0568,2.4130,148,511
P7.1:29,ACME Pixel Line IP,pixel,-3.8378,-0.0568,2.4130,154,511
P7.1:30,ACME Pixel Line IP,pixel,-3.8127,-0.0568,2.4130,159,511
P7.1:31,ACME Pixel Line IP,pixel,-3.7876,-0.0568,2.4130,164,511
P7.1:32,ACME Pixel Line IP,pixel,-3.7625,-0.0568,2.4130,169,511
P7.1:33,ACME Pixel Line IP,pixel,-3.7373,-0.0568,2.4130,175,511
P7.1:34,ACME Pixel Line IP,pixel,-3.7122,-0.0568,2.4130,180,511
P7.1:35,ACME Pixel Line IP,pixel,-3.6871,-0.0568,2.4130,185,511
P7.1:36,ACME Pixel Line IP,pixel,-3.6619,-0.0568,2.4130,191,511
P7.1:37,ACME Pixel Line IP,pixel,-3.6368,-0.0568,2.4130,196,511
P7.1:38,ACME Pixel Line IP,pixel,-3.6117,-0.0568,2.4130,201,511
P7.1:39,ACME Pixel Line IP,pixel,-3.5866,-0.0568,2.4130,206,511
P7.2:01,ACME Pixel Line IP,pixel,-3.5254,-0.0568,2.4130,219,511
P7.2:02,ACME Pixel Line IP,pixel,-3.5003,-0.0568,2.4130,225,511
P7.2:03,ACME Pixel Line IP,pixel,-3.4752,-0.0568,2.4130,230,511
P7.2:04,ACME Pixel Line IP,pixel,-3.4501,-0.0568,2.4130,235,511
P7.2:05,ACME Pixel Line IP,pixel,-3.4249,-0.0568,2.4130,240,511
P7.2:06,ACME Pixel Line IP,pixel,-3.3998,-0.0568,2.4130,246,511
P7.2:07,ACME Pixel Line IP,pixel,-3.3747,-0.0568,2.4130,251,511
P7.2:08,ACME Pixel Line IP,pixel,-3.3495,-0.0568,2.4130,256,511
P7.2:09,ACME Pixel Line IP,pixel,-3.3244,-0.0568,2.4130,261,511
P7.2:10,ACME Pixel Line IP,pixel,-3.2993,-0.0568,2.4130,267,511
P7.2:11,ACME Pixel Line IP,pixel,-3.2742,-0.0568,2.4130,272,511
P7.2:12,ACME Pixel Line IP,pixel,-3.2490,-0.0568,2.4130,277,511
P7.2:13,ACME Pixel Line IP,pixel,-3.2239,-0.0568,2.4130,283,511
P7.2:14,ACME Pixel Line IP,pixel,-3.1988,-0.0568,2.4130,288,511
P7.2:15,ACME Pixel Line IP,pixel,-3.1736,-0.0568,2.4130,293,511
P7.2:16,ACME Pixel Line IP,pixel,-3.1485,-0.0568,2.4130,298,511
P7.2:17,ACME Pixel Line IP,pixel,-3.1234,-0.0568,2.4130,304,511
P7.2:18,ACME Pixel Line IP,pixel,-3.0983,-0.0568,2.4130,309,511
P7.2:19,ACME Pixel Line IP,pixel,-3.0731,-0.0568,2.4130,314,511
P7.2:20,ACME Pixel Line IP,pixel,-3.0480,-0.0568,2.4130,320,511
P7.2:21,ACME Pixel Line IP,pixel,-3.0229,-0.0568,2.4130,325,511
P7.2:22,ACME Pixel Line IP,pixel,-2.9977,-0.0568,2.4130,330,511
P7.2:23,ACME Pixel Line IP,pixel,-2.9726,-0.0568,2.4130,335,511
P7.2:24,ACME Pixel Line IP,pixel,-2.9475,-0.0568,2.4130,341,511
P7.2:25,ACME Pixel Line IP,pixel,-2.9224,-0.0568,2.4130,346,511
P7.2:26,ACME Pixel Line IP,pixel,-2.8972,-0.0568,2.4130,351,511
P7.2:27,ACME Pixel Line IP,pixel,-2.8721,-0.0568,2.4130,356,511
P7.2:28,ACME Pixel Line IP,pixel,-2.8470,-0.0568,2.4130,362,511
P7.2:29,ACME Pixel Line IP,pixel,-2.8218,-0.0568,2.4130,367,511
P7.2:30,ACME Pixel Line IP,pixel,-2.7967,-0.0568,2.4130,372,511
P7.2:31,ACME Pixel Line IP,pixel,-2.7716,-0.0568,2.4130,378,511
P7.2:32,ACME Pixel Line IP,pixel,-2.7465,-0.0568,2.4130,383,511
P7.2:33,ACME Pixel Line IP,pixel,-2.7213,-0.0568,2.4130,388,511
P7.2:34,ACME Pixel Line IP,pixel,-2.6962,-0.0568,2.4130,393,511
P7.2:35,ACME Pixel Line IP,pixel,-2.6711,-0.0568,2.4130,399,511
P7.2:36,ACME Pixel Line IP,pixel,-2.6459,-0.0568,2.4130,404,511
P7.2:37,ACME Pixel Line IP,pixel,-2.6208,-0.0568,2.4130,409,511
P7.2:38,ACME Pixel Line IP,pixel,-2.5957,-0.0568,2.4130,414,511
P7.2:39,ACME Pixel Line IP,pixel,-2.5706,-0.0568,2.4130,420,511
P7.3:01,ACME Pixel Line IP,pixel,-2.5094,-0.0568,2.4130,433,511
P7.3:02,ACME Pixel Line IP,pixel,-2.4843,-0.0568,2.4130,438,511
P7.3:03,ACME Pixel Line IP,pixel,-2.4592,-0.0568,2.4130,443,511
P7.3:04,ACME Pixel Line IP,pixel,-2.4341,-0.0568,2.4130,448,511
P7.3:05,ACME Pixel Line IP,pixel,-2.4089,-0.0568,2.4130,454,511
P7.3:06,ACME Pixel Line IP,pixel,-2.3838,-0.0568,2.4130,459,511
P7.3:07,ACME Pixel Line IP,pixel,-2.3587,-0.0568,2.4130,464,511
P7.3:08,ACME Pixel Line IP,pixel,-2.3335,-0.0568,2.4130,470,511
P7.3:09,ACME Pixel Line IP,pixel,-2.3084,-0.0568,2.4130,475,511
P7.3:10,ACME Pixel Line IP,pixel,-2.2833,-0.0568,2.4130,480,511
P7.3:11,ACME Pixel Line IP,pixel,-2.2582,-0.0568,2.4130,485,511
P7.3:12,ACME Pixel Line IP,pixel,-2.2330,-0.0568,2.4130,491,511
P7.3:13,ACME Pixel Line IP,pixel,-2.2079,-0.0568,2.4130,496,511
P7.3:14,ACME Pixel Line IP,pixel,-2.1828,-0.0568,2.4130,501,511
P7.3:15,ACME Pixel Line IP,pixel,-2.1576,-0.0568,2.4130,506,511
P7.3:16,ACME Pixel Line IP,pixel,-2.1325,-0.0568,2.4130,512,511
P7.3:17,ACME Pixel Line IP,pixel,-2.1074,-0.0568,2.4130,517,511
P7.3:18,ACME Pixel Line IP,pixel,-2.0823,-0.0568,2.4130,522,511
P7.3:19,ACME Pixel Line IP,pixel,-2.0571,-0.0568,2.4130,528,511
P7.3:20,ACME Pixel Line IP,pixel,-2.0320,-0.0568,2.4130,533,511
P7.3:21,ACME Pixel Line IP,pixel,-2.0069,-0.0568,2.4130,538,511
P7.3:22,ACME Pixel Line IP,pixel,-1.9817,-0.0568,2.4130,543,511
P7.3:23,ACME Pixel Line IP,pixel,-1.9566,-0.0568,2.4130,549,511
P7.3:24,ACME Pixel Line IP,pixel,-1.9315,-0.0568,2.4130,554,511
P7.3:25,ACME Pixel Line IP,pixel,-1.9064,-0.0568,2.4130,559,511
P7.3:26,ACME Pixel Line IP,pixel,-1.8812,-0.0568,2.4130,564,511
P7.3:27,ACME Pixel Line IP,pixel,-1.8561,-0.0568,2.4130,570,511
P7.3:28,ACME Pixel Line IP,pixel,-1.8310,-0.0568,2.4130,575,511
P7.3:29,ACME Pixel Line IP,pixel,-1.8058,-0.0568,2.4130,580,511
P7.3:30,ACME Pixel Line IP,pixel,-1.7807,-0.0568,2.4130,586,511
P7.3:31,ACME Pixel Line IP,pixel,-1.7556,-0.0568,2.4130,591,511
P7.3:32,ACME Pixel Line IP,pixel,-1.7305,-0.0568,2.4130,596,511
P7.3:33,ACME Pixel Line IP,pixel,-1.7053,-0.0568,2.4130,601,511
P7.3:34,ACME Pixel Line IP,pixel,-1.6802,-0.0568,2.4130,607,511
P7.3:35,ACME Pixel Line IP,pixel,-1.6551,-0.0568,2.4130,612,511
P7.3:36,ACME Pixel Line IP,pixel,-1.6299,-0.0568,2.4130,617,511
P7.3:37,ACME Pixel Line IP,pixel,-1.6048,-0.0568,2.4130,623,511
P7.3:38,ACME Pixel Line IP,pixel,-1.5797,-0.0568,2.4130,628,511
P7.3:39,ACME Pixel Line IP,pixel,-1.5546,-0.0568,2.4130,633,511
P7.4:01,ACME Pixel Line IP,pixel,-1.4934,-0.0568,2.4130,646,511
P7.4:02,ACME Pixel Line IP,pixel,-1.4683,-0.0568,2.4130,651,511
P7.4:03,ACME Pixel Line IP,pixel,-1.4432,-0.0568,2.4130,656,511
P7.4:04,ACME Pixel Line IP,pixel,-1.4181,-0.0568,2.4130,662,511
P7.4:05,ACME Pixel Line IP,pixel,-1.3929,-0.0568,2.4130,667,511
P7.4:06,ACME Pixel Line IP,pixel,-1.3678,-0.0568,2.4130,672,511
P7.4:07,ACME Pixel Line IP,pixel,-1.3427,-0.0568,2.4130,678,511
P7.4:08,ACME Pixel Line IP,pixel,-1.3175,-0.0568,2.4130,683,511
P7.4:09,ACME Pixel Line IP,pixel,-1.2924,-0.0568,2.4130,688,511
P7.4:10,ACME Pixel Line IP,pixel,-1.2673,-0.0568,2.4130,693,511
P7.4:11,ACME Pixel Line IP,pixel,-1.2422,-0.0568,2.4130,699,511
P7.4:12,ACME Pixel Line IP,pixel,-1.2170,-0.0568,2.4130,704,511
P7.4:13,ACME Pixel Line IP,pixel,-1.1919,-0.0568,2.4130,709,511
P7.4:14,ACME Pixel Line IP,pixel,-1.1668,-0.0568,2.4130,715,511
P7.4:15,ACME Pixel Line IP,pixel,-1.1416,-0.0568,2.4130,720,511
P7.4:16,ACME Pixel Line IP,pixel,-1.1165,-0.0568,2.4130,725,511
P7.4:17,ACME Pixel Line IP,pixel,-1.0914,-0.0568,2.4130,730,511
P7.4:18,ACME Pixel Line IP,pixel,-1.0663,-0.0568,2.4130,736,511
P7.4:19,ACME Pixel Line IP,pixel,-1.0411,-0.0568,2.4130,741,511
P7.4:20,ACME Pixel Line IP,pixel,-1.0160,-0.0568,2.4130,746,511
P7.4:21,ACME Pixel Line IP,pixel,-0.9909,-0.0568,2.4130,751,511
P7.4:22,ACME Pixel Line IP,pixel,-0.9657,-0.0568,2.4130,757,511
P7.4:23,ACME Pixel Line IP,pixel,-0.9406,-0.0568,2.4130,762,511
P7.4:24,ACME Pixel Line IP,pixel,-0.9155,-0.0568,2.4130,767,511
P7.4:25,ACME Pixel Line IP,pixel,-0.8904,-0.0568,2.4130,773,511
P7.4:26,ACME Pixel Line IP,pixel,-0.8652,-0.0568,2.4130,778,511
P7.4:27,ACME Pixel Line IP,pixel,-0.8401,-0.0568,2.4130,783,511
P7.4:28,ACME Pixel Line IP,pixel,-0.8150,-0.0568,2.4130,788,511
P7.4:29,ACME Pixel Line IP,pixel,-0.7898,-0.0568,2.4130,794,511
P7.4:30,ACME Pixel Line IP,pixel,-0.7647,-0.0568,2.4130,799,511
P7.4:31,ACME Pixel Line IP,pixel,-0.7396,-0.0568,2.4130,804,511
P7.4:32,ACME Pixel Line IP,pixel,-0.7145,-0.0568,2.4130,809,511
P7.4:33,ACME Pixel Line IP,pixel,-0.6893,-0.0568,2.4130,815,511
P7.4:34,ACME Pixel Line IP,pixel,-0.6642,-0.0568,2.4130,820,511
P7.4:35,ACME Pixel Line IP,pixel,-0.6391,-0.0568,2.4130,825,511
P7.4:36,ACME Pixel Line IP,pixel,-0.6139,-0.0568,2.4130,831,511
P7.4:37,ACME Pixel Line IP,pixel,-0.5888,-0.0568,2.4130,836,511
P7.4:38,ACME Pixel Line IP,pixel,-0.5637,-0.0568,2.4130,841,511
P7.4:39,ACME Pixel Line IP,pixel,-0.5386,-0.0568,2.4130,846,511
P7.5:01,ACME Pixel Line IP,pixel,-0.4774,-0.0568,2.4130,859,511
P7.5:02,ACME Pixel Line IP,pixel,-0.4523,-0.0568,2.4130,865,511
P7.5:03,ACME Pixel Line IP,pixel,-0.4272,-0.0568,2.4130,870,511
P7.5:04,ACME Pixel Line IP,pixel,-0.4021,-0.0568,2.4130,875,511
P7.5:05,ACME Pixel Line IP,pixel,-0.3769,-0.0568,2.4130,880,511
P7.5:06,ACME Pixel Line IP,pixel,-0.3518,-0.0568,2.4130,886,511
P7.5:07,ACME Pixel Line IP,pixel,-0.3267,-0.0568,2.4130,891,511
P7.5:08,ACME Pixel Line IP,pixel,-0.3015,-0.0568,2.4130,896,511
P7.5:09,ACME Pixel Line IP,pixel,-0.2764,-0.0568,2.4130,901,511
P7.5:10,ACME Pixel Line IP,pixel,-0.2513,-0.0568,2.4130,907,511
P7.5:11,ACME Pixel Line IP,pixel,-0.2262,-0.0568,2.4130,912,511
P7.5:12,ACME Pixel Line IP,pixel,-0.2010,-0.0568,2.4130,917,511
P7.5:13,ACME Pixel Line IP,pixel,-0.1759,-0.0568,2.4130,923,511
P7.5:14,ACME Pixel Line IP,pixel,-0.1508,-0.0568,2.4130,928,511
P7.5:15,ACME Pixel Line IP,pixel,-0.1256,-0.0568,2.4130,933,511
P7.5:16,ACME Pixel Line IP,pixel,-0.1005,-0.0568,2.4130,938,511
P7.5:17,ACME Pixel Line IP,pixel,-0.0754,-0.0568,2.4130,944,511
P7.5:18,ACME Pixel Line IP,pixel,-0.0503,-0.0568,2.4130,949,511
P7.5:19,ACME Pixel Line IP,pixel,-0.0251,-0.0568,2.4130,954,511
P7.5:20,ACME Pixel Line IP,pixel,0.0000,-0.0568,2.4130,960,511
P7.5:21,ACME Pixel Line IP,pixel,0.0251,-0.0568,2.4130,965,511
P7.5:22,ACME Pixel Line IP,pixel,0.0503,-0.0568,2.4130,970,511
P7.5:23,ACME Pixel Line IP,pixel,0.0754,-0.0568,2.4130,975,511
P7.5:24,ACME Pixel Line IP,pixel,0.1005,-0.0568,2.4130,981,511
P7.5:25,ACME Pixel Line IP,pixel,0.1256,-0.0568,2.4130,986,511
P7.5:26,ACME Pixel Line IP,pixel,0.1508,-0.0568,2.4130,991,511
P7.5:27,ACME Pixel Line IP,pixel,0.1759,-0.0568,2.4130,996,511
P7.5:28,ACME Pixel Line IP,pixel,0.2010,-0.0568,2.4130,1002,511
P7.5:29,ACME Pixel Line IP,pixel,0.2262,-0.0568,2.4130,1007,511
P7.5:30,ACME Pixel Line IP,pixel,0.2513,-0.0568,2.4130,1012,511
P7.5:31,ACME Pixel Line IP,pixel,0.2764,-0.0568,2.4130,1018,511
P7.5:32,ACME Pixel Line IP,pixel,0.3015,-0.0568,2.4130,1023,511
P7.5:33,ACME Pixel Line IP,pixel,0.3267,-0.0568,2.4130,1028,511
P7.5:34,ACME Pixel Line IP,pixel,0.3518,-0.0568,2.4130,1033,511
P7.5:35,ACME Pixel Line IP,pixel,0.3769,-0.0568,2.4130,1039,511
P7.5:36,ACME Pixel Line IP,pixel,0.4021,-0.0568,2.4130,1044,511
P7.5:37,ACME Pixel Line IP,pixel,0.4272,-0.0568,2.4130,1049,511
P7.5:38,ACME Pixel Line IP,pixel,0.4523,-0.0568,2.4130,1054,511
P7.5:39,ACME Pixel Line IP,pixel,0.4774,-0.0568,2.4130,1060,511
P7.6:01,ACME Pixel Line IP,pixel,0.5386,-0.0568,2.4130,1073,511
P7.6:02,ACME Pixel Line IP,pixel,0.5637,-0.0568,2.4130,1078,511
P7.6:03,ACME Pixel Line IP,pixel,0.5888,-0.0568,2.4130,1083,511
P7.6:04,ACME Pixel Line IP,pixel,0.6139,-0.0568,2.4130,1088,511
P7.6:05,ACME Pixel Line IP,pixel,0.6391,-0.0568,2.4130,1094,511
P7.6:06,ACME Pixel Line IP,pixel,0.6642,-0.0568,2.4130,1099,511
P7.6:07,ACME Pixel Line IP,pixel,0.6893,-0.0568,2.4130,1104,511
P7.6:08,ACME Pixel Line IP,pixel,0.7145,-0.0568,2.4130,1110,511
P7.6:09,ACME Pixel Line IP,pixel,0.7396,-0.0568,2.4130,1115,511
P7.6:10,ACME Pixel Line IP,pixel,0.7647,-0.0568,2.4130,1120,511
P7.6:11,ACME Pixel Line IP,pixel,0.7898,-0.0568,2.4130,1125,511
P7.6:12,ACME Pixel Line IP,pixel,0.8150,-0.0568,2.4130,1131,511
P7.6:13,ACME Pixel Line IP,pixel,0.8401,-0.0568,2.4130,1136,511
P7.6:14,ACME Pixel Line IP,pixel,0.8652,-0.0568,2.4130,1141,511
P7.6:15,ACME Pixel Line IP,pixel,0.8904,-0.0568,2.4130,1146,511
P7.6:16,ACME Pixel Line IP,pixel,0.9155,-0.0568,2.4130,1152,511
P7.6:17,ACME Pixel Line IP,pixel,0.9406,-0.0568,2.4130,1157,511
P7.6:18,ACME Pixel Line IP,pixel,0.9657,-0.0568,2.4130,1162,511
P7.6:19,ACME Pixel Line IP,pixel,0.9909,-0.0568,2.4130,1168,511
P7.6:20,ACME Pixel Line IP,pixel,1.0160,-0.0568,2.4130,1173,511
P7.6:21,ACME Pixel Line IP,pixel,1.0411,-0.0568,2.4130,1178,511
P7.6:22,ACME Pixel Line IP,pixel,1.0663,-0.0568,2.4130,1183,511
P7.6:23,ACME Pixel Line IP,pixel,1.0914,-0.0568,2.4130,1189,511
P7.6:24,ACME Pixel Line IP,pixel,1.1165,-0.0568,2.4130,1194,511
P7.6:25,ACME Pixel Line IP,pixel,1.1416,-0.0568,2.4130,1199,511
P7.6:26,ACME Pixel Line IP,pixel,1.1668,-0.0568,2.4130,1204,511
P7.6:27,ACME Pixel Line IP,pixel,1.1919,-0.0568,2.4130,1210,511
P7.6:28,ACME Pixel Line IP,pixel,1.2170,-0.0568,2.4130,1215,511
P7.6:29,ACME Pixel Line IP,pixel,1.2422,-0.0568,2.4130,1220,511
P7.6:30,ACME Pixel Line IP,pixel,1.2673,-0.0568,2.4130,1226,511
P7.6:31,ACME Pixel Line IP,pixel,1.2924,-0.0568,2.4130,1231,511
P7.6:32,ACME Pixel Line IP,pixel,1.3175,-0.0568,2.4130,1236,511
P7.6:33,ACME Pixel Line IP,pixel,1.3427,-0.0568,2.4130,1241,511
P7.6:34,ACME Pixel Line IP,pixel,1.3678,-0.0568,2.4130,1247,511
P7.6:35,ACME Pixel Line IP,pixel,1.3929,-0.0568,2.4130,1252,511
P7.6:36,ACME Pixel Line IP,pixel,1.4181,-0.0568,2.4130,1257,511
P7.6:37,ACME Pixel Line IP,pixel,1.4432,-0.0568,2.4130,1263,511
P7.6:38,ACME Pixel Line IP,pixel,1.4683,-0.0568,2.4130,1268,511
P7.6:39,ACME Pixel Line IP,pixel,1.4934,-0.0568,2.4130,1273,511
P7.7:01,ACME Pixel Line IP,pixel,1.5546,-0.0568,2.4130,1286,511
P7.7:02,ACME Pixel Line IP,pixel,1.5797,-0.0568,2.4130,1291,511
P7.7:03,ACME Pixel Line IP,pixel,1.6048,-0.0568,2.4130,1296,511
P7.7:04,ACME Pixel Line IP,pixel,1.6299,-0.0568,2.4130,1302,511
P7.7:05,ACME Pixel Line IP,pixel,1.6551,-0.0568,2.4130,1307,511
P7.7:06,ACME Pixel Line IP,pixel,1.6802,-0.0568,2.4130,1312,511
P7.7:07,ACME Pixel Line IP,pixel,1.7053,-0.0568,2.4130,1318,511
P7.7:08,ACME Pixel Line IP,pixel,1.7305,-0.0568,2.4130,1323,511
P7.7:09,ACME Pixel Line IP,pixel,1.7556,-0.0568,2.4130,1328,511
P7.7:10,ACME Pixel Line IP,pixel,1.7807,-0.0568,2.4130,1333,511
P7.7:11,ACME Pixel Line IP,pixel,1.8058,-0.0568,2.4130,1339,511
P7.7:12,ACME Pixel Line IP,pixel,1.8310,-0.0568,2.4130,1344,511
P7.7:13,ACME Pixel Line IP,pixel,1.8561,-0.0568,2.4130,1349,511
P7.7:14,ACME Pixel Line IP,pixel,1.8812,-0.0568,2.4130,1355,511
P7.7:15,ACME Pixel Line IP,pixel,1.9064,-0.0568,2.4130,1360,511
P7.7:16,ACME Pixel Line IP,pixel,1.9315,-0.0568,2.4130,1365,511
P7.7:17,ACME Pixel Line IP,pixel,1.9566,-0.0568,2.4130,1370,511
P7.7:18,ACME Pixel Line IP,pixel,1.9817,-0.0568,2.4130,1376,511
P7.7:19,ACME Pixel Line IP,pixel,2.0069,-0.0568,2.4130,1381,511
P7.7:20,ACME Pixel Line IP,pixel,2.0320,-0.0568,2.4130,1386,511
P7.7:21,ACME Pixel Line IP,pixel,2.0571,-0.0568,2.4130,1391,511
P7.7:22,ACME Pixel Line IP,pixel,2.0823,-0.0568,2.4130,1397,511
P7.7:23,ACME Pixel Line IP,pixel,2.1074,-0.0568,2.4130,1402,511
P7.7:24,ACME Pixel Line IP,pixel,2.1325,-0.0568,2.4130,1407,511
P7.7:25,ACME Pixel Line IP,pixel,2.1576,-0.0568,2.4130,1413,511
P7.7:26,ACME Pixel Line IP,pixel,2.1828,-0.0568,2.4130,1418,511
P7.7:27,ACME Pixel Line IP,pixel,2.2079,-0.0568,2.4130,1423,511
P7.7:28,ACME Pixel Line IP,pixel,2.2330,-0.0568,2.4130,1428,511
P7.7:29,ACME Pixel Line IP,pixel,2.2582,-0.0568,2.4130,1434,511
P7.7:30,ACME Pixel Line IP,pixel,2.2833,-0.0568,2.4130,1439,511
P7.7:31,ACME Pixel Line IP,pixel,2.3084,-0.0568,2.4130,1444,511
P7.7:32,ACME Pixel Line IP,pixel,2.3335,-0.0568,2.4130,1449,511
P7.7:33,ACME Pixel Line IP,pixel,2.3587,-0.0568,2.4130,1455,511
P7.7:34,ACME Pixel Line IP,pixel,2.3838,-0.0568,2.4130,1460,511
P7.7:35,ACME Pixel Line IP,pixel,2.4089,-0.0568,2.4130,1465,511
P7.7:36,ACME Pixel Line IP,pixel,2.4341,-0.0568,2.4130,1471,511
P7.7:37,ACME Pixel Line IP,pixel,2.4592,-0.0568,2.4130,1476,511
P7.7:38,ACME Pixel Line IP,pixel,2.4843,-0.0568,2.4130,1481,511
P7.7:39,ACME Pixel Line IP,pixel,2.5094,-0.0568,2.4130,1486,511
P7.8:01,ACME Pixel Line IP,pixel,2.5706,-0.0568,2.4130,1499,511
P7.8:02,ACME Pixel Line IP,pixel,2.5957,-0.0568,2.4130,1505,511
P7.8:03,ACME Pixel Line IP,pixel,2.6208,-0.0568,2.4130,1510,511
P7.8:04,ACME Pixel Line IP,pixel,2.6459,-0.0568,2.4130,1515,511
P7.8:05,ACME Pixel Line IP,pixel,2.6711,-0.0568,2.4130,1520,511
P7.8:06,ACME Pixel Line IP,pixel,2.6962,-0.0568,2.4130,1526,511
P7.8:07,ACME Pixel Line IP,pixel,2.7213,-0.0568,2.4130,1531,511
P7.8:08,ACME Pixel Line IP,pixel,2.7465,-0.0568,2.4130,1536,511
P7.8:09,ACME Pixel Line IP,pixel,2.7716,-0.0568,2.4130,1541,511
P7.8:10,ACME Pixel Line IP,pixel,2.7967,-0.0568,2.4130,1547,511
P7.8:11,ACME Pixel Line IP,pixel,2.8218,-0.0568,2.4130,1552,511
P7.8:12,ACME Pixel Line IP,pixel,2.8470,-0.0568,2.4130,1557,511
P7.8:13,ACME Pixel Line IP,pixel,2.8721,-0.0568,2.4130,1563,511
P7.8:14,ACME Pixel Line IP,pixel,2.8972,-0.0568,2.4130,1568,511
P7.8:15,ACME Pixel Line IP,pixel,2.9224,-0.0568,2.4130,1573,511
P7.8:16,ACME Pixel Line IP,pixel,2.9475,-0.0568,2.4130,1578,511
P7.8:17,ACME Pixel Line IP,pixel,2.9726,-0.0568,2.4130,1584,511
P7.8:18,ACME Pixel Line IP,pixel,2.9977,-0.0568,2.4130,1589,511
P7.8:19,ACME Pixel Line IP,pixel,3.0229,-0.0568,2.4130,1594,511
P7.8:20,ACME Pixel Line IP,pixel,3.0480,-0.0568,2.4130,1600,511
P7.8:21,ACME Pixel Line IP,pixel,3.0731,-0.0568,2.4130,1605,511
P7.8:22,ACME Pixel Line IP,pixel,3.0983,-0.0568,2.4130,1610,511
P7.8:23,ACME Pixel Line IP,pixel,3.1234,-0.0568,2.4130,1615,511
P7.8:24,ACME Pixel Line IP,pixel,3.1485,-0.0568,2.4130,1621,511
P7.8:25,ACME Pixel Line IP,pixel,3.1736,-0.0568,2.4130,1626,511
P7.8:26,ACME Pixel Line IP,pixel,3.1988,-0.0568,2.4130,1631,511
P7.8:27,ACME Pixel Line IP,pixel,3.2239,-0.0568,2.4130,1636,511
P7.8:28,ACME Pixel Line IP,pixel,3.2490,-0.0568,2.4130,1642,511
P7.8:29,ACME Pixel Line IP,pixel,3.2742,-0.0568,2.4130,1647,511
P7.8:30,ACME Pixel Line IP,pixel,3.2993,-0.0568,2.4130,1652,511
P7.8:31,ACME Pixel Line IP,pixel,3.3244,-0.0568,2.4130,1658,511
P7.8:32,ACME Pixel Line IP,pixel,3.3495,-0.0568,2.4130,1663,511
P7.8:33,ACME Pixel Line IP,pixel,3.3747,-0.0568,2.4130,1668,511
P7.8:34,ACME Pixel Line IP,pixel,3.3998,-0.0568,2.4130,1673,511
P7.8:35,ACME Pixel Line IP,pixel,3.4249,-0.0568,2.4130,1679,511
P7.8:36,ACME Pixel Line IP,pixel,3.4501,-0.0568,2.4130,1684,511
P7.8:37,ACME Pixel Line IP,pixel,3.4752,-0.0568,2.4130,1689,511
P7.8:38,ACME Pixel Line IP,pixel,3.5003,-0.0568,2.4130,1694,511
P7.8:39,ACME Pixel Line IP,pixel,3.5254,-0.0568,2.4130,1700,511
P7.9:01,ACME Pixel Line IP,pixel,3.5866,-0.0568,2.4130,1713,511
P7.9:02,ACME Pixel Line IP,pixel,3.6117,-0.0568,2.4130,1718,511
P7.9:03,ACME Pixel Line IP,pixel,3.6368,-0.0568,2.4130,1723,511
P7.9:04,ACME Pixel Line IP,pixel,3.6619,-0.0568,2.4130,1728,511
P7.9:05,ACME Pixel Line IP,pixel,3.6871,-0.0568,2.4130,1734,511
P7.9:06,ACME Pixel Line IP,pixel,3.7122,-0.0568,2.4130,1739,511
P7.9:07,ACME Pixel Line IP,pixel,3.7373,-0.0568,2.4130,1744,511
P7.9:08,ACME Pixel Line IP,pixel,3.7625,-0.0568,2.4130,1750,511
P7.9:09,ACME Pixel Line IP,pixel,3.7876,-0.0568,2.4130,1755,511
P7.9:10,ACME Pixel Line IP,pixel,3.8127,-0.0568,2.4130,1760,511
P7.9:11,ACME Pixel Line IP,pixel,3.8378,-0.0568,2.4130,1765,511
P7.9:12,ACME Pixel Line IP,pixel,3.8630,-0.0568,2.4130,1771,511
P7.9:13,ACME Pixel Line IP,pixel,3.8881,-0.0568,2.4130,1776,511
P7.9:14,ACME Pixel Line IP,pixel,3.9132,-0.0568,2.4130,1781,511
P7.9:15,ACME Pixel Line IP,pixel,3.9384,-0.0568,2.4130,1786,511
P7.9:16,ACME Pixel Line IP,pixel,3.9635,-0.0568,2.4130,1792,511
P7.9:17,ACME Pixel Line IP,pixel,3.9886,-0.0568,2.4130,1797,511
P7.9:18,ACME Pixel Line IP,pixel,4.0137,-0.0568,2.4130,1802,511
P7.9:19,ACME Pixel Line IP,pixel,4.0389,-0.0568,2.4130,1808,511
P7.9:20,ACME Pixel Line IP,pixel,4.0640,-0.0568,2.4130,1813,511
P7.9:21,ACME Pixel Line IP,pixel,4.0891,-0.0568,2.4130,1818,511
P7.9:22,ACME Pixel Line IP,pixel,4.1143,-0.0568,2.4130,1823,511
P7.9:23,ACME Pixel Line IP,pixel,4.1394,-0.0568,2.4130,1829,511
P7.9:24,ACME Pixel Line IP,pixel,4.1645,-0.0568,2.4130,1834,511
P7.9:25,ACME Pixel Line IP,pixel,4.1896,-0.0568,2.4130,1839,511
P7.9:26,ACME Pixel Line IP,pixel,4.2148,-0.0568,2.4130,1844,511
P7.9:27,ACME Pixel Line IP,pixel,4.2399,-0.0568,2.4130,1850,511
P7.9:28,ACME Pixel Line IP,pixel,4.2650,-0.0568,2.4130,1855,511
P7.9:29,ACME Pixel Line IP,pixel,4.2902,-0.0568,2.4130,1860,511
P7.9:30,ACME Pixel Line IP,pixel,4.3153,-0.0568,2.4130,1866,511
P7.9:31,ACME Pixel Line IP,pixel,4.3404,-0.0568,2.4130,1871,511
P7.9:32,ACME Pixel Line IP,pixel,4.3655,-0.0568,2.4130,1876,511
P7.9:33,ACME Pixel Line IP,pixel,4.3907,-0.0568,2.4130,1881,511
P7.9:34,ACME Pixel Line IP,pixel,4.4158,-0.0568,2.4130,1887,511
P7.9:35,ACME Pixel Line IP,pixel,4.4409,-0.0568,2.4130,1892,511
P7.9:36,ACME Pixel Line IP,pixel,4.4661,-0.0568,2.4130,1897,511
P7.9:37,ACME Pixel Line IP,pixel,4.4912,-0.0568,2.4130,1903,511
P7.9:38,ACME Pixel Line IP,pixel,4.5163,-0.0568,2.4130,1908,511
P7.9:39,ACME Pixel Line IP,pixel,4.5414,-0.0568,2.4130,1913,511
S1,GLP JDC Burst 1,strobe,-6.7056,-4.4996,1.9812,80,1061
S2,GLP JDC Burst 1,strobe,-4.0132,-4.4996,1.9812,433,1061
S3,GLP JDC Burst 1,strobe,-1.3208,-4.4996,1.9812,786,1061
S4,GLP JDC Burst 1,strobe,1.3716,-4.4996,1.9812,1140,1061
S5,GLP JDC Burst 1,strobe,4.0640,-4.4996,1.9812,1493,1061
S6,GLP JDC Burst 1,strobe,6.7564,-4.4996,1.9812,1846,1061
S7,GLP JDC Burst 1,strobe,-6.7056,-3.5598,1.9812,80,991
S8,GLP JDC Burst 1,strobe,-4.0132,-3.5598,1.9812,433,991
S9,GLP JDC Burst 1,strobe,-1.3208,-3.5598,1.9812,786,991
S10,GLP JDC Burst 1,strobe,1.3716,-3.5598,1.9812,1140,991
S11,GLP JDC Burst 1,strobe,4.0640,-3.5598,1.9812,1493,991
S12,GLP JDC Burst 1,strobe,6.7564,-3.5598,1.9812,1846,991
S13,GLP JDC Burst 1,strobe,-6.7056,-2.6200,1.9812,80,922
S14,GLP JDC Burst 1,strobe,-4.0132,-2.6200,1.9812,433,922
S15,GLP JDC Burst 1,strobe,-1.3208,-2.6200,1.9812,786,922
S16,GLP JDC Burst 1,strobe,1.3716,-2.6200,1.9812,1140,922
S17,GLP JDC Burst 1,strobe,4.0640,-2.6200,1.9812,1493,922
S18,GLP JDC Burst 1,strobe,6.7564,-2.6200,1.9812,1846,922
S19,GLP JDC Burst 1,strobe,-6.7056,-1.6802,1.9812,80,853
S20,GLP JDC Burst 1,strobe,-4.0132,-1.6802,1.9812,433,853
S21,GLP JDC Burst 1,strobe,-1.3208,-1.6802,1.9812,786,853
S22,GLP JDC Burst 1,strobe,1.3716,-1.6802,1.9812,1140,853
S23,GLP JDC Burst 1,strobe,4.0640,-1.6802,1.9812,1493,853
S24,GLP JDC Burst 1,strobe,6.7564,-1.6802,1.9812,1846,853
S25,GLP JDC Burst 1,strobe,-6.7056,-0.7404,1.9812,80,783
S26,GLP JDC Burst 1,strobe,-4.0132,-0.7404,1.9812,433,783
S27,GLP JDC Burst 1,strobe,-1.3208,-0.7404,1.9812,786,783
S28,GLP JDC Burst 1,strobe,1.3716,-0.7404,1.9812,1140,783
S29,GLP JDC Burst 1,strobe,4.0640,-0.7404,1.9812,1493,783
S30,GLP JDC Burst 1,strobe,6.7564,-0.7404,1.9812,1846,783
R1,GLP JDC Burst 1,strobe,-4.2672,1.3424,3.8354,400,630
R2,GLP JDC Burst 1,strobe,-3.0480,1.3424,3.8354,560,630
R3,GLP JDC Burst 1,strobe,-1.8288,1.3424,3.8354,720,630
R4,GLP JDC Burst 1,strobe,-0.6096,1.3424,3.8354,880,630
R5,GLP JDC Burst 1,strobe,0.6096,1.3424,3.8354,1040,630
R6,GLP JDC Burst 1,strobe,1.8288,1.3424,3.8354,1200,630
R7,GLP JDC Burst 1,strobe,3.0480,1.3424,3.8354,1360,630
R8,GLP JDC Burst 1,strobe,4.2672,1.3424,3.8354,1519,630
