id,fixture,kind,x_m,y_m,z_m,col,row
P1.1:01,ACME Pixel Line IP,pixel,-4.5414,4.5576,6.8610,6,31
P1.1:02,ACME Pixel Line IP,pixel,-4.5163,4.5576,6.8610,11,31
P1.1:03,ACME Pixel Line IP,pixel,-4.4912,4.5576,6.8610,16,31
P1.1:04,ACME Pixel Line IP,pixel,-4.4661,4.5576,6.8610,22,31
P1.1:05,ACME Pixel Line IP,pixel,-4.4409,4.5576,6.8610,27,31
P1.1:06,ACME Pixel Line IP,pixel,-4.4158,4.5576,6.8610,32,31
P1.1:07,ACME Pixel Line IP,pixel,-4.3907,4.5576,6.8610,38,31
P1.1:08,ACME Pixel Line IP,pixel,-4.3655,4.5576,6.8610,43,31
P1.1:09,ACME Pixel Line IP,pixel,-4.3404,4.5576,6.8610,48,31
P1.1:10,ACME Pixel Line IP,pixel,-4.3153,4.5576,6.8610,53,31
P1.1:11,ACME Pixel Line IP,pixel,-4.2902,4.5576,6.8610,59,31
P1.1:12,ACME Pixel Line IP,pixel,-4.2650,4.5576,6.8610,64,31
P1.1:13,ACME Pixel Line IP,pixel,-4.2399,4.5576,6.8610,69,31
P1.1:14,ACME Pixel Line IP,pixel,-4.2148,4.5576,6.8610,75,31
P1.1:15,ACME Pixel Line IP,pixel,-4.1896,4.5576,6.8610,80,31
P1.1:16,ACME Pixel Line IP,pixel,-4.1645,4.5576,6.8610,85,31
P1.1:17,ACME Pixel Line IP,pixel,-4.1394,4.5576,6.8610,90,31
P1.1:18,ACME Pixel Line IP,pixel,-4.1143,4.5576,6.8610,96,31
P1.1:19,ACME Pixel Line IP,pixel,-4.0891,4.5576,6.8610,101,31
P1.1:20,ACME Pixel Line IP,pixel,-4.0640,4.5576,6.8610,106,31
P1.1:21,ACME Pixel Line IP,pixel,-4.0389,4.5576,6.8610,111,31
P1.1:22,ACME Pixel Line IP,pixel,-4.0137,4.5576,6.8610,117,31
P1.1:23,ACME Pixel Line IP,pixel,-3.9886,4.5576,6.8610,122,31
P1.1:24,ACME Pixel Line IP,pixel,-3.9635,4.5576,6.8610,127,31
P1.1:25,ACME Pixel Line IP,pixel,-3.9384,4.5576,6.8610,133,31
P1.1:26,ACME Pixel Line IP,pixel,-3.9132,4.5576,6.8610,138,31
P1.1:27,ACME Pixel Line IP,pixel,-3.8881,4.5576,6.8610,143,31
P1.1:28,ACME Pixel Line IP,pixel,-3.8630,4.5576,6.8610,148,31
P1.1:29,ACME Pixel Line IP,pixel,-3.8378,4.5576,6.8610,154,31
P1.1:30,ACME Pixel Line IP,pixel,-3.8127,4.5576,6.8610,159,31
P1.1:31,ACME Pixel Line IP,pixel,-3.7876,4.5576,6.8610,164,31
P1.1:32,ACME Pixel Line IP,pixel,-3.7625,4.5576,6.8610,169,31
P1.1:33,ACME Pixel Line IP,pixel,-3.7373,4.5576,6.8610,175,31
P1.1:34,ACME Pixel Line IP,pixel,-3.7122,4.5576,6.8610,180,31
P1.1:35,ACME Pixel Line IP,pixel,-3.6871,4.5576,6.8610,185,31
P1.1:36,ACME Pixel Line IP,pixel,-3.6619,4.5576,6.8610,191,31
P1.1:37,ACME Pixel Line IP,pixel,-3.6368,4.5576,6.8610,196,31
P1.1:38,ACME Pixel Line IP,pixel,-3.6117,4.5576,6.8610,201,31
P1.1:39,ACME Pixel Line IP,pixel,-3.5866,4.5576,6.8610,206,31
P1.2:01,ACME Pixel Line IP,pixel,-3.5254,4.5576,6.8610,219,31
P1.2:02,ACME Pixel Line IP,pixel,-3.5003,4.5576,6.8610,225,31
P1.2:03,ACME Pixel Line IP,pixel,-3.4752,4.5576,6.8610,230,31
P1.2:04,ACME Pixel Line IP,pixel,-3.4501,4.5576,6.8610,235,31
P1.2:05,ACME Pixel Line IP,pixel,-3.4249,4.5576,6.8610,240,31
P1.2:06,ACME Pixel Line IP,pixel,-3.3998,4.5576,6.8610,246,31
P1.2:07,ACME Pixel Line IP,pixel,-3.3747,4.5576,6.8610,251,31
P1.2:08,ACME Pixel Line IP,pixel,-3.3495,4.5576,6.8610,256,31
P1.2:09,ACME Pixel Line IP,pixel,-3.3244,4.5576,6.8610,261,31
P1.2:10,ACME Pixel Line IP,pixel,-3.2993,4.5576,6.8610,267,31
P1.2:11,ACME Pixel Line IP,pixel,-3.2742,4.5576,6.8610,272,31
P1.2:12,ACME Pixel Line IP,pixel,-3.2490,4.5576,6.8610,277,31
P1.2:13,ACME Pixel Line IP,pixel,-3.2239,4.5576,6.8610,283,31
P1.2:14,ACME Pixel Line IP,pixel,-3.1988,4.5576,6.8610,288,31
P1.2:15,ACME Pixel Line IP,pixel,-3.1736,4.5576,6.8610,293,31
P1.2:16,ACME Pixel Line IP,pixel,-3.1485,4.5576,6.8610,298,31
P1.2:17,ACME Pixel Line IP,pixel,-3.1234,4.5576,6.8610,304,31
P1.2:18,ACME Pixel Line IP,pixel,-3.0983,4.5576,6.8610,309,31
P1.2:19,ACME Pixel Line IP,pixel,-3.0731,4.5576,6.8610,314,31
P1.2:20,ACME Pixel Line IP,pixel,-3.0480,4.5576,6.8610,320,31
P1.2:21,ACME Pixel Line IP,pixel,-3.0229,4.5576,6.8610,325,31
P1.2:22,ACME Pixel Line IP,pixel,-2.9977,4.5576,6.8610,330,31
P1.2:23,ACME Pixel Line IP,pixel,-2.9726,4.5576,6.8610,335,31
P1.2:24,ACME Pixel Line IP,pixel,-2.9475,4.5576,6.8610,341,31
P1.2:25,ACME Pixel Line IP,pixel,-2.9224,4.5576,6.8610,346,31
P1.2:26,ACME Pixel Line IP,pixel,-2.8972,4.5576,6.8610,351,31
P1.2:27,ACME Pixel Line IP,pixel,-2.8721,4.5576,6.8610,356,31
P1.2:28,ACME Pixel Line IP,pixel,-2.8470,4.5576,6.8610,362,31
P1.2:29,ACME Pixel Line IP,pixel,-2.8218,4.5576,6.8610,367,31
P1.2:30,ACME Pixel Line IP,pixel,-2.7967,4.5576,6.8610,372,31
P1.2:31,ACME Pixel Line IP,pixel,-2.7716,4.5576,6.8610,378,31
P1.2:32,ACME Pixel Line IP,pixel,-2.7465,4.5576,6.8610,383,31
P1.2:33,ACME Pixel Line IP,pixel,-2.7213,4.5576,6.8610,388,31
P1.2:34,ACME Pixel Line IP,pixel,-2.6962,4.5576,6.8610,393,31
P1.2:35,ACME Pixel Line IP,pixel,-2.6711,4.5576,6.8610,399,31
P1.2:36,ACME Pixel Line IP,pixel,-2.6459,4.5576,6.8610,404,31
P1.2:37,ACME Pixel Line IP,pixel,-2.6208,4.5576,6.8610,409,31
P1.2:38,ACME Pixel Line IP,pixel,-2.5957,4.5576,6.8610,414,31
P1.2:39,ACME Pixel Line IP,pixel,-2.5706,4.5576,6.8610,420,31
P1.3:01,ACME Pixel Line IP,pixel,-2.5094,4.5576,6.8610,433,31
P1.3:02,ACME Pixel Line IP,pixel,-2.4843,4.5576,6.8610,438,31
P1.3:03,ACME Pixel Line IP,pixel,-2.4592,4.5576,6.8610,443,31
P1.3:04,ACME Pixel Line IP,pixel,-2.4341,4.5576,6.8610,448,31
P1.3:05,ACME Pixel Line IP,pixel,-2.4089,4.5576,6.8610,454,31
P1.3:06,ACME Pixel Line IP,pixel,-2.3838,4.5576,6.8610,459,31
P1.3:07,ACME Pixel Line IP,pixel,-2.3587,4.5576,6.8610,464,31
P1.3:08,ACME Pixel Line IP,pixel,-2.3335,4.5576,6.8610,470,31
P1.3:09,ACME Pixel Line IP,pixel,-2.3084,4.5576,6.8610,475,31
P1.3:10,ACME Pixel Line IP,pixel,-2.2833,4.5576,6.8610,480,31
P1.3:11,ACME Pixel Line IP,pixel,-2.2582,4.5576,6.8610,485,31
P1.3:12,ACME Pixel Line IP,pixel,-2.2330,4.5576,6.8610,491,31
P1.3:13,ACME Pixel Line IP,pixel,-2.2079,4.5576,6.8610,496,31
P1.3:14,ACME Pixel Line IP,pixel,-2.1828,4.5576,6.8610,501,31
P1.3:15,ACME Pixel Line IP,pixel,-2.1576,4.5576,6.8610,506,31
P1.3:16,ACME Pixel Line IP,pixel,-2.1325,4.5576,6.8610,512,31
P1.3:17,ACME Pixel Line IP,pixel,-2.1074,4.5576,6.8610,517,31
P1.3:18,ACME Pixel Line IP,pixel,-2.0823,4.5576,6.8610,522,31
P1.3:19,ACME Pixel Line IP,pixel,-2.0571,4.5576,6.8610,528,31
P1.3:20,ACME Pixel Line IP,pixel,-2.0320,4.5576,6.8610,533,31
P1.3:21,ACME Pixel Line IP,pixel,-2.0069,4.5576,6.8610,538,31
P1.3:22,ACME Pixel Line IP,pixel,-1.9817,4.5576,6.8610,543,31
P1.3:23,ACME Pixel Line IP,pixel,-1.9566,4.5576,6.8610,549,31
P1.3:24,ACME Pixel Line IP,pixel,-1.9315,4.5576,6.8610,554,31
P1.3:25,ACME Pixel Line IP,pixel,-1.9064,4.5576,6.8610,559,31
P1.3:26,ACME Pixel Line IP,pixel,-1.8812,4.5576,6.8610,564,31
P1.3:27,ACME Pixel Line IP,pixel,-1.8561,4.5576,6.8610,570,31
P1.3:28,ACME Pixel Line IP,pixel,-1.8310,4.5576,6.8610,575,31
P1.3:29,ACME Pixel Line IP,pixel,-1.8058,4.5576,6.8610,580,31
P1.3:30,ACME Pixel Line IP,pixel,-1.7807,4.5576,6.8610,586,31
P1.3:31,ACME Pixel Line IP,pixel,-1.7556,4.5576,6.8610,591,31
P1.3:32,ACME Pixel Line IP,pixel,-1.7305,4.5576,6.8610,596,31
P1.3:33,ACME Pixel Line IP,pixel,-1.7053,4.5576,6.8610,601,31
P1.3:34,ACME Pixel Line IP,pixel,-1.6802,4.5576,6.8610,607,31
P1.3:35,ACME Pixel Line IP,pixel,-1.6551,4.5576,6.8610,612,31
P1.3:36,ACME Pixel Line IP,pixel,-1.6299,4.5576,6.8610,617,31
P1.3:37,ACME Pixel Line IP,pixel,-1.6048,4.5576,6.8610,623,31
P1.3:38,ACME Pixel Line IP,pixel,-1.5797,4.5576,6.8610,628,31
P1.3:39,ACME Pixel Line IP,pixel,-1.5546,4.5576,6.8610,633,31
P1.4:01,ACME Pixel Line IP,pixel,-1.4934,4.5576,6.8610,646,31
P1.4:02,ACME Pixel Line IP,pixel,-1.4683,4.5576,6.8610,651,31
P1.4:03,ACME Pixel Line IP,pixel,-1.4432,4.5576,6.8610,656,31
P1.4:04,ACME Pixel Line IP,pixel,-1.4181,4.5576,6.8610,662,31
P1.4:05,ACME Pixel Line IP,pixel,-1.3929,4.5576,6.8610,667,31
P1.4:06,ACME Pixel Line IP,pixel,-1.3678,4.5576,6.8610,672,31
P1.4:07,ACME Pixel Line IP,pixel,-1.3427,4.5576,6.8610,678,31
P1.4:08,ACME Pixel Line IP,pixel,-1.3175,4.5576,6.8610,683,31
P1.4:09,ACME Pixel Line IP,pixel,-1.2924,4.5576,6.8610,688,31
P1.4:10,ACME Pixel Line IP,pixel,-1.2673,4.5576,6.8610,693,31
P1.4:11,ACME Pixel Line IP,pixel,-1.2422,4.5576,6.8610,699,31
P1.4:12,ACME Pixel Line IP,pixel,-1.2170,4.5576,6.8610,704,31
P1.4:13,ACME Pixel Line IP,pixel,-1.1919,4.5576,6.8610,709,31
P1.4:14,ACME Pixel Line IP,pixel,-1.1668,4.5576,6.8610,715,31
P1.4:15,ACME Pixel Line IP,pixel,-1.1416,4.5576,6.8610,720,31
P1.4:16,ACME Pixel Line IP,pixel,-1.1165,4.5576,6.8610,725,31
P1.4:17,ACME Pixel Line IP,pixel,-1.0914,4.5576,6.8610,730,31
P1.4:18,ACME Pixel Line IP,pixel,-1.0663,4.5576,6.8610,736,31
P1.4:19,ACME Pixel Line IP,pixel,-1.0411,4.5576,6.8610,741,31
P1.4:20,ACME Pixel Line IP,pixel,-1.0160,4.5576,6.8610,746,31
P1.4:21,ACME Pixel Line IP,pixel,-0.9909,4.5576,6.8610,751,31
P1.4:22,ACME Pixel Line IP,pixel,-0.9657,4.5576,6.8610,757,31
P1.4:23,ACME Pixel Line IP,pixel,-0.9406,4.5576,6.8610,762,31
P1.4:24,ACME Pixel Line IP,pixel,-0.9155,4.5576,6.8610,767,31
P1.4:25,ACME Pixel Line IP,pixel,-0.8904,4.5576,6.8610,773,31
P1.4:26,ACME Pixel Line IP,pixel,-0.8652,4.5576,6.8610,778,31
P1.4:27,ACME Pixel Line IP,pixel,-0.8401,4.5576,6.8610,783,31
P1.4:28,ACME Pixel Line IP,pixel,-0.8150,4.5576,6.8610,788,31
P1.4:29,ACME Pixel Line IP,pixel,-0.7898,4.5576,6.8610,794,31
P1.4:30,ACME Pixel Line IP,pixel,-0.7647,4.5576,6.8610,799,31
P1.4:31,ACME Pixel Line IP,pixel,-0.7396,4.5576,6.8610,804,31
P1.4:32,ACME Pixel Line IP,pixel,-0.7145,4.5576,6.8610,809,31
P1.4:33,ACME Pixel Line IP,pixel,-0.6893,4.5576,6.8610,815,31
P1.4:34,ACME Pixel Line IP,pixel,-0.6642,4.5576,6.8610,820,31
P1.4:35,ACME Pixel Line IP,pixel,-0.6391,4.5576,6.8610,825,31
P1.4:36,ACME Pixel Line IP,pixel,-0.6139,4.5576,6.8610,831,31
P1.4:37,ACME Pixel Line IP,pixel,-0.5888,4.5576,6.8610,836,31
P1.4:38,ACME Pixel Line IP,pixel,-0.5637,4.5576,6.8610,841,31
P1.4:39,ACME Pixel Line IP,pixel,-0.5386,4.5576,6.8610,846,31
P1.5:01,ACME Pixel Line IP,pixel,-0.4774,4.5576,6.8610,859,31
P1.5:02,ACME Pixel Line IP,pixel,-0.4523,4.5576,6.8610,865,31
P1.5:03,ACME Pixel Line IP,pixel,-0.4272,4.5576,6.8610,870,31
P1.5:04,ACME Pixel Line IP,pixel,-0.4021,4.5576,6.8610,875,31
P1.5:05,ACME Pixel Line IP,pixel,-0.3769,4.5576,6.8610,880,31
P1.5:06,ACME Pixel Line IP,pixel,-0.3518,4.5576,6.8610,886,31
P1.5:07,ACME Pixel Line IP,pixel,-0.3267,4.5576,6.8610,891,31
P1.5:08,ACME Pixel Line IP,pixel,-0.3015,4.5576,6.8610,896,31
P1.5:09,ACME Pixel Line IP,pixel,-0.2764,4.5576,6.8610,901,31
P1.5:10,ACME Pixel Line IP,pixel,-0.2513,4.5576,6.8610,907,31
P1.5:11,ACME Pixel Line IP,pixel,-0.2262,4.5576,6.8610,912,31
P1.5:12,ACME Pixel Line IP,pixel,-0.2010,4.5576,6.8610,917,31
P1.5:13,ACME Pixel Line IP,pixel,-0.1759,4.5576,6.8610,923,31
P1.5:14,ACME Pixel Line IP,pixel,-0.1508,4.5576,6.8610,928,31
P1.5:15,ACME Pixel Line IP,pixel,-0.1256,4.5576,6.8610,933,31
P1.5:16,ACME Pixel Line IP,pixel,-0.1005,4.5576,6.8610,938,31
P1.5:17,ACME Pixel Line IP,pixel,-0.0754,4.5576,6.8610,944,31
P1.5:18,ACME Pixel Line IP,pixel,-0.0503,4.5576,6.8610,949,31
P1.5:19,ACME Pixel Line IP,pixel,-0.0251,4.5576,6.8610,954,31
P1.5:20,ACME Pixel Line IP,pixel,0.0000,4.5576,6.8610,960,31
P1.5:21,ACME Pixel Line IP,pixel,0.0251,4.5576,6.8610,965,31
P1.5:22,ACME Pixel Line IP,pixel,0.0503,4.5576,6.8610,970,31
P1.5:23,ACME Pixel Line IP,pixel,0.0754,4.5576,6.8610,975,31
P1.5:24,ACME Pixel Line IP,pixel,0.1005,4.5576,6.8610,981,31
P1.5:25,ACME Pixel Line IP,pixel,0.1256,4.5576,6.8610,986,31
P1.5:26,ACME Pixel Line IP,pixel,0.1508,4.5576,6.8610,991,31
P1.5:27,ACME Pixel Line IP,pixel,0.1759,4.5576,6.8610,996,31
P1.5:28,ACME Pixel Line IP,pixel,0.2010,4.5576,6.8610,1002,31
P1.5:29,ACME Pixel Line IP,pixel,0.2262,4.5576,6.8610,1007,31
P1.5:30,ACME Pixel Line IP,pixel,0.2513,4.5576,6.8610,1012,31
P1.5:31,ACME Pixel Line IP,pixel,0.2764,4.5576,6.8610,1018,31
P1.5:32,ACME Pixel Line IP,pixel,0.3015,4.5576,6.8610,1023,31
P1.5:33,ACME Pixel Line IP,pixel,0.3267,4.5576,6.8610,1028,31
P1.5:34,ACME Pixel Line IP,pixel,0.3518,4.5576,6.8610,1033,31
P1.5:35,ACME Pixel Line IP,pixel,0.3769,4.5576,6.8610,1039,31
P1.5:36,ACME Pixel Line IP,pixel,0.4021,4.5576,6.8610,1044,31
P1.5:37,ACME Pixel Line IP,pixel,0.4272,4.5576,6.8610,1049,31
P1.5:38,ACME Pixel Line IP,pixel,0.4523,4.5576,6.8610,1054,31
P1.5:39,ACME Pixel Line IP,pixel,0.4774,4.5576,6.8610,1060,31
P1.6:01,ACME Pixel Line IP,pixel,0.5386,4.5576,6.8610,1073,31
P1.6:02,ACME Pixel Line IP,pixel,0.5637,4.5576,6.8610,1078,31
P1.6:03,ACME Pixel Line IP,pixel,0.5888,4.5576,6.8610,1083,31
P1.6:04,ACME Pixel Line IP,pixel,0.6139,4.5576,6.8610,1088,31
P1.6:05,ACME Pixel Line IP,pixel,0.6391,4.5576,6.8610,1094,31
P1.6:06,ACME Pixel Line IP,pixel,0.6642,4.5576,6.8610,1099,31
P1.6:07,ACME Pixel Line IP,pixel,0.6893,4.5576,6.8610,1104,31
P1.6:08,ACME Pixel Line IP,pixel,0.7145,4.5576,6.8610,1110,31
P1.6:09,ACME Pixel Line IP,pixel,0.7396,4.5576,6.8610,1115,31
P1.6:10,ACME Pixel Line IP,pixel,0.7647,4.5576,6.8610,1120,31
P1.6:11,ACME Pixel Line IP,pixel,0.7898,4.5576,6.8610,1125,31
P1.6:12,ACME Pixel Line IP,pixel,0.8150,4.5576,6.8610,1131,31
P1.6:13,ACME Pixel Line IP,pixel,0.8401,4.5576,6.8610,1136,31
P1.6:14,ACME Pixel Line IP,pixel,0.8652,4.5576,6.8610,1141,31
P1.6:15,ACME Pixel Line IP,pixel,0.8904,4.5576,6.8610,1146,31
P1.6:16,ACME Pixel Line IP,pixel,0.9155,4.5576,6.8610,1152,31
P1.6:17,ACME Pixel Line IP,pixel,0.9406,4.5576,6.8610,1157,31
P1.6:18,ACME Pixel Line IP,pixel,0.9657,4.5576,6.8610,1162,31
P1.6:19,ACME Pixel Line IP,pixel,0.9909,4.5576,6.8610,1168,31
P1.6:20,ACME Pixel Line IP,pixel,1.0160,4.5576,6.8610,1173,31
P1.6:21,ACME Pixel Line IP,pixel,1.0411,4.5576,6.8610,1178,31
P1.6:22,ACME Pixel Line IP,pixel,1.0663,4.5576,6.8610,1183,31
P1.6:23,ACME Pixel Line IP,pixel,1.0914,4.5576,6.8610,1189,31
P1.6:24,ACME Pixel Line IP,pixel,1.1165,4.5576,6.8610,1194,31
P1.6:25,ACME Pixel Line IP,pixel,1.1416,4.5576,6.8610,1199,31
P1.6:26,ACME Pixel Line IP,pixel,1.1668,4.5576,6.8610,1204,31
P1.6:27,ACME Pixel Line IP,pixel,1.1919,4.5576,6.8610,1210,31
P1.6:28,ACME Pixel Line IP,pixel,1.2170,4.5576,6.8610,1215,31
P1.6:29,ACME Pixel Line IP,pixel,1.2422,4.5576,6.8610,1220,31
P1.6:30,ACME Pixel Line IP,pixel,1.2673,4.5576,6.8610,1226,31
P1.6:31,ACME Pixel Line IP,pixel,1.2924,4.5576,6.8610,1231,31
P1.6:32,ACME Pixel Line IP,pixel,1.3175,4.5576,6.8610,1236,31
P1.6:33,ACME Pixel Line IP,pixel,1.3427,4.5576,6.8610,1241,31
P1.6:34,ACME Pixel Line IP,pixel,1.3678,4.5576,6.8610,1247,31
P1.6:35,ACME Pixel Line IP,pixel,1.3929,4.5576,6.8610,1252,31
P1.6:36,ACME Pixel Line IP,pixel,1.4181,4.5576,6.8610,1257,31
P1.6:37,ACME Pixel Line IP,pixel,1.4432,4.5576,6.8610,1263,31
P1.6:38,ACME Pixel Line IP,pixel,1.4683,4.5576,6.8610,1268,31
P1.6:39,ACME Pixel Line IP,pixel,1.4934,4.5576,6.8610,1273,31
P1.7:01,ACME Pixel Line IP,pixel,1.5546,4.5576,6.8610,1286,31
P1.7:02,ACME Pixel Line IP,pixel,1.5797,4.5576,6.8610,1291,31
P1.7:03,ACME Pixel Line IP,pixel,1.6048,4.5576,6.8610,1296,31
P1.7:04,ACME Pixel Line IP,pixel,1.6299,4.5576,6.8610,1302,31
P1.7:05,ACME Pixel Line IP,pixel,1.6551,4.5576,6.8610,1307,31
P1.7:06,ACME Pixel Line IP,pixel,1.6802,4.5576,6.8610,1312,31
P1.7:07,ACME Pixel Line IP,pixel,1.7053,4.5576,6.8610,1318,31
P1.7:08,ACME Pixel Line IP,pixel,1.7305,4.5576,6.8610,1323,31
P1.7:09,ACME Pixel Line IP,pixel,1.7556,4.5576,6.8610,1328,31
P1.7:10,ACME Pixel Line IP,pixel,1.7807,4.5576,6.8610,1333,31
P1.7:11,ACME Pixel Line IP,pixel,1.8058,4.5576,6.8610,1339,31
P1.7:12,ACME Pixel Line IP,pixel,1.8310,4.5576,6.8610,1344,31
P1.7:13,ACME Pixel Line IP,pixel,1.8561,4.5576,6.8610,1349,31
P1.7:14,ACME Pixel Line IP,pixel,1.8812,4.5576,6.8610,1355,31
P1.7:15,ACME Pixel Line IP,pixel,1.9064,4.5576,6.8610,1360,31
P1.7:16,ACME Pixel Line IP,pixel,1.9315,4.5576,6.8610,1365,31
P1.7:17,ACME Pixel Line IP,pixel,1.9566,4.5576,6.8610,1370,31
P1.7:18,ACME Pixel Line IP,pixel,1.9817,4.5576,6.8610,1376,31
P1.7:19,ACME Pixel Line IP,pixel,2.0069,4.5576,6.8610,1381,31
P1.7:20,ACME Pixel Line IP,pixel,2.0320,4.5576,6.8610,1386,31
P1.7:21,ACME Pixel Line IP,pixel,2.0571,4.5576,6.8610,1391,31
P1.7:22,ACME Pixel Line IP,pixel,2.0823,4.5576,6.8610,1397,31
P1.7:23,ACME Pixel Line IP,pixel,2.1074,4.5576,6.8610,1402,31
P1.7:24,ACME Pixel Line IP,pixel,2.1325,4.5576,6.8610,1407,31
P1.7:25,ACME Pixel Line IP,pixel,2.1576,4.5576,6.8610,1413,31
P1.7:26,ACME Pixel Line IP,pixel,2.1828,4.5576,6.8610,1418,31
P1.7:27,ACME Pixel Line IP,pixel,2.2079,4.5576,6.8610,1423,31
P1.7:28,ACME Pixel Line IP,pixel,2.2330,4.5576,6.8610,1428,31
P1.7:29,ACME Pixel Line IP,pixel,2.2582,4.5576,6.8610,1434,31
P1.7:30,ACME Pixel Line IP,pixel,2.2833,4.5576,6.8610,1439,31
P1.7:31,ACME Pixel Line IP,pixel,2.3084,4.5576,6.8610,1444,31
P1.7:32,ACME Pixel Line IP,pixel,2.3335,4.5576,6.8610,1449,31
P1.7:33,ACME Pixel Line IP,pixel,2.3587,4.5576,6.8610,1455,31
P1.7:34,ACME Pixel Line IP,pixel,2.3838,4.5576,6.8610,1460,31
P1.7:35,ACME Pixel Line IP,pixel,2.4089,4.5576,6.8610,1465,31
P1.7:36,ACME Pixel Line IP,pixel,2.4341,4.5576,6.8610,1471,31
P1.7:37,ACME Pixel Line IP,pixel,2.4592,4.5576,6.8610,1476,31
P1.7:38,ACME Pixel Line IP,pixel,2.4843,4.5576,6.8610,1481,31
P1.7:39,ACME Pixel Line IP,pixel,2.5094,4.5576,6.8610,1486,31
P1.8:01,ACME Pixel Line IP,pixel,2.5706,4.5576,6.8610,1499,31
P1.8:02,ACME Pixel Line IP,pixel,2.5957,4.5576,6.8610,1505,31
P1.8:03,ACME Pixel Line IP,pixel,2.6208,4.5576,6.8610,1510,31
P1.8:04,ACME Pixel Line IP,pixel,2.6459,4.5576,6.8610,1515,31
P1.8:05,ACME Pixel Line IP,pixel,2.6711,4.5576,6.8610,1520,31
P1.8:06,ACME Pixel Line IP,pixel,2.6962,4.5576,6.8610,1526,31
P1.8:07,ACME Pixel Line IP,pixel,2.7213,4.5576,6.8610,1531,31
P1.8:08,ACME Pixel Line IP,pixel,2.7465,4.5576,6.8610,1536,31
P1.8:09,ACME Pixel Line IP,pixel,2.7716,4.5576,6.8610,1541,31
P1.8:10,ACME Pixel Line IP,pixel,2.7967,4.5576,6.8610,1547,31
P1.8:11,ACME Pixel Line IP,pixel,2.8218,4.5576,6.8610,1552,31
P1.8:12,ACME Pixel Line IP,pixel,2.8470,4.5576,6.8610,1557,31
P1.8:13,ACME Pixel Line IP,pixel,2.8721,4.5576,6.8610,1563,31
P1.8:14,ACME Pixel Line IP,pixel,2.8972,4.5576,6.8610,1568,31
P1.8:15,ACME Pixel Line IP,pixel,2.9224,4.5576,6.8610,1573,31
P1.8:16,ACME Pixel Line IP,pixel,2.9475,4.5576,6.8610,1578,31
P1.8:17,ACME Pixel Line IP,pixel,2.9726,4.5576,6.8610,1584,31
P1.8:18,ACME Pixel Line IP,pixel,2.9977,4.5576,6.8610,1589,31
P1.8:19,ACME Pixel Line IP,pixel,3.0229,4.5576,6.8610,1594,31
P1.8:20,ACME Pixel Line IP,pixel,3.0480,4.5576,6.8610,1600,31
P1.8:21,ACME Pixel Line IP,pixel,3.0731,4.5576,6.8610,1605,31
P1.8:22,ACME Pixel Line IP,pixel,3.0983,4.5576,6.8610,1610,31
P1.8:23,ACME Pixel Line IP,pixel,3.1234,4.5576,6.8610,1615,31
P1.8:24,ACME Pixel Line IP,pixel,3.1485,4.5576,6.8610,1621,31
P1.8:25,ACME Pixel Line IP,pixel,3.1736,4.5576,6.8610,1626,31
P1.8:26,ACME Pixel Line IP,pixel,3.1988,4.5576,6.8610,1631,31
P1.8:27,ACME Pixel Line IP,pixel,3.2239,4.5576,6.8610,1636,31
P1.8:28,ACME Pixel Line IP,pixel,3.2490,4.5576,6.8610,1642,31
P1.8:29,ACME Pixel Line IP,pixel,3.2742,4.5576,6.8610,1647,31
P1.8:30,ACME Pixel Line IP,pixel,3.2993,4.5576,6.8610,1652,31
P1.8:31,ACME Pixel Line IP,pixel,3.3244,4.5576,6.8610,1658,31
P1.8:32,ACME Pixel Line IP,pixel,3.3495,4.5576,6.8610,1663,31
P1.8:33,ACME Pixel Line IP,pixel,3.3747,4.5576,6.8610,1668,31
P1.8:34,ACME Pixel Line IP,pixel,3.3998,4.5576,6.8610,1673,31
P1.8:35,ACME Pixel Line IP,pixel,3.4249,4.5576,6.8610,1679,31
P1.8:36,ACME Pixel Line IP,pixel,3.4501,4.5576,6.8610,1684,31
P1.8:37,ACME Pixel Line IP,pixel,3.4752,4.5576,6.8610,1689,31
P1.8:38,ACME Pixel Line IP,pixel,3.5003,4.5576,6.8610,1694,31
P1.8:39,ACME Pixel Line IP,pixel,3.5254,4.5576,6.8610,1700,31
P1.9:01,ACME Pixel Line IP,pixel,3.5866,4.5576,6.8610,1713,31
P1.9:02,ACME Pixel Line IP,pixel,3.6117,4.5576,6.8610,1718,31
P1.9:03,ACME Pixel Line IP,pixel,3.6368,4.5576,6.8610,1723,31
P1.9:04,ACME Pixel Line IP,pixel,3.6619,4.5576,6.8610,1728,31
P1.9:05,ACME Pixel Line IP,pixel,3.6871,4.5576,6.8610,1734,31
P1.9:06,ACME Pixel Line IP,pixel,3.7122,4.5576,6.8610,1739,31
P1.9:07,ACME Pixel Line IP,pixel,3.7373,4.5576,6.8610,1744,31
P1.9:08,ACME Pixel Line IP,pixel,3.7625,4.5576,6.8610,1750,31
P1.9:09,ACME Pixel Line IP,pixel,3.7876,4.5576,6.8610,1755,31
P1.9:10,ACME Pixel Line IP,pixel,3.8127,4.5576,6.8610,1760,31
P1.9:11,ACME Pixel Line IP,pixel,3.8378,4.5576,6.8610,1765,31
P1.9:12,ACME Pixel Line IP,pixel,3.8630,4.5576,6.8610,1771,31
P1.9:13,ACME Pixel Line IP,pixel,3.8881,4.5576,6.8610,1776,31
P1.9:14,ACME Pixel Line IP,pixel,3.9132,4.5576,6.8610,1781,31
P1.9:15,ACME Pixel Line IP,pixel,3.9384,4.5576,6.8610,1786,31
P1.9:16,ACME Pixel Line IP,pixel,3.9635,4.5576,6.8610,1792,31
P1.9:17,ACME Pixel Line IP,pixel,3.9886,4.5576,6.8610,1797,31
P1.9:18,ACME Pixel Line IP,pixel,4.0137,4.5576,6.8610,1802,31
P1.9:19,ACME Pixel Line IP,pixel,4.0389,4.5576,6.8610,1808,31
P1.9:20,ACME Pixel Line IP,pixel,4.0640,4.5576,6.8610,1813,31
P1.9:21,ACME Pixel Line IP,pixel,4.0891,4.5576,6.8610,1818,31
P1.9:22,ACME Pixel Line IP,pixel,4.1143,4.5576,6.8610,1823,31
P1.9:23,ACME Pixel Line IP,pixel,4.1394,4.5576,6.8610,1829,31
P1.9:24,ACME Pixel Line IP,pixel,4.1645,4.5576,6.8610,1834,31
P1.9:25,ACME Pixel Line IP,pixel,4.1896,4.5576,6.8610,1839,31
P1.9:26,ACME Pixel Line IP,pixel,4.2148,4.5576,6.8610,1844,31
P1.9:27,ACME Pixel Line IP,pixel,4.2399,4.5576,6.8610,1850,31
P1.9:28,ACME Pixel Line IP,pixel,4.2650,4.5576,6.8610,1855,31
P1.9:29,ACME Pixel Line IP,pixel,4.2902,4.5576,6.8610,1860,31
P1.9:30,ACME Pixel Line IP,pixel,4.3153,4.5576,6.8610,1866,31
P1.9:31,ACME Pixel Line IP,pixel,4.3404,4.5576,6.8610,1871,31
P1.9:32,ACME Pixel Line IP,pixel,4.3655,4.5576,6.8610,1876,31
P1.9:33,ACME Pixel Line IP,pixel,4.3907,4.5576,6.8610,1881,31
P1.9:34,ACME Pixel Line IP,pixel,4.4158,4.5576,6.8610,1887,31
P1.9:35,ACME Pixel Line IP,pixel,4.4409,4.5576,6.8610,1892,31
P1.9:36,ACME Pixel Line IP,pixel,4.4661,4.5576,6.8610,1897,31
P1.9:37,ACME Pixel Line IP,pixel,4.4912,4.5576,6.8610,1903,31
P1.9:38,ACME Pixel Line IP,pixel,4.5163,4.5576,6.8610,1908,31
P1.9:39,ACME Pixel Line IP,pixel,4.5414,4.5576,6.8610,1913,31
P2.1:01,ACME Pixel Line IP,pixel,-4.5414,4.5576,5.9466,6,127
P2.1:02,ACME Pixel Line IP,pixel,-4.5163,4.5576,5.9466,11,127
P2.1:03,ACME Pixel Line IP,pixel,-4.4912,4.5576,5.9466,16,127
P2.1:04,ACME Pixel Line IP,pixel,-4.4661,4.5576,5.9466,22,127
P2.1:05,ACME Pixel Line IP,pixel,-4.4409,4.5576,5.9466,27,127
P2.1:06,ACME Pixel Line IP,pixel,-4.4158,4.5576,5.9466,32,127
P2.1:07,ACME Pixel Line IP,pixel,-4.3907,4.5576,5.9466,38,127
P2.1:08,ACME Pixel Line IP,pixel,-4.3655,4.5576,5.9466,43,127
P2.1:09,ACME Pixel Line IP,pixel,-4.3404,4.5576,5.9466,48,127
P2.1:10,ACME Pixel Line IP,pixel,-4.3153,4.5576,5.9466,53,127
P2.1:11,ACME Pixel Line IP,pixel,-4.2902,4.5576,5.9466,59,127
P2.1:12,ACME Pixel Line IP,pixel,-4.2650,4.5576,5.9466,64,127
P2.1:13,ACME Pixel Line IP,pixel,-4.2399,4.5576,5.9466,69,127
P2.1:14,ACME Pixel Line IP,pixel,-4.2148,4.5576,5.9466,75,127
P2.1:15,ACME Pixel Line IP,pixel,-4.1896,4.5576,5.9466,80,127
P2.1:16,ACME Pixel Line IP,pixel,-4.1645,4.5576,5.9466,85,127
P2.1:17,ACME Pixel Line IP,pixel,-4.1394,4.5576,5.9466,90,127
P2.1:18,ACME Pixel Line IP,pixel,-4.1143,4.5576,5.9466,96,127
P2.1:19,ACME Pixel Line IP,pixel,-4.0891,4.5576,5.9466,101,127
P2.1:20,ACME Pixel Line IP,pixel,-4.0640,4.5576,5.9466,106,127
P2.1:21,ACME Pixel Line IP,pixel,-4.0389,4.5576,5.9466,111,127
P2.1:22,ACME Pixel Line IP,pixel,-4.0137,4.5576,5.9466,117,127
P2.1:23,ACME Pixel Line IP,pixel,-3.9886,4.5576,5.9466,122,127
P2.1:24,ACME Pixel Line IP,pixel,-3.9635,4.5576,5.9466,127,127
P2.1:25,ACME Pixel Line IP,pixel,-3.9384,4.5576,5.9466,133,127
P2.1:26,ACME Pixel Line IP,pixel,-3.9132,4.5576,5.9466,138,127
P2.1:27,ACME Pixel Line IP,pixel,-3.8881,4.5576,5.9466,143,127
P2.1:28,ACME Pixel Line IP,pixel,-3.8630,4.5576,5.9466,148,127
P2.1:29,ACME Pixel Line IP,pixel,-3.8378,4.5576,5.9466,154,127
P2.1:30,ACME Pixel Line IP,pixel,-3.8127,4.5576,5.9466,159,127
P2.1:31,ACME Pixel Line IP,pixel,-3.7876,4.5576,5.9466,164,127
P2.1:32,ACME Pixel Line IP,pixel,-3.7625,4.5576,5.9466,169,127
P2.1:33,ACME Pixel Line IP,pixel,-3.7373,4.5576,5.9466,175,127
P2.1:34,ACME Pixel Line IP,pixel,-3.7122,4.5576,5.9466,180,127
P2.1:35,ACME Pixel Line IP,pixel,-3.6871,4.5576,5.9466,185,127
P2.1:36,ACME Pixel Line IP,pixel,-3.6619,4.5576,5.9466,191,127
P2.1:37,ACME Pixel Line IP,pixel,-3.6368,4.5576,5.9466,196,127
P2.1:38,ACME Pixel Line IP,pixel,-3.6117,4.5576,5.9466,201,127
P2.1:39,ACME Pixel Line IP,pixel,-3.5866,4.5576,5.9466,206,127
P2.2:01,ACME Pixel Line IP,pixel,-3.5254,4.5576,5.9466,219,127
P2.2:02,ACME Pixel Line IP,pixel,-3.5003,4.5576,5.9466,225,127
P2.2:03,ACME Pixel Line IP,pixel,-3.4752,4.5576,5.9466,230,127
P2.2:04,ACME Pixel Line IP,pixel,-3.4501,4.5576,5.9466,235,127
P2.2:05,ACME Pixel Line IP,pixel,-3.4249,4.5576,5.9466,240,127
P2.2:06,ACME Pixel Line IP,pixel,-3.3998,4.5576,5.9466,246,127
P2.2:07,ACME Pixel Line IP,pixel,-3.3747,4.5576,5.9466,251,127
P2.2:08,ACME Pixel Line IP,pixel,-3.3495,4.5576,5.9466,256,127
P2.2:09,ACME Pixel Line IP,pixel,-3.3244,4.5576,5.9466,261,127
P2.2:10,ACME Pixel Line IP,pixel,-3.2993,4.5576,5.9466,267,127
P2.2:11,ACME Pixel Line IP,pixel,-3.2742,4.5576,5.9466,272,127
P2.2:12,ACME Pixel Line IP,pixel,-3.2490,4.5576,5.9466,277,127
P2.2:13,ACME Pixel Line IP,pixel,-3.2239,4.5576,5.9466,283,127
P2.2:14,ACME Pixel Line IP,pixel,-3.1988,4.5576,5.9466,288,127
P2.2:15,ACME Pixel Line IP,pixel,-3.1736,4.5576,5.9466,293,127
P2.2:16,ACME Pixel Line IP,pixel,-3.1485,4.5576,5.9466,298,127
P2.2:17,ACME Pixel Line IP,pixel,-3.1234,4.5576,5.9466,304,127
P2.2:18,ACME Pixel Line IP,pixel,-3.0983,4.5576,5.9466,309,127
P2.2:19,ACME Pixel Line IP,pixel,-3.0731,4.5576,5.9466,314,127
P2.2:20,ACME Pixel Line IP,pixel,-3.0480,4.5576,5.9466,320,127
P2.2:21,ACME Pixel Line IP,pixel,-3.0229,4.5576,5.9466,325,127
P2.2:22,ACME Pixel Line IP,pixel,-2.9977,4.5576,5.9466,330,127
P2.2:23,ACME Pixel Line IP,pixel,-2.9726,4.5576,5.9466,335,127
P2.2:24,ACME Pixel Line IP,pixel,-2.9475,4.5576,5.9466,341,127
P2.2:25,ACME Pixel Line IP,pixel,-2.9224,4.5576,5.9466,346,127
P2.2:26,ACME Pixel Line IP,pixel,-2.8972,4.5576,5.9466,351,127
P2.2:27,ACME Pixel Line IP,pixel,-2.8721,4.5576,5.9466,356,127
P2.2:28,ACME Pixel Line IP,pixel,-2.8470,4.5576,5.9466,362,127
P2.2:29,ACME Pixel Line IP,pixel,-2.8218,4.5576,5.9466,367,127
P2.2:30,ACME Pixel Line IP,pixel,-2.7967,4.5576,5.9466,372,127
P2.2:31,ACME Pixel Line IP,pixel,-2.7716,4.5576,5.9466,378,127
P2.2:32,ACME Pixel Line IP,pixel,-2.7465,4.5576,5.9466,383,127
P2.2:33,ACME Pixel Line IP,pixel,-2.7213,4.5576,5.9466,388,127
P2.2:34,ACME Pixel Line IP,pixel,-2.6962,4.5576,5.9466,393,127
P2.2:35,ACME Pixel Line IP,pixel,-2.6711,4.5576,5.9466,399,127
P2.2:36,ACME Pixel Line IP,pixel,-2.6459,4.5576,5.9466,404,127
P2.2:37,ACME Pixel Line IP,pixel,-2.6208,4.5576,5.9466,409,127
P2.2:38,ACME Pixel Line IP,pixel,-2.5957,4.5576,5.9466,414,127
P2.2:39,ACME Pixel Line IP,pixel,-2.5706,4.5576,5.9466,420,127
P2.3:01,ACME Pixel Line IP,pixel,-2.5094,4.5576,5.9466,433,127
P2.3:02,ACME Pixel Line IP,pixel,-2.4843,4.5576,5.9466,438,127
P2.3:03,ACME Pixel Line IP,pixel,-2.4592,4.5576,5.9466,443,127
P2.3:04,ACME Pixel Line IP,pixel,-2.4341,4.5576,5.9466,448,127
P2.3:05,ACME Pixel Line IP,pixel,-2.4089,4.5576,5.9466,454,127
P2.3:06,ACME Pixel Line IP,pixel,-2.3838,4.5576,5.9466,459,127
P2.3:07,ACME Pixel Line IP,pixel,-2.3587,4.5576,5.9466,464,127
P2.3:08,ACME Pixel Line IP,pixel,-2.3335,4.5576,5.9466,470,127
P2.3:09,ACME Pixel Line IP,pixel,-2.3084,4.5576,5.9466,475,127
P2.3:10,ACME Pixel Line IP,pixel,-2.2833,4.5576,5.9466,480,127
P2.3:11,ACME Pixel Line IP,pixel,-2.2582,4.5576,5.9466,485,127
P2.3:12,ACME Pixel Line IP,pixel,-2.2330,4.5576,5.9466,491,127
P2.3:13,ACME Pixel Line IP,pixel,-2.2079,4.5576,5.9466,496,127
P2.3:14,ACME Pixel Line IP,pixel,-2.1828,4.5576,5.9466,501,127
P2.3:15,ACME Pixel Line IP,pixel,-2.1576,4.5576,5.9466,506,127
P2.3:16,ACME Pixel Line IP,pixel,-2.1325,4.5576,5.9466,512,127
P2.3:17,ACME Pixel Line IP,pixel,-2.1074,4.5576,5.9466,517,127
P2.3:18,ACME Pixel Line IP,pixel,-2.0823,4.5576,5.9466,522,127
P2.3:19,ACME Pixel Line IP,pixel,-2.0571,4.5576,5.9466,528,127
P2.3:20,ACME Pixel Line IP,pixel,-2.0320,4.5576,5.9466,533,127
P2.3:21,ACME Pixel Line IP,pixel,-2.0069,4.5576,5.9466,538,127
P2.3:22,ACME Pixel Line IP,pixel,-1.9817,4.5576,5.9466,543,127
P2.3:23,ACME Pixel Line IP,pixel,-1.9566,4.5576,5.9466,549,127
P2.3:24,ACME Pixel Line IP,pixel,-1.9315,4.5576,5.9466,554,127
P2.3:25,ACME Pixel Line IP,pixel,-1.9064,4.5576,5.9466,559,127
P2.3:26,ACME Pixel Line IP,pixel,-1.8812,4.5576,5.9466,564,127
P2.3:27,ACME Pixel Line IP,pixel,-1.8561,4.5576,5.9466,570,127
P2.3:28,ACME Pixel Line IP,pixel,-1.8310,4.5576,5.9466,575,127
P2.3:29,ACME Pixel Line IP,pixel,-1.8058,4.5576,5.9466,580,127
P2.3:30,ACME Pixel Line IP,pixel,-1.7807,4.5576,5.9466,586,127
P2.3:31,ACME Pixel Line IP,pixel,-1.7556,4.5576,5.9466,591,127
P2.3:32,ACME Pixel Line IP,pixel,-1.7305,4.5576,5.9466,596,127
P2.3:33,ACME Pixel Line IP,pixel,-1.7053,4.5576,5.9466,601,127
P2.3:34,ACME Pixel Line IP,pixel,-1.6802,4.5576,5.9466,607,127
P2.3:35,ACME Pixel Line IP,pixel,-1.6551,4.5576,5.9466,612,127
P2.3:36,ACME Pixel Line IP,pixel,-1.6299,4.5576,5.9466,617,127
P2.3:37,ACME Pixel Line IP,pixel,-1.6048,4.5576,5.9466,623,127
P2.3:38,ACME Pixel Line IP,pixel,-1.5797,4.5576,5.9466,628,127
P2.3:39,ACME Pixel Line IP,pixel,-1.5546,4.5576,5.9466,633,127
P2.4:01,ACME Pixel Line IP,pixel,-1.4934,4.5576,5.9466,646,127
P2.4:02,ACME Pixel Line IP,pixel,-1.4683,4.5576,5.9466,651,127
P2.4:03,ACME Pixel Line IP,pixel,-1.4432,4.5576,5.9466,656,127
P2.4:04,ACME Pixel Line IP,pixel,-1.4181,4.5576,5.9466,662,127
P2.4:05,ACME Pixel Line IP,pixel,-1.3929,4.5576,5.9466,667,127
P2.4:06,ACME Pixel Line IP,pixel,-1.3678,4.5576,5.9466,672,127
P2.4:07,ACME Pixel Line IP,pixel,-1.3427,4.5576,5.9466,678,127
P2.4:08,ACME Pixel Line IP,pixel,-1.3175,4.5576,5.9466,683,127
P2.4:09,ACME Pixel Line IP,pixel,-1.2924,4.5576,5.9466,688,127
P2.4:10,ACME Pixel Line IP,pixel,-1.2673,4.5576,5.9466,693,127
P2.4:11,ACME Pixel Line IP,pixel,-1.2422,4.5576,5.9466,699,127
P2.4:12,ACME Pixel Line IP,pixel,-1.2170,4.5576,5.9466,704,127
P2.4:13,ACME Pixel Line IP,pixel,-1.1919,4.5576,5.9466,709,127
P2.4:14,ACME Pixel Line IP,pixel,-1.1668,4.5576,5.9466,715,127
P2.4:15,ACME Pixel Line IP,pixel,-1.1416,4.5576,5.9466,720,127
P2.4:16,ACME Pixel Line IP,pixel,-1.1165,4.5576,5.9466,725,127
P2.4:17,ACME Pixel Line IP,pixel,-1.0914,4.5576,5.9466,730,127
P2.4:18,ACME Pixel Line IP,pixel,-1.0663,4.5576,5.9466,736,127
P2.4:19,ACME Pixel Line IP,pixel,-1.0411,4.5576,5.9466,741,127
P2.4:20,ACME Pixel Line IP,pixel,-1.0160,4.5576,5.9466,746,127
P2.4:21,ACME Pixel Line IP,pixel,-0.9909,4.5576,5.9466,751,127
P2.4:22,ACME Pixel Line IP,pixel,-0.9657,4.5576,5.9466,757,127
P2.4:23,ACME Pixel Line IP,pixel,-0.9406,4.5576,5.9466,762,127
P2.4:24,ACME Pixel Line IP,pixel,-0.9155,4.5576,5.9466,767,127
P2.4:25,ACME Pixel Line IP,pixel,-0.8904,4.5576,5.9466,773,127
P2.4:26,ACME Pixel Line IP,pixel,-0.8652,4.5576,5.9466,778,127
P2.4:27,ACME Pixel Line IP,pixel,-0.8401,4.5576,5.9466,783,127
P2.4:28,ACME Pixel Line IP,pixel,-0.8150,4.5576,5.9466,788,127
P2.4:29,ACME Pixel Line IP,pixel,-0.7898,4.5576,5.9466,794,127
P2.4:30,ACME Pixel Line IP,pixel,-0.7647,4.5576,5.9466,799,127
P2.4:31,ACME Pixel Line IP,pixel,-0.7396,4.5576,5.9466,804,127
P2.4:32,ACME Pixel Line IP,pixel,-0.7145,4.5576,5.9466,809,127
P2.4:33,ACME Pixel Line IP,pixel,-0.6893,4.5576,5.9466,815,127
P2.4:34,ACME Pixel Line IP,pixel,-0.6642,4.5576,5.9466,820,127
P2.4:35,ACME Pixel Line IP,pixel,-0.6391,4.5576,5.9466,825,127
P2.4:36,ACME Pixel Line IP,pixel,-0.6139,4.5576,5.9466,831,127
P2.4:37,ACME Pixel Line IP,pixel,-0.5888,4.5576,5.9466,836,127
P2.4:38,ACME Pixel Line IP,pixel,-0.5637,4.5576,5.9466,841,127
P2.4:39,ACME Pixel Line IP,pixel,-0.5386,4.5576,5.9466,846,127
P2.5:01,ACME Pixel Line IP,pixel,-0.4774,4.5576,5.9466,859,127
P2.5:02,ACME Pixel Line IP,pixel,-0.4523,4.5576,5.9466,865,127
P2.5:03,ACME Pixel Line IP,pixel,-0.4272,4.5576,5.9466,870,127
P2.5:04,ACME Pixel Line IP,pixel,-0.4021,4.5576,5.9466,875,127
P2.5:05,ACME Pixel Line IP,pixel,-0.3769,4.5576,5.9466,880,127
P2.5:06,ACME Pixel Line IP,pixel,-0.3518,4.5576,5.9466,886,127
P2.5:07,ACME Pixel Line IP,pixel,-0.3267,4.5576,5.9466,891,127
P2.5:08,ACME Pixel Line IP,pixel,-0.3015,4.5576,5.9466,896,127
P2.5:09,ACME Pixel Line IP,pixel,-0.2764,4.5576,5.9466,901,127
P2.5:10,ACME Pixel Line IP,pixel,-0.2513,4.5576,5.9466,907,127
P2.5:11,ACME Pixel Line IP,pixel,-0.2262,4.5576,5.9466,912,127
P2.5:12,ACME Pixel Line IP,pixel,-0.2010,4.5576,5.9466,917,127
P2.5:13,ACME Pixel Line IP,pixel,-0.1759,4.5576,5.9466,923,127
P2.5:14,ACME Pixel Line IP,pixel,-0.1508,4.5576,5.9466,928,127
P2.5:15,ACME Pixel Line IP,pixel,-0.1256,4.5576,5.9466,933,127
P2.5:16,ACME Pixel Line IP,pixel,-0.1005,4.5576,5.9466,938,127
P2.5:17,ACME Pixel Line IP,pixel,-0.0754,4.5576,5.9466,944,127
P2.5:18,ACME Pixel Line IP,pixel,-0.0503,4.5576,5.9466,949,127
P2.5:19,ACME Pixel Line IP,pixel,-0.0251,4.5576,5.9466,954,127
P2.5:20,ACME Pixel Line IP,pixel,0.0000,4.5576,5.9466,960,127
P2.5:21,ACME Pixel Line IP,pixel,0.0251,4.5576,5.9466,965,127
P2.5:22,ACME Pixel Line IP,pixel,0.0503,4.5576,5.9466,970,127
P2.5:23,ACME Pixel Line IP,pixel,0.0754,4.5576,5.9466,975,127
P2.5:24,ACME Pixel Line IP,pixel,0.1005,4.5576,5.9466,981,127
P2.5:25,ACME Pixel Line IP,pixel,0.1256,4.5576,5.9466,986,127
P2.5:26,ACME Pixel Line IP,pixel,0.1508,4.5576,5.9466,991,127
P2.5:27,ACME Pixel Line IP,pixel,0.1759,4.5576,5.9466,996,127
P2.5:28,ACME Pixel Line IP,pixel,0.2010,4.5576,5.9466,1002,127
P2.5:29,ACME Pixel Line IP,pixel,0.2262,4.5576,5.9466,1007,127
P2.5:30,ACME Pixel Line IP,pixel,0.2513,4.5576,5.9466,1012,127
P2.5:31,ACME Pixel Line IP,pixel,0.2764,4.5576,5.9466,1018,127
P2.5:32,ACME Pixel Line IP,pixel,0.3015,4.5576,5.9466,1023,127
P2.5:33,ACME Pixel Line IP,pixel,0.3267,4.5576,5.9466,1028,127
P2.5:34,ACME Pixel Line IP,pixel,0.3518,4.5576,5.9466,1033,127
P2.5:35,ACME Pixel Line IP,pixel,0.3769,4.5576,5.9466,1039,127
P2.5:36,ACME Pixel Line IP,pixel,0.4021,4.5576,5.9466,1044,127
P2.5:37,ACME Pixel Line IP,pixel,0.4272,4.5576,5.9466,1049,127
P2.5:38,ACME Pixel Line IP,pixel,0.4523,4.5576,5.9466,1054,127
P2.5:39,ACME Pixel Line IP,pixel,0.4774,4.5576,5.9466,1060,127
P2.6:01,ACME Pixel Line IP,pixel,0.5386,4.5576,5.9466,1073,127
P2.6:02,ACME Pixel Line IP,pixel,0.5637,4.5576,5.9466,1078,127
P2.6:03,ACME Pixel Line IP,pixel,0.5888,4.5576,5.9466,1083,127
P2.6:04,ACME Pixel Line IP,pixel,0.6139,4.5576,5.9466,1088,127
P2.6:05,ACME Pixel Line IP,pixel,0.6391,4.5576,5.9466,1094,127
P2.6:06,ACME Pixel Line IP,pixel,0.6642,4.5576,5.9466,1099,127
P2.6:07,ACME Pixel Line IP,pixel,0.6893,4.5576,5.9466,1104,127
P2.6:08,ACME Pixel Line IP,pixel,0.7145,4.5576,5.9466,1110,127
P2.6:09,ACME Pixel Line IP,pixel,0.7396,4.5576,5.9466,1115,127
P2.6:10,ACME Pixel Line IP,pixel,0.7647,4.5576,5.9466,1120,127
P2.6:11,ACME Pixel Line IP,pixel,0.7898,4.5576,5.9466,1125,127
P2.6:12,ACME Pixel Line IP,pixel,0.8150,4.5576,5.9466,1131,127
P2.6:13,ACME Pixel Line IP,pixel,0.8401,4.5576,5.9466,1136,127
P2.6:14,ACME Pixel Line IP,pixel,0.8652,4.5576,5.9466,1141,127
P2.6:15,ACME Pixel Line IP,pixel,0.8904,4.5576,5.9466,1146,127
P2.6:16,ACME Pixel Line IP,pixel,0.9155,4.5576,5.9466,1152,127
P2.6:17,ACME Pixel Line IP,pixel,0.9406,4.5576,5.9466,1157,127
P2.6:18,ACME Pixel Line IP,pixel,0.9657,4.5576,5.9466,1162,127
P2.6:19,ACME Pixel Line IP,pixel,0.9909,4.5576,5.9466,1168,127
P2.6:20,ACME Pixel Line IP,pixel,1.0160,4.5576,5.9466,1173,127
P2.6:21,ACME Pixel Line IP,pixel,1.0411,4.5576,5.9466,1178,127
P2.6:22,ACME Pixel Line IP,pixel,1.0663,4.5576,5.9466,1183,127
P2.6:23,ACME Pixel Line IP,pixel,1.0914,4.5576,5.9466,1189,127
P2.6:24,ACME Pixel Line IP,pixel,1.1165,4.5576,5.9466,1194,127
P2.6:25,ACME Pixel Line IP,pixel,1.1416,4.5576,5.9466,1199,127
P2.6:26,ACME Pixel Line IP,pixel,1.1668,4.5576,5.9466,1204,127
P2.6:27,ACME Pixel Line IP,pixel,1.1919,4.5576,5.9466,1210,127
P2.6:28,ACME Pixel Line IP,pixel,1.2170,4.5576,5.9466,1215,127
P2.6:29,ACME Pixel Line IP,pixel,1.2422,4.5576,5.9466,1220,127
P2.6:30,ACME Pixel Line IP,pixel,1.2673,4.5576,5.9466,1226,127
P2.6:31,ACME Pixel Line IP,pixel,1.2924,4.5576,5.9466,1231,127
P2.6:32,ACME Pixel Line IP,pixel,1.3175,4.5576,5.9466,1236,127
P2.6:33,ACME Pixel Line IP,pixel,1.3427,4.5576,5.9466,1241,127
P2.6:34,ACME Pixel Line IP,pixel,1.3678,4.5576,5.9466,1247,127
P2.6:35,ACME Pixel Line IP,pixel,1.3929,4.5576,5.9466,1252,127
P2.6:36,ACME Pixel Line IP,pixel,1.4181,4.5576,5.9466,1257,127
P2.6:37,ACME Pixel Line IP,pixel,1.4432,4.5576,5.9466,1263,127
P2.6:38,ACME Pixel Line IP,pixel,1.4683,4.5576,5.9466,1268,127
P2.6:39,ACME Pixel Line IP,pixel,1.4934,4.5576,5.9466,1273,127
P2.7:01,ACME Pixel Line IP,pixel,1.5546,4.5576,5.9466,1286,127
P2.7:02,ACME Pixel Line IP,pixel,1.5797,4.5576,5.9466,1291,127
P2.7:03,ACME Pixel Line IP,pixel,1.6048,4.5576,5.9466,1296,127
P2.7:04,ACME Pixel Line IP,pixel,1.6299,4.5576,5.9466,1302,127
P2.7:05,ACME Pixel Line IP,pixel,1.6551,4.5576,5.9466,1307,127
P2.7:06,ACME Pixel Line IP,pixel,1.6802,4.5576,5.9466,1312,127
P2.7:07,ACME Pixel Line IP,pixel,1.7053,4.5576,5.9466,1318,127
P2.7:08,ACME Pixel Line IP,pixel,1.7305,4.5576,5.9466,1323,127
P2.7:09,ACME Pixel Line IP,pixel,1.7556,4.5576,5.9466,1328,127
P2.7:10,ACME Pixel Line IP,pixel,1.7807,4.5576,5.9466,1333,127
P2.7:11,ACME Pixel Line IP,pixel,1.8058,4.5576,5.9466,1339,127
P2.7:12,ACME Pixel Line IP,pixel,1.8310,4.5576,5.9466,1344,127
P2.7:13,ACME Pixel Line IP,pixel,1.8561,4.5576,5.9466,1349,127
P2.7:14,ACME Pixel Line IP,pixel,1.8812,4.5576,5.9466,1355,127
P2.7:15,ACME Pixel Line IP,pixel,1.9064,4.5576,5.9466,1360,127
P2.7:16,ACME Pixel Line IP,pixel,1.9315,4.5576,5.9466,1365,127
P2.7:17,ACME Pixel Line IP,pixel,1.9566,4.5576,5.9466,1370,127
P2.7:18,ACME Pixel Line IP,pixel,1.9817,4.5576,5.9466,1376,127
P2.7:19,ACME Pixel Line IP,pixel,2.0069,4.5576,5.9466,1381,127
P2.7:20,ACME Pixel Line IP,pixel,2.0320,4.5576,5.9466,1386,127
P2.7:21,ACME Pixel Line IP,pixel,2.0571,4.5576,5.9466,1391,127
P2.7:22,ACME Pixel Line IP,pixel,2.0823,4.5576,5.9466,1397,127
P2.7:23,ACME Pixel Line IP,pixel,2.1074,4.5576,5.9466,1402,127
P2.7:24,ACME Pixel Line IP,pixel,2.1325,4.5576,5.9466,1407,127
P2.7:25,ACME Pixel Line IP,pixel,2.1576,4.5576,5.9466,1413,127
P2.7:26,ACME Pixel Line IP,pixel,2.1828,4.5576,5.9466,1418,127
P2.7:27,ACME Pixel Line IP,pixel,2.2079,4.5576,5.9466,1423,127
P2.7:28,ACME Pixel Line IP,pixel,2.2330,4.5576,5.9466,1428,127
P2.7:29,ACME Pixel Line IP,pixel,2.2582,4.5576,5.9466,1434,127
P2.7:30,ACME Pixel Line IP,pixel,2.2833,4.5576,5.9466,1439,127
P2.7:31,ACME Pixel Line IP,pixel,2.3084,4.5576,5.9466,1444,127
P2.7:32,ACME Pixel Line IP,pixel,2.3335,4.5576,5.9466,1449,127
P2.7:33,ACME Pixel Line IP,pixel,2.3587,4.5576,5.9466,1455,127
P2.7:34,ACME Pixel Line IP,pixel,2.3838,4.5576,5.9466,1460,127
P2.7:35,ACME Pixel Line IP,pixel,2.4089,4.5576,5.9466,1465,127
P2.7:36,ACME Pixel Line IP,pixel,2.4341,4.5576,5.9466,1471,127
P2.7:37,ACME Pixel Line IP,pixel,2.4592,4.5576,5.9466,1476,127
P2.7:38,ACME Pixel Line IP,pixel,2.4843,4.5576,5.9466,1481,127
P2.7:39,ACME Pixel Line IP,pixel,2.5094,4.5576,5.9466,1486,127
P2.8:01,ACME Pixel Line IP,pixel,2.5706,4.5576,5.9466,1499,127
P2.8:02,ACME Pixel Line IP,pixel,2.5957,4.5576,5.9466,1505,127
P2.8:03,ACME Pixel Line IP,pixel,2.6208,4.5576,5.9466,1510,127
P2.8:04,ACME Pixel Line IP,pixel,2.6459,4.5576,5.9466,1515,127
P2.8:05,ACME Pixel Line IP,pixel,2.6711,4.5576,5.9466,1520,127
P2.8:06,ACME Pixel Line IP,pixel,2.6962,4.5576,5.9466,1526,127
P2.8:07,ACME Pixel Line IP,pixel,2.7213,4.5576,5.9466,1531,127
P2.8:08,ACME Pixel Line IP,pixel,2.7465,4.5576,5.9466,1536,127
P2.8:09,ACME Pixel Line IP,pixel,2.7716,4.5576,5.9466,1541,127
P2.8:10,ACME Pixel Line IP,pixel,2.7967,4.5576,5.9466,1547,127
P2.8:11,ACME Pixel Line IP,pixel,2.8218,4.5576,5.9466,1552,127
P2.8:12,ACME Pixel Line IP,pixel,2.8470,4.5576,5.9466,1557,127
P2.8:13,ACME Pixel Line IP,pixel,2.8721,4.5576,5.9466,1563,127
P2.8:14,ACME Pixel Line IP,pixel,2.8972,4.5576,5.9466,1568,127
P2.8:15,ACME Pixel Line IP,pixel,2.9224,4.5576,5.9466,1573,127
P2.8:16,ACME Pixel Line IP,pixel,2.9475,4.5576,5.9466,1578,127
P2.8:17,ACME Pixel Line IP,pixel,2.9726,4.5576,5.9466,1584,127
P2.8:18,ACME Pixel Line IP,pixel,2.9977,4.5576,5.9466,1589,127
P2.8:19,ACME Pixel Line IP,pixel,3.0229,4.5576,5.9466,1594,127
P2.8:20,ACME Pixel Line IP,pixel,3.0480,4.5576,5.9466,1600,127
P2.8:21,ACME Pixel Line IP,pixel,3.0731,4.5576,5.9466,1605,127
P2.8:22,ACME Pixel Line IP,pixel,3.0983,4.5576,5.9466,1610,127
P2.8:23,ACME Pixel Line IP,pixel,3.1234,4.5576,5.9466,1615,127
P2.8:24,ACME Pixel Line IP,pixel,3.1485,4.5576,5.9466,1621,127
P2.8:25,ACME Pixel Line IP,pixel,3.1736,4.5576,5.9466,1626,127
P2.8:26,ACME Pixel Line IP,pixel,3.1988,4.5576,5.9466,1631,127
P2.8:27,ACME Pixel Line IP,pixel,3.2239,4.5576,5.9466,1636,127
P2.8:28,ACME Pixel Line IP,pixel,3.2490,4.5576,5.9466,1642,127
P2.8:29,ACME Pixel Line IP,pixel,3.2742,4.5576,5.9466,1647,127
P2.8:30,ACME Pixel Line IP,pixel,3.2993,4.5576,5.9466,1652,127
P2.8:31,ACME Pixel Line IP,pixel,3.3244,4.5576,5.9466,1658,127
P2.8:32,ACME Pixel Line IP,pixel,3.3495,4.5576,5.9466,1663,127
P2.8:33,ACME Pixel Line IP,pixel,3.3747,4.5576,5.9466,1668,127
P2.8:34,ACME Pixel Line IP,pixel,3.3998,4.5576,5.9466,1673,127
P2.8:35,ACME Pixel Line IP,pixel,3.4249,4.5576,5.9466,1679,127
P2.8:36,ACME Pixel Line IP,pixel,3.4501,4.5576,5.9466,1684,127
P2.8:37,ACME Pixel Line IP,pixel,3.4752,4.5576,5.9466,1689,127
P2.8:38,ACME Pixel Line IP,pixel,3.5003,4.5576,5.9466,1694,127
P2.8:39,ACME Pixel Line IP,pixel,3.5254,4.5576,5.9466,1700,127
P2.9:01,ACME Pixel Line IP,pixel,3.5866,4.5576,5.9466,1713,127
P2.9:02,ACME Pixel Line IP,pixel,3.6117,4.5576,5.9466,1718,127
P2.9:03,ACME Pixel Line IP,pixel,3.6368,4.5576,5.9466,1723,127
P2.9:04,ACME Pixel Line IP,pixel,3.6619,4.5576,5.9466,1728,127
P2.9:05,ACME Pixel Line IP,pixel,3.6871,4.5576,5.9466,1734,127
P2.9:06,ACME Pixel Line IP,pixel,3.7122,4.5576,5.9466,1739,127
P2.9:07,ACME Pixel Line IP,pixel,3.7373,4.5576,5.9466,1744,127
P2.9:08,ACME Pixel Line IP,pixel,3.7625,4.5576,5.9466,1750,127
P2.9:09,ACME Pixel Line IP,pixel,3.7876,4.5576,5.9466,1755,127
P2.9:10,ACME Pixel Line IP,pixel,3.8127,4.5576,5.9466,1760,127
P2.9:11,ACME Pixel Line IP,pixel,3.8378,4.5576,5.9466,1765,127
P2.9:12,ACME Pixel Line IP,pixel,3.8630,4.5576,5.9466,1771,127
P2.9:13,ACME Pixel Line IP,pixel,3.8881,4.5576,5.9466,1776,127
P2.9:14,ACME Pixel Line IP,pixel,3.9132,4.5576,5.9466,1781,127
P2.9:15,ACME Pixel Line IP,pixel,3.9384,4.5576,5.9466,1786,127
P2.9:16,ACME Pixel Line IP,pixel,3.9635,4.5576,5.9466,1792,127
P2.9:17,ACME Pixel Line IP,pixel,3.9886,4.5576,5.9466,1797,127
P2.9:18,ACME Pixel Line IP,pixel,4.0137,4.5576,5.9466,1802,127
P2.9:19,ACME Pixel Line IP,pixel,4.0389,4.5576,5.9466,1808,127
P2.9:20,ACME Pixel Line IP,pixel,4.0640,4.5576,5.9466,1813,127
P2.9:21,ACME Pixel Line IP,pixel,4.0891,4.5576,5.9466,1818,127
P2.9:22,ACME Pixel Line IP,pixel,4.1143,4.5576,5.9466,1823,127
P2.9:23,ACME Pixel Line IP,pixel,4.1394,4.5576,5.9466,1829,127
P2.9:24,ACME Pixel Line IP,pixel,4.1645,4.5576,5.9466,1834,127
P2.9:25,ACME Pixel Line IP,pixel,4.1896,4.5576,5.9466,1839,127
P2.9:26,ACME Pixel Line IP,pixel,4.2148,4.5576,5.9466,1844,127
P2.9:27,ACME Pixel Line IP,pixel,4.2399,4.5576,5.9466,1850,127
P2.9:28,ACME Pixel Line IP,pixel,4.2650,4.5576,5.9466,1855,127
P2.9:29,ACME Pixel Line IP,pixel,4.2902,4.5576,5.9466,1860,127
P2.9:30,ACME Pixel Line IP,pixel,4.3153,4.5576,5.9466,1866,127
P2.9:31,ACME Pixel Line IP,pixel,4.3404,4.5576,5.9466,1871,127
P2.9:32,ACME Pixel Line IP,pixel,4.3655,4.5576,5.9466,1876,127
P2.9:33,ACME Pixel Line IP,pixel,4.3907,4.5576,5.9466,1881,127
P2.9:34,ACME Pixel Line IP,pixel,4.4158,4.5576,5.9466,1887,127
P2.9:35,ACME Pixel Line IP,pixel,4.4409,4.5576,5.9466,1892,127
P2.9:36,ACME Pixel Line IP,pixel,4.4661,4.5576,5.9466,1897,127
P2.9:37,ACME Pixel Line IP,pixel,4.4912,4.5576,5.9466,1903,127
P2.9:38,ACME Pixel Line IP,pixel,4.5163,4.5576,5.9466,1908,127
P2.9:39,ACME Pixel Line IP,pixel,4.5414,4.5576,5.9466,1913,127
P3.1:01,ACME Pixel Line IP,pixel,-4.5414,4.5576,5.0322,6,222
P3.1:02,ACME Pixel Line IP,pixel,-4.5163,4.5576,5.0322,11,222
P3.1:03,ACME Pixel Line IP,pixel,-4.4912,4.5576,5.0322,16,222
P3.1:04,ACME Pixel Line IP,pixel,-4.4661,4.5576,5.0322,22,222
P3.1:05,ACME Pixel Line IP,pixel,-4.4409,4.5576,5.0322,27,222
P3.1:06,ACME Pixel Line IP,pixel,-4.4158,4.5576,5.0322,32,222
P3.1:07,ACME Pixel Line IP,pixel,-4.3907,4.5576,5.0322,38,222
P3.1:08,ACME Pixel Line IP,pixel,-4.3655,4.5576,5.0322,43,222
P3.1:09,ACME Pixel Line IP,pixel,-4.3404,4.5576,5.0322,48,222
P3.1:10,ACME Pixel Line IP,pixel,-4.3153,4.5576,5.0322,53,222
P3.1:11,ACME Pixel Line IP,pixel,-4.2902,4.5576,5.0322,59,222
P3.1:12,ACME Pixel Line IP,pixel,-4.2650,4.5576,5.0322,64,222
P3.1:13,ACME Pixel Line IP,pixel,-4.2399,4.5576,5.0322,69,222
P3.1:14,ACME Pixel Line IP,pixel,-4.2148,4.5576,5.0322,75,222
P3.1:15,ACME Pixel Line IP,pixel,-4.1896,4.5576,5.0322,80,222
P3.1:16,ACME Pixel Line IP,pixel,-4.1645,4.5576,5.0322,85,222
P3.1:17,ACME Pixel Line IP,pixel,-4.1394,4.5576,5.0322,90,222
P3.1:18,ACME Pixel Line IP,pixel,-4.1143,4.5576,5.0322,96,222
P3.1:19,ACME Pixel Line IP,pixel,-4.0891,4.5576,5.0322,101,222
P3.1:20,ACME Pixel Line IP,pixel,-4.0640,4.5576,5.0322,106,222
P3.1:21,ACME Pixel Line IP,pixel,-4.0389,4.5576,5.0322,111,222
P3.1:22,ACME Pixel Line IP,pixel,-4.0137,4.5576,5.0322,117,222
P3.1:23,ACME Pixel Line IP,pixel,-3.9886,4.5576,5.0322,122,222
P3.1:24,ACME Pixel Line IP,pixel,-3.9635,4.5576,5.0322,127,222
P3.1:25,ACME Pixel Line IP,pixel,-3.9384,4.5576,5.0322,133,222
P3.1:26,ACME Pixel Line IP,pixel,-3.9132,4.5576,5.0322,138,222
P3.1:27,ACME Pixel Line IP,pixel,-3.8881,4.5576,5.0322,143,222
P3.1:28,ACME Pixel Line IP,pixel,-3.8630,4.5576,5.0322,148,222
P3.1:29,ACME Pixel Line IP,pixel,-3.8378,4.5576,5.0322,154,222
P3.1:30,ACME Pixel Line IP,pixel,-3.8127,4.5576,5.0322,159,222
P3.1:31,ACME Pixel Line IP,pixel,-3.7876,4.5576,5.0322,164,222
P3.1:32,ACME Pixel Line IP,pixel,-3.7625,4.5576,5.0322,169,222
P3.1:33,ACME Pixel Line IP,pixel,-3.7373,4.5576,5.0322,175,222
P3.1:34,ACME Pixel Line IP,pixel,-3.7122,4.5576,5.0322,180,222
P3.1:35,ACME Pixel Line IP,pixel,-3.6871,4.5576,5.0322,185,222
P3.1:36,ACME Pixel Line IP,pixel,-3.6619,4.5576,5.0322,191,222
P3.1:37,ACME Pixel Line IP,pixel,-3.6368,4.5576,5.0322,196,222
P3.1:38,ACME Pixel Line IP,pixel,-3.6117,4.5576,5.0322,201,222
P3.1:39,ACME Pixel Line IP,pixel,-3.5866,4.5576,5.0322,206,222
P3.2:01,ACME Pixel Line IP,pixel,-3.5254,4.5576,5.0322,219,222
P3.2:02,ACME Pixel Line IP,pixel,-3.5003,4.5576,5.0322,225,222
P3.2:03,ACME Pixel Line IP,pixel,-3.4752,4.5576,5.0322,230,222
P3.2:04,ACME Pixel Line IP,pixel,-3.4501,4.5576,5.0322,235,222
P3.2:05,ACME Pixel Line IP,pixel,-3.4249,4.5576,5.0322,240,222
P3.2:06,ACME Pixel Line IP,pixel,-3.3998,4.5576,5.0322,246,222
P3.2:07,ACME Pixel Line IP,pixel,-3.3747,4.5576,5.0322,251,222
P3.2:08,ACME Pixel Line IP,pixel,-3.3495,4.5576,5.0322,256,222
P3.2:09,ACME Pixel Line IP,pixel,-3.3244,4.5576,5.0322,261,222
P3.2:10,ACME Pixel Line IP,pixel,-3.2993,4.5576,5.0322,267,222
P3.2:11,ACME Pixel Line IP,pixel,-3.2742,4.5576,5.0322,272,222
P3.2:12,ACME Pixel Line IP,pixel,-3.2490,4.5576,5.0322,277,222
P3.2:13,ACME Pixel Line IP,pixel,-3.2239,4.5576,5.0322,283,222
P3.2:14,ACME Pixel Line IP,pixel,-3.1988,4.5576,5.0322,288,222
P3.2:15,ACME Pixel Line IP,pixel,-3.1736,4.5576,5.0322,293,222
P3.2:16,ACME Pixel Line IP,pixel,-3.1485,4.5576,5.0322,298,222
P3.2:17,ACME Pixel Line IP,pixel,-3.1234,4.5576,5.0322,304,222
P3.2:18,ACME Pixel Line IP,pixel,-3.0983,4.5576,5.0322,309,222
P3.2:19,ACME Pixel Line IP,pixel,-3.0731,4.5576,5.0322,314,222
P3.2:20,ACME Pixel Line IP,pixel,-3.0480,4.5576,5.0322,320,222
P3.2:21,ACME Pixel Line IP,pixel,-3.0229,4.5576,5.0322,325,222
P3.2:22,ACME Pixel Line IP,pixel,-2.9977,4.5576,5.0322,330,222
P3.2:23,ACME Pixel Line IP,pixel,-2.9726,4.5576,5.0322,335,222
P3.2:24,ACME Pixel Line IP,pixel,-2.9475,4.5576,5.0322,341,222
P3.2:25,ACME Pixel Line IP,pixel,-2.9224,4.5576,5.0322,346,222
P3.2:26,ACME Pixel Line IP,pixel,-2.8972,4.5576,5.0322,351,222
P3.2:27,ACME Pixel Line IP,pixel,-2.8721,4.5576,5.0322,356,222
P3.2:28,ACME Pixel Line IP,pixel,-2.8470,4.5576,5.0322,362,222
P3.2:29,ACME Pixel Line IP,pixel,-2.8218,4.5576,5.0322,367,222
P3.2:30,ACME Pixel Line IP,pixel,-2.7967,4.5576,5.0322,372,222
P3.2:31,ACME Pixel Line IP,pixel,-2.7716,4.5576,5.0322,378,222
P3.2:32,ACME Pixel Line IP,pixel,-2.7465,4.5576,5.0322,383,222
P3.2:33,ACME Pixel Line IP,pixel,-2.7213,4.5576,5.0322,388,222
P3.2:34,ACME Pixel Line IP,pixel,-2.6962,4.5576,5.0322,393,222
P3.2:35,ACME Pixel Line IP,pixel,-2.6711,4.5576,5.0322,399,222
P3.2:36,ACME Pixel Line IP,pixel,-2.6459,4.5576,5.0322,404,222
P3.2:37,ACME Pixel Line IP,pixel,-2.6208,4.5576,5.0322,409,222
P3.2:38,ACME Pixel Line IP,pixel,-2.5957,4.5576,5.0322,414,222
P3.2:39,ACME Pixel Line IP,pixel,-2.5706,4.5576,5.0322,420,222
P3.3:01,ACME Pixel Line IP,pixel,-2.5094,4.5576,5.0322,433,222
P3.3:02,ACME Pixel Line IP,pixel,-2.4843,4.5576,5.0322,438,222
P3.3:03,ACME Pixel Line IP,pixel,-2.4592,4.5576,5.0322,443,222
P3.3:04,ACME Pixel Line IP,pixel,-2.4341,4.5576,5.0322,448,222
P3.3:05,ACME Pixel Line IP,pixel,-2.4089,4.5576,5.0322,454,222
P3.3:06,ACME Pixel Line IP,pixel,-2.3838,4.5576,5.0322,459,222
P3.3:07,ACME Pixel Line IP,pixel,-2.3587,4.5576,5.0322,464,222
P3.3:08,ACME Pixel Line IP,pixel,-2.3335,4.5576,5.0322,470,222
P3.3:09,ACME Pixel Line IP,pixel,-2.3084,4.5576,5.0322,475,222
P3.3:10,ACME Pixel Line IP,pixel,-2.2833,4.5576,5.0322,480,222
P3.3:11,ACME Pixel Line IP,pixel,-2.2582,4.5576,5.0322,485,222
P3.3:12,ACME Pixel Line IP,pixel,-2.2330,4.5576,5.0322,491,222
P3.3:13,ACME Pixel Line IP,pixel,-2.2079,4.5576,5.0322,496,222
P3.3:14,ACME Pixel Line IP,pixel,-2.1828,4.5576,5.0322,501,222
P3.3:15,ACME Pixel Line IP,pixel,-2.1576,4.5576,5.0322,506,222
P3.3:16,ACME Pixel Line IP,pixel,-2.1325,4.5576,5.0322,512,222
P3.3:17,ACME Pixel Line IP,pixel,-2.1074,4.5576,5.0322,517,222
P3.3:18,ACME Pixel Line IP,pixel,-2.0823,4.5576,5.0322,522,222
P3.3:19,ACME Pixel Line IP,pixel,-2.0571,4.5576,5.0322,528,222
P3.3:20,ACME Pixel Line IP,pixel,-2.0320,4.5576,5.0322,533,222
P3.3:21,ACME Pixel Line IP,pixel,-2.0069,4.5576,5.0322,538,222
P3.3:22,ACME Pixel Line IP,pixel,-1.9817,4.5576,5.0322,543,222
P3.3:23,ACME Pixel Line IP,pixel,-1.9566,4.5576,5.0322,549,222
P3.3:24,ACME Pixel Line IP,pixel,-1.9315,4.5576,5.0322,554,222
P3.3:25,ACME Pixel Line IP,pixel,-1.9064,4.5576,5.0322,559,222
P3.3:26,ACME Pixel Line IP,pixel,-1.8812,4.5576,5.0322,564,222
P3.3:27,ACME Pixel Line IP,pixel,-1.8561,4.5576,5.0322,570,222
P3.3:28,ACME Pixel Line IP,pixel,-1.8310,4.5576,5.0322,575,222
P3.3:29,ACME Pixel Line IP,pixel,-1.8058,4.5576,5.0322,580,222
P3.3:30,ACME Pixel Line IP,pixel,-1.7807,4.5576,5.0322,586,222
P3.3:31,ACME Pixel Line IP,pixel,-1.7556,4.5576,5.0322,591,222
P3.3:32,ACME Pixel Line IP,pixel,-1.7305,4.5576,5.0322,596,222
P3.3:33,ACME Pixel Line IP,pixel,-1.7053,4.5576,5.0322,601,222
P3.3:34,ACME Pixel Line IP,pixel,-1.6802,4.5576,5.0322,607,222
P3.3:35,ACME Pixel Line IP,pixel,-1.6551,4.5576,5.0322,612,222
P3.3:36,ACME Pixel Line IP,pixel,-1.6299,4.5576,5.0322,617,222
P3.3:37,ACME Pixel Line IP,pixel,-1.6048,4.5576,5.0322,623,222
P3.3:38,ACME Pixel Line IP,pixel,-1.5797,4.5576,5.0322,628,222
P3.3:39,ACME Pixel Line IP,pixel,-1.5546,4.5576,5.0322,633,222
P3.4:01,ACME Pixel Line IP,pixel,-1.4934,4.5576,5.0322,646,222
P3.4:02,ACME Pixel Line IP,pixel,-1.4683,4.5576,5.0322,651,222
P3.4:03,ACME Pixel Line IP,pixel,-1.4432,4.5576,5.0322,656,222
P3.4:04,ACME Pixel Line IP,pixel,-1.4181,4.5576,5.0322,662,222
P3.4:05,ACME Pixel Line IP,pixel,-1.3929,4.5576,5.0322,667,222
P3.4:06,ACME Pixel Line IP,pixel,-1.3678,4.5576,5.0322,672,222
P3.4:07,ACME Pixel Line IP,pixel,-1.3427,4.5576,5.0322,678,222
P3.4:08,ACME Pixel Line IP,pixel,-1.3175,4.5576,5.0322,683,222
P3.4:09,ACME Pixel Line IP,pixel,-1.2924,4.5576,5.0322,688,222
P3.4:10,ACME Pixel Line IP,pixel,-1.2673,4.5576,5.0322,693,222
P3.4:11,ACME Pixel Line IP,pixel,-1.2422,4.5576,5.0322,699,222
P3.4:12,ACME Pixel Line IP,pixel,-1.2170,4.5576,5.0322,704,222
P3.4:13,ACME Pixel Line IP,pixel,-1.1919,4.5576,5.0322,709,222
P3.4:14,ACME Pixel Line IP,pixel,-1.1668,4.5576,5.0322,715,222
P3.4:15,ACME Pixel Line IP,pixel,-1.1416,4.5576,5.0322,720,222
P3.4:16,ACME Pixel Line IP,pixel,-1.1165,4.5576,5.0322,725,222
P3.4:17,ACME Pixel Line IP,pixel,-1.0914,4.5576,5.0322,730,222
P3.4:18,ACME Pixel Line IP,pixel,-1.0663,4.5576,5.0322,736,222
P3.4:19,ACME Pixel Line IP,pixel,-1.0411,4.5576,5.0322,741,222
P3.4:20,ACME Pixel Line IP,pixel,-1.0160,4.5576,5.0322,746,222
P3.4:21,ACME Pixel Line IP,pixel,-0.9909,4.5576,5.0322,751,222
P3.4:22,ACME Pixel Line IP,pixel,-0.9657,4.5576,5.0322,757,222
P3.4:23,ACME Pixel Line IP,pixel,-0.9406,4.5576,5.0322,762,222
P3.4:24,ACME Pixel Line IP,pixel,-0.9155,4.5576,5.0322,767,222
P3.4:25,ACME Pixel Line IP,pixel,-0.8904,4.5576,5.0322,773,222
P3.4:26,ACME Pixel Line IP,pixel,-0.8652,4.5576,5.0322,778,222
P3.4:27,ACME Pixel Line IP,pixel,-0.8401,4.5576,5.0322,783,222
P3.4:28,ACME Pixel Line IP,pixel,-0.8150,4.5576,5.0322,788,222
P3.4:29,ACME Pixel Line IP,pixel,-0.7898,4.5576,5.0322,794,222
P3.4:30,ACME Pixel Line IP,pixel,-0.7647,4.5576,5.0322,799,222
P3.4:31,ACME Pixel Line IP,pixel,-0.7396,4.5576,5.0322,804,222
P3.4:32,ACME Pixel Line IP,pixel,-0.7145,4.5576,5.0322,809,222
P3.4:33,ACME Pixel Line IP,pixel,-0.6893,4.5576,5.0322,815,222
P3.4:34,ACME Pixel Line IP,pixel,-0.6642,4.5576,5.0322,820,222
P3.4:35,ACME Pixel Line IP,pixel,-0.6391,4.5576,5.0322,825,222
P3.4:36,ACME Pixel Line IP,pixel,-0.6139,4.5576,5.0322,831,222
P3.4:37,ACME Pixel Line IP,pixel,-0.5888,4.5576,5.0322,836,222
P3.4:38,ACME Pixel Line IP,pixel,-0.5637,4.5576,5.0322,841,222
P3.4:39,ACME Pixel Line IP,pixel,-0.5386,4.5576,5.0322,846,222
P3.5:01,ACME Pixel Line IP,pixel,-0.4774,4.5576,5.0322,859,222
P3.5:02,ACME Pixel Line IP,pixel,-0.4523,4.5576,5.0322,865,222
P3.5:03,ACME Pixel Line IP,pixel,-0.4272,4.5576,5.0322,870,222
P3.5:04,ACME Pixel Line IP,pixel,-0.4021,4.5576,5.0322,875,222
P3.5:05,ACME Pixel Line IP,pixel,-0.3769,4.5576,5.0322,880,222
P3.5:06,ACME Pixel Line IP,pixel,-0.3518,4.5576,5.0322,886,222
P3.5:07,ACME Pixel Line IP,pixel,-0.3267,4.5576,5.0322,891,222
P3.5:08,ACME Pixel Line IP,pixel,-0.3015,4.5576,5.0322,896,222
P3.5:09,ACME Pixel Line IP,pixel,-0.2764,4.5576,5.0322,901,222
P3.5:10,ACME Pixel Line IP,pixel,-0.2513,4.5576,5.0322,907,222
P3.5:11,ACME Pixel Line IP,pixel,-0.2262,4.5576,5.0322,912,222
P3.5:12,ACME Pixel Line IP,pixel,-0.2010,4.5576,5.0322,917,222
P3.5:13,ACME Pixel Line IP,pixel,-0.1759,4.5576,5.0322,923,222
P3.5:14,ACME Pixel Line IP,pixel,-0.1508,4.5576,5.0322,928,222
P3.5:15,ACME Pixel Line IP,pixel,-0.1256,4.5576,5.0322,933,222
P3.5:16,ACME Pixel Line IP,pixel,-0.1005,4.5576,5.0322,938,222
P3.5:17,ACME Pixel Line IP,pixel,-0.0754,4.5576,5.0322,944,222
P3.5:18,ACME Pixel Line IP,pixel,-0.0503,4.5576,5.0322,949,222
P3.5:19,ACME Pixel Line IP,pixel,-0.0251,4.5576,5.0322,954,222
P3.5:20,ACME Pixel Line IP,pixel,0.0000,4.5576,5.0322,960,222
P3.5:21,ACME Pixel Line IP,pixel,0.0251,4.5576,5.0322,965,222
P3.5:22,ACME Pixel Line IP,pixel,0.0503,4.5576,5.0322,970,222
P3.5:23,ACME Pixel Line IP,pixel,0.0754,4.5576,5.0322,975,222
P3.5:24,ACME Pixel Line IP,pixel,0.1005,4.5576,5.0322,981,222
P3.5:25,ACME Pixel Line IP,pixel,0.1256,4.5576,5.0322,986,222
P3.5:26,ACME Pixel Line IP,pixel,0.1508,4.5576,5.0322,991,222
P3.5:27,ACME Pixel Line IP,pixel,0.1759,4.5576,5.0322,996,222
P3.5:28,ACME Pixel Line IP,pixel,0.2010,4.5576,5.0322,1002,222
P3.5:29,ACME Pixel Line IP,pixel,0.2262,4.5576,5.0322,1007,222
P3.5:30,ACME Pixel Line IP,pixel,0.2513,4.5576,5.0322,1012,222
P3.5:31,ACME Pixel Line IP,pixel,0.2764,4.5576,5.0322,1018,222
P3.5:32,ACME Pixel Line IP,pixel,0.3015,4.5576,5.0322,1023,222
P3.5:33,ACME Pixel Line IP,pixel,0.3267,4.5576,5.0322,1028,222
P3.5:34,ACME Pixel Line IP,pixel,0.3518,4.5576,5.0322,1033,222
P3.5:35,ACME Pixel Line IP,pixel,0.3769,4.5576,5.0322,1039,222
P3.5:36,ACME Pixel Line IP,pixel,0.4021,4.5576,5.0322,1044,222
P3.5:37,ACME Pixel Line IP,pixel,0.4272,4.5576,5.0322,1049,222
P3.5:38,ACME Pixel Line IP,pixel,0.4523,4.5576,5.0322,1054,222
P3.5:39,ACME Pixel Line IP,pixel,0.4774,4.5576,5.0322,1060,222
P3.6:01,ACME Pixel Line IP,pixel,0.5386,4.5576,5.0322,1073,222
P3.6:02,ACME Pixel Line IP,pixel,0.5637,4.5576,5.0322,1078,222
P3.6:03,ACME Pixel Line IP,pixel,0.5888,4.5576,5.0322,1083,222
P3.6:04,ACME Pixel Line IP,pixel,0.6139,4.5576,5.0322,1088,222
P3.6:05,ACME Pixel Line IP,pixel,0.6391,4.5576,5.0322,1094,222
P3.6:06,ACME Pixel Line IP,pixel,0.6642,4.5576,5.0322,1099,222
P3.6:07,ACME Pixel Line IP,pixel,0.6893,4.5576,5.0322,1104,222
P3.6:08,ACME Pixel Line IP,pixel,0.7145,4.5576,5.0322,1110,222
P3.6:09,ACME Pixel Line IP,pixel,0.7396,4.5576,5.0322,1115,222
P3.6:10,ACME Pixel Line IP,pixel,0.7647,4.5576,5.0322,1120,222
P3.6:11,ACME Pixel Line IP,pixel,0.7898,4.5576,5.0322,1125,222
P3.6:12,ACME Pixel Line IP,pixel,0.8150,4.5576,5.0322,1131,222
P3.6:13,ACME Pixel Line IP,pixel,0.8401,4.5576,5.0322,1136,222
P3.6:14,ACME Pixel Line IP,pixel,0.8652,4.5576,5.0322,1141,222
P3.6:15,ACME Pixel Line IP,pixel,0.8904,4.5576,5.0322,1146,222
P3.6:16,ACME Pixel Line IP,pixel,0.9155,4.5576,5.0322,1152,222
P3.6:17,ACME Pixel Line IP,pixel,0.9406,4.5576,5.0322,1157,222
P3.6:18,ACME Pixel Line IP,pixel,0.9657,4.5576,5.0322,1162,222
P3.6:19,ACME Pixel Line IP,pixel,0.9909,4.5576,5.0322,1168,222
P3.6:20,ACME Pixel Line IP,pixel,1.0160,4.5576,5.0322,1173,222
P3.6:21,ACME Pixel Line IP,pixel,1.0411,4.5576,5.0322,1178,222
P3.6:22,ACME Pixel Line IP,pixel,1.0663,4.5576,5.0322,1183,222
P3.6:23,ACME Pixel Line IP,pixel,1.0914,4.5576,5.0322,1189,222
P3.6:24,ACME Pixel Line IP,pixel,1.1165,4.5576,5.0322,1194,222
P3.6:25,ACME Pixel Line IP,pixel,1.1416,4.5576,5.0322,1199,222
P3.6:26,ACME Pixel Line IP,pixel,1.1668,4.5576,5.0322,1204,222
P3.6:27,ACME Pixel Line IP,pixel,1.1919,4.5576,5.0322,1210,222
P3.6:28,ACME Pixel Line IP,pixel,1.2170,4.5576,5.0322,1215,222
P3.6:29,ACME Pixel Line IP,pixel,1.2422,4.5576,5.0322,1220,222
P3.6:30,ACME Pixel Line IP,pixel,1.2673,4.5576,5.0322,1226,222
P3.6:31,ACME Pixel Line IP,pixel,1.2924,4.5576,5.0322,1231,222
P3.6:32,ACME Pixel Line IP,pixel,1.3175,4.5576,5.0322,1236,222
P3.6:33,ACME Pixel Line IP,pixel,1.3427,4.5576,5.0322,1241,222
P3.6:34,ACME Pixel Line IP,pixel,1.3678,4.5576,5.0322,1247,222
P3.6:35,ACME Pixel Line IP,pixel,1.3929,4.5576,5.0322,1252,222
P3.6:36,ACME Pixel Line IP,pixel,1.4181,4.5576,5.0322,1257,222
P3.6:37,ACME Pixel Line IP,pixel,1.4432,4.5576,5.0322,1263,222
P3.6:38,ACME Pixel Line IP,pixel,1.4683,4.5576,5.0322,1268,222
P3.6:39,ACME Pixel Line IP,pixel,1.4934,4.5576,5.0322,1273,222
P3.7:01,ACME Pixel Line IP,pixel,1.5546,4.5576,5.0322,1286,222
P3.7:02,ACME Pixel Line IP,pixel,1.5797,4.5576,5.0322,1291,222
P3.7:03,ACME Pixel Line IP,pixel,1.6048,4.5576,5.0322,1296,222
P3.7:04,ACME Pixel Line IP,pixel,1.6299,4.5576,5.0322,1302,222
P3.7:05,ACME Pixel Line IP,pixel,1.6551,4.5576,5.0322,1307,222
P3.7:06,ACME Pixel Line IP,pixel,1.6802,4.5576,5.0322,1312,222
P3.7:07,ACME Pixel Line IP,pixel,1.7053,4.5576,5.0322,1318,222
P3.7:08,ACME Pixel Line IP,pixel,1.7305,4.5576,5.0322,1323,222
P3.7:09,ACME Pixel Line IP,pixel,1.7556,4.5576,5.0322,1328,222
P3.7:10,ACME Pixel Line IP,pixel,1.7807,4.5576,5.0322,1333,222
P3.7:11,ACME Pixel Line IP,pixel,1.8058,4.5576,5.0322,1339,222
P3.7:12,ACME Pixel Line IP,pixel,1.8310,4.5576,5.0322,1344,222
P3.7:13,ACME Pixel Line IP,pixel,1.8561,4.5576,5.0322,1349,222
P3.7:14,ACME Pixel Line IP,pixel,1.8812,4.5576,5.0322,1355,222
P3.7:15,ACME Pixel Line IP,pixel,1.9064,4.5576,5.0322,1360,222
P3.7:16,ACME Pixel Line IP,pixel,1.9315,4.5576,5.0322,1365,222
P3.7:17,ACME Pixel Line IP,pixel,1.9566,4.5576,5.0322,1370,222
P3.7:18,ACME Pixel Line IP,pixel,1.9817,4.5576,5.0322,1376,222
P3.7:19,ACME Pixel Line IP,pixel,2.0069,4.5576,5.0322,1381,222
P3.7:20,ACME Pixel Line IP,pixel,2.0320,4.5576,5.0322,1386,222
P3.7:21,ACME Pixel Line IP,pixel,2.0571,4.5576,5.0322,1391,222
P3.7:22,ACME Pixel Line IP,pixel,2.0823,4.5576,5.0322,1397,222
P3.7:23,ACME Pixel Line IP,pixel,2.1074,4.5576,5.0322,1402,222
P3.7:24,ACME Pixel Line IP,pixel,2.1325,4.5576,5.0322,1407,222
P3.7:25,ACME Pixel Line IP,pixel,2.1576,4.5576,5.0322,1413,222
P3.7:26,ACME Pixel Line IP,pixel,2.1828,4.5576,5.0322,1418,222
P3.7:27,ACME Pixel Line IP,pixel,2.2079,4.5576,5.0322,1423,222
P3.7:28,ACME Pixel Line IP,pixel,2.2330,4.5576,5.0322,1428,222
P3.7:29,ACME Pixel Line IP,pixel,2.2582,4.5576,5.0322,1434,222
P3.7:30,ACME Pixel Line IP,pixel,2.2833,4.5576,5.0322,1439,222
P3.7:31,ACME Pixel Line IP,pixel,2.3084,4.5576,5.0322,1444,222
P3.7:32,ACME Pixel Line IP,pixel,2.3335,4.5576,5.0322,1449,222
P3.7:33,ACME Pixel Line IP,pixel,2.3587,4.5576,5.0322,1455,222
P3.7:34,ACME Pixel Line IP,pixel,2.3838,4.5576,5.0322,1460,222
P3.7:35,ACME Pixel Line IP,pixel,2.4089,4.5576,5.0322,1465,222
P3.7:36,ACME Pixel Line IP,pixel,2.4341,4.5576,5.0322,1471,222
P3.7:37,ACME Pixel Line IP,pixel,2.4592,4.5576,5.0322,1476,222
P3.7:38,ACME Pixel Line IP,pixel,2.4843,4.5576,5.0322,1481,222
P3.7:39,ACME Pixel Line IP,pixel,2.5094,4.5576,5.0322,1486,222
P3.8:01,ACME Pixel Line IP,pixel,2.5706,4.5576,5.0322,1499,222
P3.8:02,ACME Pixel Line IP,pixel,2.5957,4.5576,5.0322,1505,222
P3.8:03,ACME Pixel Line IP,pixel,2.6208,4.5576,5.0322,1510,222
P3.8:04,ACME Pixel Line IP,pixel,2.6459,4.5576,5.0322,1515,222
P3.8:05,ACME Pixel Line IP,pixel,2.6711,4.5576,5.0322,1520,222
P3.8:06,ACME Pixel Line IP,pixel,2.6962,4.5576,5.0322,1526,222
P3.8:07,ACME Pixel Line IP,pixel,2.7213,4.5576,5.0322,1531,222
P3.8:08,ACME Pixel Line IP,pixel,2.7465,4.5576,5.0322,1536,222
P3.8:09,ACME Pixel Line IP,pixel,2.7716,4.5576,5.0322,1541,222
P3.8:10,ACME Pixel Line IP,pixel,2.7967,4.5576,5.0322,1547,222
P3.8:11,ACME Pixel Line IP,pixel,2.8218,4.5576,5.0322,1552,222
P3.8:12,ACME Pixel Line IP,pixel,2.8470,4.5576,5.0322,1557,222
P3.8:13,ACME Pixel Line IP,pixel,2.8721,4.5576,5.0322,1563,222
P3.8:14,ACME Pixel Line IP,pixel,2.8972,4.5576,5.0322,1568,222
P3.8:15,ACME Pixel Line IP,pixel,2.9224,4.5576,5.0322,1573,222
P3.8:16,ACME Pixel Line IP,pixel,2.9475,4.5576,5.0322,1578,222
P3.8:17,ACME Pixel Line IP,pixel,2.9726,4.5576,5.0322,1584,222
P3.8:18,ACME Pixel Line IP,pixel,2.9977,4.5576,5.0322,1589,222
P3.8:19,ACME Pixel Line IP,pixel,3.0229,4.5576,5.0322,1594,222
P3.8:20,ACME Pixel Line IP,pixel,3.0480,4.5576,5.0322,1600,222
P3.8:21,ACME Pixel Line IP,pixel,3.0731,4.5576,5.0322,1605,222
P3.8:22,ACME Pixel Line IP,pixel,3.0983,4.5576,5.0322,1610,222
P3.8:23,ACME Pixel Line IP,pixel,3.1234,4.5576,5.0322,1615,222
P3.8:24,ACME Pixel Line IP,pixel,3.1485,4.5576,5.0322,1621,222
P3.8:25,ACME Pixel Line IP,pixel,3.1736,4.5576,5.0322,1626,222
P3.8:26,ACME Pixel Line IP,pixel,3.1988,4.5576,5.0322,1631,222
P3.8:27,ACME Pixel Line IP,pixel,3.2239,4.5576,5.0322,1636,222
P3.8:28,ACME Pixel Line IP,pixel,3.2490,4.5576,5.0322,1642,222
P3.8:29,ACME Pixel Line IP,pixel,3.2742,4.5576,5.0322,1647,222
P3.8:30,ACME Pixel Line IP,pixel,3.2993,4.5576,5.0322,1652,222
P3.8:31,ACME Pixel Line IP,pixel,3.3244,4.5576,5.0322,1658,222
P3.8:32,ACME Pixel Line IP,pixel,3.3495,4.5576,5.0322,1663,222
P3.8:33,ACME Pixel Line IP,pixel,3.3747,4.5576,5.0322,1668,222
P3.8:34,ACME Pixel Line IP,pixel,3.3998,4.5576,5.0322,1673,222
P3.8:35,ACME Pixel Line IP,pixel,3.4249,4.5576,5.0322,1679,222
P3.8:36,ACME Pixel Line IP,pixel,3.4501,4.5576,5.0322,1684,222
P3.8:37,ACME Pixel Line IP,pixel,3.4752,4.5576,5.0322,1689,222
P3.8:38,ACME Pixel Line IP,pixel,3.5003,4.5576,5.0322,1694,222
P3.8:39,ACME Pixel Line IP,pixel,3.5254,4.5576,5.0322,1700,222
P3.9:01,ACME Pixel Line IP,pixel,3.5866,4.5576,5.0322,1713,222
P3.9:02,ACME Pixel Line IP,pixel,3.6117,4.5576,5.0322,1718,222
P3.9:03,ACME Pixel Line IP,pixel,3.6368,4.5576,5.0322,1723,222
P3.9:04,ACME Pixel Line IP,pixel,3.6619,4.5576,5.0322,1728,222
P3.9:05,ACME Pixel Line IP,pixel,3.6871,4.5576,5.0322,1734,222
P3.9:06,ACME Pixel Line IP,pixel,3.7122,4.5576,5.0322,1739,222
P3.9:07,ACME Pixel Line IP,pixel,3.7373,4.5576,5.0322,1744,222
P3.9:08,ACME Pixel Line IP,pixel,3.7625,4.5576,5.0322,1750,222
P3.9:09,ACME Pixel Line IP,pixel,3.7876,4.5576,5.0322,1755,222
P3.9:10,ACME Pixel Line IP,pixel,3.8127,4.5576,5.0322,1760,222
P3.9:11,ACME Pixel Line IP,pixel,3.8378,4.5576,5.0322,1765,222
P3.9:12,ACME Pixel Line IP,pixel,3.8630,4.5576,5.0322,1771,222
P3.9:13,ACME Pixel Line IP,pixel,3.8881,4.5576,5.0322,1776,222
P3.9:14,ACME Pixel Line IP,pixel,3.9132,4.5576,5.0322,1781,222
P3.9:15,ACME Pixel Line IP,pixel,3.9384,4.5576,5.0322,1786,222
P3.9:16,ACME Pixel Line IP,pixel,3.9635,4.5576,5.0322,1792,222
P3.9:17,ACME Pixel Line IP,pixel,3.9886,4.5576,5.0322,1797,222
P3.9:18,ACME Pixel Line IP,pixel,4.0137,4.5576,5.0322,1802,222
P3.9:19,ACME Pixel Line IP,pixel,4.0389,4.5576,5.0322,1808,222
P3.9:20,ACME Pixel Line IP,pixel,4.0640,4.5576,5.0322,1813,222
P3.9:21,ACME Pixel Line IP,pixel,4.0891,4.5576,5.0322,1818,222
P3.9:22,ACME Pixel Line IP,pixel,4.1143,4.5576,5.0322,1823,222
P3.9:23,ACME Pixel Line IP,pixel,4.1394,4.5576,5.0322,1829,222
P3.9:24,ACME Pixel Line IP,pixel,4.1645,4.5576,5.0322,1834,222
P3.9:25,ACME Pixel Line IP,pixel,4.1896,4.5576,5.0322,1839,222
P3.9:26,ACME Pixel Line IP,pixel,4.2148,4.5576,5.0322,1844,222
P3.9:27,ACME Pixel Line IP,pixel,4.2399,4.5576,5.0322,1850,222
P3.9:28,ACME Pixel Line IP,pixel,4.2650,4.5576,5.0322,1855,222
P3.9:29,ACME Pixel Line IP,pixel,4.2902,4.5576,5.0322,1860,222
P3.9:30,ACME Pixel Line IP,pixel,4.3153,4.5576,5.0322,1866,222
P3.9:31,ACME Pixel Line IP,pixel,4.3404,4.5576,5.0322,1871,222
P3.9:32,ACME Pixel Line IP,pixel,4.3655,4.5576,5.0322,1876,222
P3.9:33,ACME Pixel Line IP,pixel,4.3907,4.5576,5.0322,1881,222
P3.9:34,ACME Pixel Line IP,pixel,4.4158,4.5576,5.0322,1887,222
P3.9:35,ACME Pixel Line IP,pixel,4.4409,4.5576,5.0322,1892,222
P3.9:36,ACME Pixel Line IP,pixel,4.4661,4.5576,5.0322,1897,222
P3.9:37,ACME Pixel Line IP,pixel,4.4912,4.5576,5.0322,1903,222
P3.9:38,ACME Pixel Line IP,pixel,4.5163,4.5576,5.0322,1908,222
P3.9:39,ACME Pixel Line IP,pixel,4.5414,4.5576,5.0322,1913,222
P4.1:01,ACME Pixel Line IP,pixel,-4.5414,4.5576,4.1178,6,317
P4.1:02,ACME Pixel Line IP,pixel,-4.5163,4.5576,4.1178,11,317
P4.1:03,ACME Pixel Line IP,pixel,-4.4912,4.5576,4.1178,16,317
P4.1:04,ACME Pixel Line IP,pixel,-4.4661,4.5576,4.1178,22,317
P4.1:05,ACME Pixel Line IP,pixel,-4.4409,4.5576,4.1178,27,317
P4.1:06,ACME Pixel Line IP,pixel,-4.4158,4.5576,4.1178,32,317
P4.1:07,ACME Pixel Line IP,pixel,-4.3907,4.5576,4.1178,38,317
P4.1:08,ACME Pixel Line IP,pixel,-4.3655,4.5576,4.1178,43,317
P4.1:09,ACME Pixel Line IP,pixel,-4.3404,4.5576,4.1178,48,317
P4.1:10,ACME Pixel Line IP,pixel,-4.3153,4.5576,4.1178,53,317
P4.1:11,ACME Pixel Line IP,pixel,-4.2902,4.5576,4.1178,59,317
P4.1:12,ACME Pixel Line IP,pixel,-4.2650,4.5576,4.1178,64,317
P4.1:13,ACME Pixel Line IP,pixel,-4.2399,4.5576,4.1178,69,317
P4.1:14,ACME Pixel Line IP,pixel,-4.2148,4.5576,4.1178,75,317
P4.1:15,ACME Pixel Line IP,pixel,-4.1896,4.5576,4.1178,80,317
P4.1:16,ACME Pixel Line IP,pixel,-4.1645,4.5576,4.1178,85,317
P4.1:17,ACME Pixel Line IP,pixel,-4.1394,4.5576,4.1178,90,317
P4.1:18,ACME Pixel Line IP,pixel,-4.1143,4.5576,4.1178,96,317
P4.1:19,ACME Pixel Line IP,pixel,-4.0891,4.5576,4.1178,101,317
P4.1:20,ACME Pixel Line IP,pixel,-4.0640,4.5576,4.1178,106,317
P4.1:21,ACME Pixel Line IP,pixel,-4.0389,4.5576,4.1178,111,317
P4.1:22,ACME Pixel Line IP,pixel,-4.0137,4.5576,4.1178,117,317
P4.1:23,ACME Pixel Line IP,pixel,-3.9886,4.5576,4.1178,122,317
P4.1:24,ACME Pixel Line IP,pixel,-3.9635,4.5576,4.1178,127,317
P4.1:25,ACME Pixel Line IP,pixel,-3.9384,4.5576,4.1178,133,317
P4.1:26,ACME Pixel Line IP,pixel,-3.9132,4.5576,4.1178,138,317
P4.1:27,ACME Pixel Line IP,pixel,-3.8881,4.5576,4.1178,143,317
P4.1:28,ACME Pixel Line IP,pixel,-3.8630,4.5576,4.1178,148,317
P4.1:29,ACME Pixel Line IP,pixel,-3.8378,4.5576,4.1178,154,317
P4.1:30,ACME Pixel Line IP,pixel,-3.8127,4.5576,4.1178,159,317
P4.1:31,ACME Pixel Line IP,pixel,-3.7876,4.5576,4.1178,164,317
P4.1:32,ACME Pixel Line IP,pixel,-3.7625,4.5576,4.1178,169,317
P4.1:33,ACME Pixel Line IP,pixel,-3.7373,4.5576,4.1178,175,317
P4.1:34,ACME Pixel Line IP,pixel,-3.7122,4.5576,4.1178,180,317
P4.1:35,ACME Pixel Line IP,pixel,-3.6871,4.5576,4.1178,185,317
P4.1:36,ACME Pixel Line IP,pixel,-3.6619,4.5576,4.1178,191,317
P4.1:37,ACME Pixel Line IP,pixel,-3.6368,4.5576,4.1178,196,317
P4.1:38,ACME Pixel Line IP,pixel,-3.6117,4.5576,4.1178,201,317
P4.1:39,ACME Pixel Line IP,pixel,-3.5866,4.5576,4.1178,206,317
P4.2:01,ACME Pixel Line IP,pixel,-3.5254,4.5576,4.1178,219,317
P4.2:02,ACME Pixel Line IP,pixel,-3.5003,4.5576,4.1178,225,317
P4.2:03,ACME Pixel Line IP,pixel,-3.4752,4.5576,4.1178,230,317
P4.2:04,ACME Pixel Line IP,pixel,-3.4501,4.5576,4.1178,235,317
P4.2:05,ACME Pixel Line IP,pixel,-3.4249,4.5576,4.1178,240,317
P4.2:06,ACME Pixel Line IP,pixel,-3.3998,4.5576,4.1178,246,317
P4.2:07,ACME Pixel Line IP,pixel,-3.3747,4.5576,4.1178,251,317
P4.2:08,ACME Pixel Line IP,pixel,-3.3495,4.5576,4.1178,256,317
P4.2:09,ACME Pixel Line IP,pixel,-3.3244,4.5576,4.1178,261,317
P4.2:10,ACME Pixel Line IP,pixel,-3.2993,4.5576,4.1178,267,317
P4.2:11,ACME Pixel Line IP,pixel,-3.2742,4.5576,4.1178,272,317
P4.2:12,ACME Pixel Line IP,pixel,-3.2490,4.5576,4.1178,277,317
P4.2:13,ACME Pixel Line IP,pixel,-3.2239,4.5576,4.1178,283,317
P4.2:14,ACME Pixel Line IP,pixel,-3.1988,4.5576,4.1178,288,317
P4.2:15,ACME Pixel Line IP,pixel,-3.1736,4.5576,4.1178,293,317
P4.2:16,ACME Pixel Line IP,pixel,-3.1485,4.5576,4.1178,298,317
P4.2:17,ACME Pixel Line IP,pixel,-3.1234,4.5576,4.1178,304,317
P4.2:18,ACME Pixel Line IP,pixel,-3.0983,4.5576,4.1178,309,317
P4.2:19,ACME Pixel Line IP,pixel,-3.0731,4.5576,4.1178,314,317
P4.2:20,ACME Pixel Line IP,pixel,-3.0480,4.5576,4.1178,320,317
P4.2:21,ACME Pixel Line IP,pixel,-3.0229,4.5576,4.1178,325,317
P4.2:22,ACME Pixel Line IP,pixel,-2.9977,4.5576,4.1178,330,317
P4.2:23,ACME Pixel Line IP,pixel,-2.9726,4.5576,4.1178,335,317
P4.2:24,ACME Pixel Line IP,pixel,-2.9475,4.5576,4.1178,341,317
P4.2:25,ACME Pixel Line IP,pixel,-2.9224,4.5576,4.1178,346,317
P4.2:26,ACME Pixel Line IP,pixel,-2.8972,4.5576,4.1178,351,317
P4.2:27,ACME Pixel Line IP,pixel,-2.8721,4.5576,4.1178,356,317
P4.2:28,ACME Pixel Line IP,pixel,-2.8470,4.5576,4.1178,362,317
P4.2:29,ACME Pixel Line IP,pixel,-2.8218,4.5576,4.1178,367,317
P4.2:30,ACME Pixel Line IP,pixel,-2.7967,4.5576,4.1178,372,317
P4.2:31,ACME Pixel Line IP,pixel,-2.7716,4.5576,4.1178,378,317
P4.2:32,ACME Pixel Line IP,pixel,-2.7465,4.5576,4.1178,383,317
P4.2:33,ACME Pixel Line IP,pixel,-2.7213,4.5576,4.1178,388,317
P4.2:34,ACME Pixel Line IP,pixel,-2.6962,4.5576,4.1178,393,317
P4.2:35,ACME Pixel Line IP,pixel,-2.6711,4.5576,4.1178,399,317
P4.2:36,ACME Pixel Line IP,pixel,-2.6459,4.5576,4.1178,404,317
P4.2:37,ACME Pixel Line IP,pixel,-2.6208,4.5576,4.1178,409,317
P4.2:38,ACME Pixel Line IP,pixel,-2.5957,4.5576,4.1178,414,317
P4.2:39,ACME Pixel Line IP,pixel,-2.5706,4.5576,4.1178,420,317
P4.3:01,ACME Pixel Line IP,pixel,-2.5094,4.5576,4.1178,433,317
P4.3:02,ACME Pixel Line IP,pixel,-2.4843,4.5576,4.1178,438,317
P4.3:03,ACME Pixel Line IP,pixel,-2.4592,4.5576,4.1178,443,317
P4.3:04,ACME Pixel Line IP,pixel,-2.4341,4.5576,4.1178,448,317
P4.3:05,ACME Pixel Line IP,pixel,-2.4089,4.5576,4.1178,454,317
P4.3:06,ACME Pixel Line IP,pixel,-2.3838,4.5576,4.1178,459,317
P4.3:07,ACME Pixel Line IP,pixel,-2.3587,4.5576,4.1178,464,317
P4.3:08,ACME Pixel Line IP,pixel,-2.3335,4.5576,4.1178,470,317
P4.3:09,ACME Pixel Line IP,pixel,-2.3084,4.5576,4.1178,475,317
P4.3:10,ACME Pixel Line IP,pixel,-2.2833,4.5576,4.1178,480,317
P4.3:11,ACME Pixel Line IP,pixel,-2.2582,4.5576,4.1178,485,317
P4.3:12,ACME Pixel Line IP,pixel,-2.2330,4.5576,4.1178,491,317
P4.3:13,ACME Pixel Line IP,pixel,-2.2079,4.5576,4.1178,496,317
P4.3:14,ACME Pixel Line IP,pixel,-2.1828,4.5576,4.1178,501,317
P4.3:15,ACME Pixel Line IP,pixel,-2.1576,4.5576,4.1178,506,317
P4.3:16,ACME Pixel Line IP,pixel,-2.1325,4.5576,4.1178,512,317
P4.3:17,ACME Pixel Line IP,pixel,-2.1074,4.5576,4.1178,517,317
P4.3:18,ACME Pixel Line IP,pixel,-2.0823,4.5576,4.1178,522,317
P4.3:19,ACME Pixel Line IP,pixel,-2.0571,4.5576,4.1178,528,317
P4.3:20,ACME Pixel Line IP,pixel,-2.0320,4.5576,4.1178,533,317
P4.3:21,ACME Pixel Line IP,pixel,-2.0069,4.5576,4.1178,538,317
P4.3:22,ACME Pixel Line IP,pixel,-1.9817,4.5576,4.1178,543,317
P4.3:23,ACME Pixel Line IP,pixel,-1.9566,4.5576,4.1178,549,317
P4.3:24,ACME Pixel Line IP,pixel,-1.9315,4.5576,4.1178,554,317
P4.3:25,ACME Pixel Line IP,pixel,-1.9064,4.5576,4.1178,559,317
P4.3:26,ACME Pixel Line IP,pixel,-1.8812,4.5576,4.1178,564,317
P4.3:27,ACME Pixel Line IP,pixel,-1.8561,4.5576,4.1178,570,317
P4.3:28,ACME Pixel Line IP,pixel,-1.8310,4.5576,4.1178,575,317
P4.3:29,ACME Pixel Line IP,pixel,-1.8058,4.5576,4.1178,580,317
P4.3:30,ACME Pixel Line IP,pixel,-1.7807,4.5576,4.1178,586,317
P4.3:31,ACME Pixel Line IP,pixel,-1.7556,4.5576,4.1178,591,317
P4.3:32,ACME Pixel Line IP,pixel,-1.7305,4.5576,4.1178,596,317
P4.3:33,ACME Pixel Line IP,pixel,-1.7053,4.5576,4.1178,601,317
P4.3:34,ACME Pixel Line IP,pixel,-1.6802,4.5576,4.1178,607,317
P4.3:35,ACME Pixel Line IP,pixel,-1.6551,4.5576,4.1178,612,317
P4.3:36,ACME Pixel Line IP,pixel,-1.6299,4.5576,4.1178,617,317
P4.3:37,ACME Pixel Line IP,pixel,-1.6048,4.5576,4.1178,623,317
P4.3:38,ACME Pixel Line IP,pixel,-1.5797,4.5576,4.1178,628,317
P4.3:39,ACME Pixel Line IP,pixel,-1.5546,4.5576,4.1178,633,317
P4.4:01,ACME Pixel Line IP,pixel,-1.4934,4.5576,4.1178,646,317
P4.4:02,ACME Pixel Line IP,pixel,-1.4683,4.5576,4.1178,651,317
P4.4:03,ACME Pixel Line IP,pixel,-1.4432,4.5576,4.1178,656,317
P4.4:04,ACME Pixel Line IP,pixel,-1.4181,4.5576,4.1178,662,317
P4.4:05,ACME Pixel Line IP,pixel,-1.3929,4.5576,4.1178,667,317
P4.4:06,ACME Pixel Line IP,pixel,-1.3678,4.5576,4.1178,672,317
P4.4:07,ACME Pixel Line IP,pixel,-1.3427,4.5576,4.1178,678,317
P4.4:08,ACME Pixel Line IP,pixel,-1.3175,4.5576,4.1178,683,317
P4.4:09,ACME Pixel Line IP,pixel,-1.2924,4.5576,4.1178,688,317
P4.4:10,ACME Pixel Line IP,pixel,-1.2673,4.5576,4.1178,693,317
P4.4:11,ACME Pixel Line IP,pixel,-1.2422,4.5576,4.1178,699,317
P4.4:12,ACME Pixel Line IP,pixel,-1.2170,4.5576,4.1178,704,317
P4.4:13,ACME Pixel Line IP,pixel,-1.1919,4.5576,4.1178,709,317
P4.4:14,ACME Pixel Line IP,pixel,-1.1668,4.5576,4.1178,715,317
P4.4:15,ACME Pixel Line IP,pixel,-1.1416,4.5576,4.1178,720,317
P4.4:16,ACME Pixel Line IP,pixel,-1.1165,4.5576,4.1178,725,317
P4.4:17,ACME Pixel Line IP,pixel,-1.0914,4.5576,4.1178,730,317
P4.4:18,ACME Pixel Line IP,pixel,-1.0663,4.5576,4.1178,736,317
P4.4:19,ACME Pixel Line IP,pixel,-1.0411,4.5576,4.1178,741,317
P4.4:20,ACME Pixel Line IP,pixel,-1.0160,4.5576,4.1178,746,317
P4.4:21,ACME Pixel Line IP,pixel,-0.9909,4.5576,4.1178,751,317
P4.4:22,ACME Pixel Line IP,pixel,-0.9657,4.5576,4.1178,757,317
P4.4:23,ACME Pixel Line IP,pixel,-0.9406,4.5576,4.1178,762,317
P4.4:24,ACME Pixel Line IP,pixel,-0.9155,4.5576,4.1178,767,317
P4.4:25,ACME Pixel Line IP,pixel,-0.8904,4.5576,4.1178,773,317
P4.4:26,ACME Pixel Line IP,pixel,-0.8652,4.5576,4.1178,778,317
P4.4:27,ACME Pixel Line IP,pixel,-0.8401,4.5576,4.1178,783,317
P4.4:28,ACME Pixel Line IP,pixel,-0.8150,4.5576,4.1178,788,317
P4.4:29,ACME Pixel Line IP,pixel,-0.7898,4.5576,4.1178,794,317
P4.4:30,ACME Pixel Line IP,pixel,-0.7647,4.5576,4.1178,799,317
P4.4:31,ACME Pixel Line IP,pixel,-0.7396,4.5576,4.1178,804,317
P4.4:32,ACME Pixel Line IP,pixel,-0.7145,4.5576,4.1178,809,317
P4.4:33,ACME Pixel Line IP,pixel,-0.6893,4.5576,4.1178,815,317
P4.4:34,ACME Pixel Line IP,pixel,-0.6642,4.5576,4.1178,820,317
P4.4:35,ACME Pixel Line IP,pixel,-0.6391,4.5576,4.1178,825,317
P4.4:36,ACME Pixel Line IP,pixel,-0.6139,4.5576,4.1178,831,317
P4.4:37,ACME Pixel Line IP,pixel,-0.5888,4.5576,4.1178,836,317
P4.4:38,ACME Pixel Line IP,pixel,-0.5637,4.5576,4.1178,841,317
P4.4:39,ACME Pixel Line IP,pixel,-0.5386,4.5576,4.1178,846,317
P4.5:01,ACME Pixel Line IP,pixel,-0.4774,4.5576,4.1178,859,317
P4.5:02,ACME Pixel Line IP,pixel,-0.4523,4.5576,4.1178,865,317
P4.5:03,ACME Pixel Line IP,pixel,-0.4272,4.5576,4.1178,870,317
P4.5:04,ACME Pixel Line IP,pixel,-0.4021,4.5576,4.1178,875,317
P4.5:05,ACME Pixel Line IP,pixel,-0.3769,4.5576,4.1178,880,317
P4.5:06,ACME Pixel Line IP,pixel,-0.3518,4.5576,4.1178,886,317
P4.5:07,ACME Pixel Line IP,pixel,-0.3267,4.5576,4.1178,891,317
P4.5:08,ACME Pixel Line IP,pixel,-0.3015,4.5576,4.1178,896,317
P4.5:09,ACME Pixel Line IP,pixel,-0.2764,4.5576,4.1178,901,317
P4.5:10,ACME Pixel Line IP,pixel,-0.2513,4.5576,4.1178,907,317
P4.5:11,ACME Pixel Line IP,pixel,-0.2262,4.5576,4.1178,912,317
P4.5:12,ACME Pixel Line IP,pixel,-0.2010,4.5576,4.1178,917,317
P4.5:13,ACME Pixel Line IP,pixel,-0.1759,4.5576,4.1178,923,317
P4.5:14,ACME Pixel Line IP,pixel,-0.1508,4.5576,4.1178,928,317
P4.5:15,ACME Pixel Line IP,pixel,-0.1256,4.5576,4.1178,933,317
P4.5:16,ACME Pixel Line IP,pixel,-0.1005,4.5576,4.1178,938,317
P4.5:17,ACME Pixel Line IP,pixel,-0.0754,4.5576,4.1178,944,317
P4.5:18,ACME Pixel Line IP,pixel,-0.0503,4.5576,4.1178,949,317
P4.5:19,ACME Pixel Line IP,pixel,-0.0251,4.5576,4.1178,954,317
P4.5:20,ACME Pixel Line IP,pixel,0.0000,4.5576,4.1178,960,317
P4.5:21,ACME Pixel Line IP,pixel,0.0251,4.5576,4.1178,965,317
P4.5:22,ACME Pixel Line IP,pixel,0.0503,4.5576,4.1178,970,317
P4.5:23,ACME Pixel Line IP,pixel,0.0754,4.5576,4.1178,975,317
P4.5:24,ACME Pixel Line IP,pixel,0.1005,4.5576,4.1178,981,317
P4.5:25,ACME Pixel Line IP,pixel,0.1256,4.5576,4.1178,986,317
P4.5:26,ACME Pixel Line IP,pixel,0.1508,4.5576,4.1178,991,317
P4.5:27,ACME Pixel Line IP,pixel,0.1759,4.5576,4.1178,996,317
P4.5:28,ACME Pixel Line IP,pixel,0.2010,4.5576,4.1178,1002,317
P4.5:29,ACME Pixel Line IP,pixel,0.2262,4.5576,4.1178,1007,317
P4.5:30,ACME Pixel Line IP,pixel,0.2513,4.5576,4.1178,1012,317
P4.5:31,ACME Pixel Line IP,pixel,0.2764,4.5576,4.1178,1018,317
P4.5:32,ACME Pixel Line IP,pixel,0.3015,4.5576,4.1178,1023,317
P4.5:33,ACME Pixel Line IP,pixel,0.3267,4.5576,4.1178,1028,317
P4.5:34,ACME Pixel Line IP,pixel,0.3518,4.5576,4.1178,1033,317
P4.5:35,ACME Pixel Line IP,pixel,0.3769,4.5576,4.1178,1039,317
P4.5:36,ACME Pixel Line IP,pixel,0.4021,4.5576,4.1178,1044,317
P4.5:37,ACME Pixel Line IP,pixel,0.4272,4.5576,4.1178,1049,317
P4.5:38,ACME Pixel Line IP,pixel,0.4523,4.5576,4.1178,1054,317
P4.5:39,ACME Pixel Line IP,pixel,0.4774,4.5576,4.1178,1060,317
P4.6:01,ACME Pixel Line IP,pixel,0.5386,4.5576,4.1178,1073,317
P4.6:02,ACME Pixel Line IP,pixel,0.5637,4.5576,4.1178,1078,317
P4.6:03,ACME Pixel Line IP,pixel,0.5888,4.5576,4.1178,1083,317
P4.6:04,ACME Pixel Line IP,pixel,0.6139,4.5576,4.1178,1088,317
P4.6:05,ACME Pixel Line IP,pixel,0.6391,4.5576,4.1178,1094,317
P4.6:06,ACME Pixel Line IP,pixel,0.6642,4.5576,4.1178,1099,317
P4.6:07,ACME Pixel Line IP,pixel,0.6893,4.5576,4.1178,1104,317
P4.6:08,ACME Pixel Line IP,pixel,0.7145,4.5576,4.1178,1110,317
P4.6:09,ACME Pixel Line IP,pixel,0.7396,4.5576,4.1178,1115,317
P4.6:10,ACME Pixel Line IP,pixel,0.7647,4.5576,4.1178,1120,317
P4.6:11,ACME Pixel Line IP,pixel,0.7898,4.5576,4.1178,1125,317
P4.6:12,ACME Pixel Line IP,pixel,0.8150,4.5576,4.1178,1131,317
P4.6:13,ACME Pixel Line IP,pixel,0.8401,4.5576,4.1178,1136,317
P4.6:14,ACME Pixel Line IP,pixel,0.8652,4.5576,4.1178,1141,317
P4.6:15,ACME Pixel Line IP,pixel,0.8904,4.5576,4.1178,1146,317
P4.6:16,ACME Pixel Line IP,pixel,0.9155,4.5576,4.1178,1152,317
P4.6:17,ACME Pixel Line IP,pixel,0.9406,4.5576,4.1178,1157,317
P4.6:18,ACME Pixel Line IP,pixel,0.9657,4.5576,4.1178,1162,317
P4.6:19,ACME Pixel Line IP,pixel,0.9909,4.5576,4.1178,1168,317
P4.6:20,ACME Pixel Line IP,pixel,1.0160,4.5576,4.1178,1173,317
P4.6:21,ACME Pixel Line IP,pixel,1.0411,4.5576,4.1178,1178,317
P4.6:22,ACME Pixel Line IP,pixel,1.0663,4.5576,4.1178,1183,317
P4.6:23,ACME Pixel Line IP,pixel,1.0914,4.5576,4.1178,1189,317
P4.6:24,ACME Pixel Line IP,pixel,1.1165,4.5576,4.1178,1194,317
P4.6:25,ACME Pixel Line IP,pixel,1.1416,4.5576,4.1178,1199,317
P4.6:26,ACME Pixel Line IP,pixel,1.1668,4.5576,4.1178,1204,317
P4.6:27,ACME Pixel Line IP,pixel,1.1919,4.5576,4.1178,1210,317
P4.6:28,ACME Pixel Line IP,pixel,1.2170,4.5576,4.1178,1215,317
P4.6:29,ACME Pixel Line IP,pixel,1.2422,4.5576,4.1178,1220,317
P4.6:30,ACME Pixel Line IP,pixel,1.2673,4.5576,4.1178,1226,317
P4.6:31,ACME Pixel Line IP,pixel,1.2924,4.5576,4.1178,1231,317
P4.6:32,ACME Pixel Line IP,pixel,1.3175,4.5576,4.1178,1236,317
P4.6:33,ACME Pixel Line IP,pixel,1.3427,4.5576,4.1178,1241,317
P4.6:34,ACME Pixel Line IP,pixel,1.3678,4.5576,4.1178,1247,317
P4.6:35,ACME Pixel Line IP,pixel,1.3929,4.5576,4.1178,1252,317
P4.6:36,ACME Pixel Line IP,pixel,1.4181,4.5576,4.1178,1257,317
P4.6:37,ACME Pixel Line IP,pixel,1.4432,4.5576,4.1178,1263,317
P4.6:38,ACME Pixel Line IP,pixel,1.4683,4.5576,4.1178,1268,317
P4.6:39,ACME Pixel Line IP,pixel,1.4934,4.5576,4.1178,1273,317
P4.7:01,ACME Pixel Line IP,pixel,1.5546,4.5576,4.1178,1286,317
P4.7:02,ACME Pixel Line IP,pixel,1.5797,4.5576,4.1178,1291,317
P4.7:03,ACME Pixel Line IP,pixel,1.6048,4.5576,4.1178,1296,317
P4.7:04,ACME Pixel Line IP,pixel,1.6299,4.5576,4.1178,1302,317
P4.7:05,ACME Pixel Line IP,pixel,1.6551,4.5576,4.1178,1307,317
P4.7:06,ACME Pixel Line IP,pixel,1.6802,4.5576,4.1178,1312,317
P4.7:07,ACME Pixel Line IP,pixel,1.7053,4.5576,4.1178,1318,317
P4.7:08,ACME Pixel Line IP,pixel,1.7305,4.5576,4.1178,1323,317
P4.7:09,ACME Pixel Line IP,pixel,1.7556,4.5576,4.1178,1328,317
P4.7:10,ACME Pixel Line IP,pixel,1.7807,4.5576,4.1178,1333,317
P4.7:11,ACME Pixel Line IP,pixel,1.8058,4.5576,4.1178,1339,317
P4.7:12,ACME Pixel Line IP,pixel,1.8310,4.5576,4.1178,1344,317
P4.7:13,ACME Pixel Line IP,pixel,1.8561,4.5576,4.1178,1349,317
P4.7:14,ACME Pixel Line IP,pixel,1.8812,4.5576,4.1178,1355,317
P4.7:15,ACME Pixel Line IP,pixel,1.9064,4.5576,4.1178,1360,317
P4.7:16,ACME Pixel Line IP,pixel,1.9315,4.5576,4.1178,1365,317
P4.7:17,ACME Pixel Line IP,pixel,1.9566,4.5576,4.1178,1370,317
P4.7:18,ACME Pixel Line IP,pixel,1.9817,4.5576,4.1178,1376,317
P4.7:19,ACME Pixel Line IP,pixel,2.0069,4.5576,4.1178,1381,317
P4.7:20,ACME Pixel Line IP,pixel,2.0320,4.5576,4.1178,1386,317
P4.7:21,ACME Pixel Line IP,pixel,2.0571,4.5576,4.1178,1391,317
P4.7:22,ACME Pixel Line IP,pixel,2.0823,4.5576,4.1178,1397,317
P4.7:23,ACME Pixel Line IP,pixel,2.1074,4.5576,4.1178,1402,317
P4.7:24,ACME Pixel Line IP,pixel,2.1325,4.5576,4.1178,1407,317
P4.7:25,ACME Pixel Line IP,pixel,2.1576,4.5576,4.1178,1413,317
P4.7:26,ACME Pixel Line IP,pixel,2.1828,4.5576,4.1178,1418,317
P4.7:27,ACME Pixel Line IP,pixel,2.2079,4.5576,4.1178,1423,317
P4.7:28,ACME Pixel Line IP,pixel,2.2330,4.5576,4.1178,1428,317
P4.7:29,ACME Pixel Line IP,pixel,2.2582,4.5576,4.1178,1434,317
P4.7:30,ACME Pixel Line IP,pixel,2.2833,4.5576,4.1178,1439,317
P4.7:31,ACME Pixel Line IP,pixel,2.3084,4.5576,4.1178,1444,317
P4.7:32,ACME Pixel Line IP,pixel,2.3335,4.5576,4.1178,1449,317
P4.7:33,ACME Pixel Line IP,pixel,2.3587,4.5576,4.1178,1455,317
P4.7:34,ACME Pixel Line IP,pixel,2.3838,4.5576,4.1178,1460,317
P4.7:35,ACME Pixel Line IP,pixel,2.4089,4.5576,4.1178,1465,317
P4.7:36,ACME Pixel Line IP,pixel,2.4341,4.5576,4.1178,1471,317
P4.7:37,ACME Pixel Line IP,pixel,2.4592,4.5576,4.1178,1476,317
P4.7:38,ACME Pixel Line IP,pixel,2.4843,4.5576,4.1178,1481,317
P4.7:39,ACME Pixel Line IP,pixel,2.5094,4.5576,4.1178,1486,317
P4.8:01,ACME Pixel Line IP,pixel,2.5706,4.5576,4.1178,1499,317
P4.8:02,ACME Pixel Line IP,pixel,2.5957,4.5576,4.1178,1505,317
P4.8:03,ACME Pixel Line IP,pixel,2.6208,4.5576,4.1178,1510,317
P4.8:04,ACME Pixel Line IP,pixel,2.6459,4.5576,4.1178,1515,317
P4.8:05,ACME Pixel Line IP,pixel,2.6711,4.5576,4.1178,1520,317
P4.8:06,ACME Pixel Line IP,pixel,2.6962,4.5576,4.1178,1526,317
P4.8:07,ACME Pixel Line IP,pixel,2.7213,4.5576,4.1178,1531,317
P4.8:08,ACME Pixel Line IP,pixel,2.7465,4.5576,4.1178,1536,317
P4.8:09,ACME Pixel Line IP,pixel,2.7716,4.5576,4.1178,1541,317
P4.8:10,ACME Pixel Line IP,pixel,2.7967,4.5576,4.1178,1547,317
P4.8:11,ACME Pixel Line IP,pixel,2.8218,4.5576,4.1178,1552,317
P4.8:12,ACME Pixel Line IP,pixel,2.8470,4.5576,4.1178,1557,317
P4.8:13,ACME Pixel Line IP,pixel,2.8721,4.5576,4.1178,1563,317
P4.8:14,ACME Pixel Line IP,pixel,2.8972,4.5576,4.1178,1568,317
P4.8:15,ACME Pixel Line IP,pixel,2.9224,4.5576,4.1178,1573,317
P4.8:16,ACME Pixel Line IP,pixel,2.9475,4.5576,4.1178,1578,317
P4.8:17,ACME Pixel Line IP,pixel,2.9726,4.5576,4.1178,1584,317
P4.8:18,ACME Pixel Line IP,pixel,2.9977,4.5576,4.1178,1589,317
P4.8:19,ACME Pixel Line IP,pixel,3.0229,4.5576,4.1178,1594,317
P4.8:20,ACME Pixel Line IP,pixel,3.0480,4.5576,4.1178,1600,317
P4.8:21,ACME Pixel Line IP,pixel,3.0731,4.5576,4.1178,1605,317
P4.8:22,ACME Pixel Line IP,pixel,3.0983,4.5576,4.1178,1610,317
P4.8:23,ACME Pixel Line IP,pixel,3.1234,4.5576,4.1178,1615,317
P4.8:24,ACME Pixel Line IP,pixel,3.1485,4.5576,4.1178,1621,317
P4.8:25,ACME Pixel Line IP,pixel,3.1736,4.5576,4.1178,1626,317
P4.8:26,ACME Pixel Line IP,pixel,3.1988,4.5576,4.1178,1631,317
P4.8:27,ACME Pixel Line IP,pixel,3.2239,4.5576,4.1178,1636,317
P4.8:28,ACME Pixel Line IP,pixel,3.2490,4.5576,4.1178,1642,317
P4.8:29,ACME Pixel Line IP,pixel,3.2742,4.5576,4.1178,1647,317
P4.8:30,ACME Pixel Line IP,pixel,3.2993,4.5576,4.1178,1652,317
P4.8:31,ACME Pixel Line IP,pixel,3.3244,4.5576,4.1178,1658,317
P4.8:32,ACME Pixel Line IP,pixel,3.3495,4.5576,4.1178,1663,317
P4.8:33,ACME Pixel Line IP,pixel,3.3747,4.5576,4.1178,1668,317
P4.8:34,ACME Pixel Line IP,pixel,3.3998,4.5576,4.1178,1673,317
P4.8:35,ACME Pixel Line IP,pixel,3.4249,4.5576,4.1178,1679,317
P4.8:36,ACME Pixel Line IP,pixel,3.4501,4.5576,4.1178,1684,317
P4.8:37,ACME Pixel Line IP,pixel,3.4752,4.5576,4.1178,1689,317
P4.8:38,ACME Pixel Line IP,pixel,3.5003,4.5576,4.1178,1694,317
P4.8:39,ACME Pixel Line IP,pixel,3.5254,4.5576,4.1178,1700,317
P4.9:01,ACME Pixel Line IP,pixel,3.5866,4.5576,4.1178,1713,317
P4.9:02,ACME Pixel Line IP,pixel,3.6117,4.5576,4.1178,1718,317
P4.9:03,ACME Pixel Line IP,pixel,3.6368,4.5576,4.1178,1723,317
P4.9:04,ACME Pixel Line IP,pixel,3.6619,4.5576,4.1178,1728,317
P4.9:05,ACME Pixel Line IP,pixel,3.6871,4.5576,4.1178,1734,317
P4.9:06,ACME Pixel Line IP,pixel,3.7122,4.5576,4.1178,1739,317
P4.9:07,ACME Pixel Line IP,pixel,3.7373,4.5576,4.1178,1744,317
P4.9:08,ACME Pixel Line IP,pixel,3.7625,4.5576,4.1178,1750,317
P4.9:09,ACME Pixel Line IP,pixel,3.7876,4.5576,4.1178,1755,317
P4.9:10,ACME Pixel Line IP,pixel,3.8127,4.5576,4.1178,1760,317
P4.9:11,ACME Pixel Line IP,pixel,3.8378,4.5576,4.1178,1765,317
P4.9:12,ACME Pixel Line IP,pixel,3.8630,4.5576,4.1178,1771,317
P4.9:13,ACME Pixel Line IP,pixel,3.8881,4.5576,4.1178,1776,317
P4.9:14,ACME Pixel Line IP,pixel,3.9132,4.5576,4.1178,1781,317
P4.9:15,ACME Pixel Line IP,pixel,3.9384,4.5576,4.1178,1786,317
P4.9:16,ACME Pixel Line IP,pixel,3.9635,4.5576,4.1178,1792,317
P4.9:17,ACME Pixel Line IP,pixel,3.9886,4.5576,4.1178,1797,317
P4.9:18,ACME Pixel Line IP,pixel,4.0137,4.5576,4.1178,1802,317
P4.9:19,ACME Pixel Line IP,pixel,4.0389,4.5576,4.1178,1808,317
P4.9:20,ACME Pixel Line IP,pixel,4.0640,4.5576,4.1178,1813,317
P4.9:21,ACME Pixel Line IP,pixel,4.0891,4.5576,4.1178,1818,317
P4.9:22,ACME Pixel Line IP,pixel,4.1143,4.5576,4.1178,1823,317
P4.9:23,ACME Pixel Line IP,pixel,4.1394,4.5576,4.1178,1829,317
P4.9:24,ACME Pixel Line IP,pixel,4.1645,4.5576,4.1178,1834,317
P4.9:25,ACME Pixel Line IP,pixel,4.1896,4.5576,4.1178,1839,317
P4.9:26,ACME Pixel Line IP,pixel,4.2148,4.5576,4.1178,1844,317
P4.9:27,ACME Pixel Line IP,pixel,4.2399,4.5576,4.1178,1850,317
P4.9:28,ACME Pixel Line IP,pixel,4.2650,4.5576,4.1178,1855,317
P4.9:29,ACME Pixel Line IP,pixel,4.2902,4.5576,4.1178,1860,317
P4.9:30,ACME Pixel Line IP,pixel,4.3153,4.5576,4.1178,1866,317
P4.9:31,ACME Pixel Line IP,pixel,4.3404,4.5576,4.1178,1871,317
P4.9:32,ACME Pixel Line IP,pixel,4.3655,4.5576,4.1178,1876,317
P4.9:33,ACME Pixel Line IP,pixel,4.3907,4.5576,4.1178,1881,317
P4.9:34,ACME Pixel Line IP,pixel,4.4158,4.5576,4.1178,1887,317
P4.9:35,ACME Pixel Line IP,pixel,4.4409,4.5576,4.1178,1892,317
P4.9:36,ACME Pixel Line IP,pixel,4.4661,4.5576,4.1178,1897,317
P4.9:37,ACME Pixel Line IP,pixel,4.4912,4.5576,4.1178,1903,317
P4.9:38,ACME Pixel Line IP,pixel,4.5163,4.5576,4.1178,1908,317
P4.9:39,ACME Pixel Line IP,pixel,4.5414,4.5576,4.1178,1913,317
P5.1:01,ACME Pixel Line IP,pixel,-4.5414,-0.0568,3.5336,6,378
P5.1:02,ACME Pixel Line IP,pixel,-4.5163,-0.0568,3.5336,11,378
P5.1:03,ACME Pixel Line IP,pixel,-4.4912,-0.0568,3.5336,16,378
P5.1:04,ACME Pixel Line IP,pixel,-4.4661,-0.0568,3.5336,22,378
P5.1:05,ACME Pixel Line IP,pixel,-4.4409,-0.0568,3.5336,27,378
P5.1:06,ACME Pixel Line IP,pixel,-4.4158,-0.0568,3.5336,32,378
P5.1:07,ACME Pixel Line IP,pixel,-4.3907,-0.0568,3.5336,38,378
P5.1:08,ACME Pixel Line IP,pixel,-4.3655,-0.0568,3.5336,43,378
P5.1:09,ACME Pixel Line IP,pixel,-4.3404,-0.0568,3.5336,48,378
P5.1:10,ACME Pixel Line IP,pixel,-4.3153,-0.0568,3.5336,53,378
P5.1:11,ACME Pixel Line IP,pixel,-4.2902,-0.0568,3.5336,59,378
P5.1:12,ACME Pixel Line IP,pixel,-4.2650,-0.0568,3.5336,64,378
P5.1:13,ACME Pixel Line IP,pixel,-4.2399,-0.0568,3.5336,69,378
P5.1:14,ACME Pixel Line IP,pixel,-4.2148,-0.0568,3.5336,75,378
P5.1:15,ACME Pixel Line IP,pixel,-4.1896,-0.0568,3.5336,80,378
P5.1:16,ACME Pixel Line IP,pixel,-4.1645,-0.0568,3.5336,85,378
P5.1:17,ACME Pixel Line IP,pixel,-4.1394,-0.0568,3.5336,90,378
P5.1:18,ACME Pixel Line IP,pixel,-4.1143,-0.0568,3.5336,96,378
P5.1:19,ACME Pixel Line IP,pixel,-4.0891,-0.0568,3.5336,101,378
P5.1:20,ACME Pixel Line IP,pixel,-4.0640,-0.0568,3.5336,106,378
P5.1:21,ACME Pixel Line IP,pixel,-4.0389,-0.0568,3.5336,111,378
P5.1:22,ACME Pixel Line IP,pixel,-4.0137,-0.0568,3.5336,117,378
P5.1:23,ACME Pixel Line IP,pixel,-3.9886,-0.0568,3.5336,122,378
P5.1:24,ACME Pixel Line IP,pixel,-3.9635,-0.0568,3.5336,127,378
P5.1:25,ACME Pixel Line IP,pixel,-3.9384,-0.0568,3.5336,133,378
P5.1:26,ACME Pixel Line IP,pixel,-3.9132,-0.0568,3.5336,138,378
P5.1:27,ACME Pixel Line IP,pixel,-3.8881,-0.0568,3.5336,143,378
P5.1:28,ACME Pixel Line IP,pixel,-3.8630,-0.0568,3.5336,148,378
P5.1:29,ACME Pixel Line IP,pixel,-3.8378,-0.0568,3.5336,154,378
P5.1:30,ACME Pixel Line IP,pixel,-3.8127,-0.0568,3.5336,159,378
P5.1:31,ACME Pixel Line IP,pixel,-3.7876,-0.0568,3.5336,164,378
P5.1:32,ACME Pixel Line IP,pixel,-3.7625,-0.0568,3.5336,169,378
P5.1:33,ACME Pixel Line IP,pixel,-3.7373,-0.0568,3.5336,175,378
P5.1:34,ACME Pixel Line IP,pixel,-3.7122,-0.0568,3.5336,180,378
P5.1:35,ACME Pixel Line IP,pixel,-3.6871,-0.0568,3.5336,185,378
P5.1:36,ACME Pixel Line IP,pixel,-3.6619,-0.0568,3.5336,191,378
P5.1:37,ACME Pixel Line IP,pixel,-3.6368,-0.0568,3.5336,196,378
P5.1:38,ACME Pixel Line IP,pixel,-3.6117,-0.0568,3.5336,201,378
P5.1:39,ACME Pixel Line IP,pixel,-3.5866,-0.0568,3.5336,206,378
P5.2:01,ACME Pixel Line IP,pixel,-3.5254,-0.0568,3.5336,219,378
P5.2:02,ACME Pixel Line IP,pixel,-3.5003,-0.0568,3.5336,225,378
P5.2:03,ACME Pixel Line IP,pixel,-3.4752,-0.0568,3.5336,230,378
P5.2:04,ACME Pixel Line IP,pixel,-3.4501,-0.0568,3.5336,235,378
P5.2:05,ACME Pixel Line IP,pixel,-3.4249,-0.0568,3.5336,240,378
P5.2:06,ACME Pixel Line IP,pixel,-3.3998,-0.0568,3.5336,246,378
P5.2:07,ACME Pixel Line IP,pixel,-3.3747,-0.0568,3.5336,251,378
P5.2:08,ACME Pixel Line IP,pixel,-3.3495,-0.0568,3.5336,256,378
P5.2:09,ACME Pixel Line IP,pixel,-3.3244,-0.0568,3.5336,261,378
P5.2:10,ACME Pixel Line IP,pixel,-3.2993,-0.0568,3.5336,267,378
P5.2:11,ACME Pixel Line IP,pixel,-3.2742,-0.0568,3.5336,272,378
P5.2:12,ACME Pixel Line IP,pixel,-3.2490,-0.0568,3.5336,277,378
P5.2:13,ACME Pixel Line IP,pixel,-3.2239,-0.0568,3.5336,283,378
P5.2:14,ACME Pixel Line IP,pixel,-3.1988,-0.0568,3.5336,288,378
P5.2:15,ACME Pixel Line IP,pixel,-3.1736,-0.0568,3.5336,293,378
P5.2:16,ACME Pixel Line IP,pixel,-3.1485,-0.0568,3.5336,298,378
P5.2:17,ACME Pixel Line IP,pixel,-3.1234,-0.0568,3.5336,304,378
P5.2:18,ACME Pixel Line IP,pixel,-3.0983,-0.0568,3.5336,309,378
P5.2:19,ACME Pixel Line IP,pixel,-3.0731,-0.0568,3.5336,314,378
P5.2:20,ACME Pixel Line IP,pixel,-3.0480,-0.0568,3.5336,320,378
P5.2:21,ACME Pixel Line IP,pixel,-3.0229,-0.0568,3.5336,325,378
P5.2:22,ACME Pixel Line IP,pixel,-2.9977,-0.0568,3.5336,330,378
P5.2:23,ACME Pixel Line IP,pixel,-2.9726,-0.0568,3.5336,335,378
P5.2:24,ACME Pixel Line IP,pixel,-2.9475,-0.0568,3.5336,341,378
P5.2:25,ACME Pixel Line IP,pixel,-2.9224,-0.0568,3.5336,346,378
P5.2:26,ACME Pixel Line IP,pixel,-2.8972,-0.0568,3.5336,351,378
P5.2:27,ACME Pixel Line IP,pixel,-2.8721,-0.0568,3.5336,356,378
P5.2:28,ACME Pixel Line IP,pixel,-2.8470,-0.0568,3.5336,362,378
P5.2:29,ACME Pixel Line IP,pixel,-2.8218,-0.0568,3.5336,367,378
P5.2:30,ACME Pixel Line IP,pixel,-2.7967,-0.0568,3.5336,372,378
P5.2:31,ACME Pixel Line IP,pixel,-2.7716,-0.0568,3.5336,378,378
P5.2:32,ACME Pixel Line IP,pixel,-2.7465,-0.0568,3.5336,383,378
P5.2:33,ACME Pixel Line IP,pixel,-2.7213,-0.0568,3.5336,388,378
P5.2:34,ACME Pixel Line IP,pixel,-2.6962,-0.0568,3.5336,393,378
P5.2:35,ACME Pixel Line IP,pixel,-2.6711,-0.0568,3.5336,399,378
P5.2:36,ACME Pixel Line IP,pixel,-2.6459,-0.0568,3.5336,404,378
P5.2:37,ACME Pixel Line IP,pixel,-2.6208,-0.0568,3.5336,409,378
P5.2:38,ACME Pixel Line IP,pixel,-2.5957,-0.0568,3.5336,414,378
P5.2:39,ACME Pixel Line IP,pixel,-2.5706,-0.0568,3.5336,420,378
P5.3:01,ACME Pixel Line IP,pixel,-2.5094,-0.0568,3.5336,433,378
P5.3:02,ACME Pixel Line IP,pixel,-2.4843,-0.0568,3.5336,438,378
P5.3:03,ACME Pixel Line IP,pixel,-2.4592,-0.0568,3.5336,443,378
P5.3:04,ACME Pixel Line IP,pixel,-2.4341,-0.0568,3.5336,448,378
P5.3:05,ACME Pixel Line IP,pixel,-2.4089,-0.0568,3.5336,454,378
P5.3:06,ACME Pixel Line IP,pixel,-2.3838,-0.0568,3.5336,459,378
P5.3:07,ACME Pixel Line IP,pixel,-2.3587,-0.0568,3.5336,464,378
P5.3:08,ACME Pixel Line IP,pixel,-2.3335,-0.0568,3.5336,470,378
P5.3:09,ACME Pixel Line IP,pixel,-2.3084,-0.0568,3.5336,475,378
P5.3:10,ACME Pixel Line IP,pixel,-2.2833,-0.0568,3.5336,480,378
P5.3:11,ACME Pixel Line IP,pixel,-2.2582,-0.0568,3.5336,485,378
P5.3:12,ACME Pixel Line IP,pixel,-2.2330,-0.0568,3.5336,491,378
P5.3:13,ACME Pixel Line IP,pixel,-2.2079,-0.0568,3.5336,496,378
P5.3:14,ACME Pixel Line IP,pixel,-2.1828,-0.0568,3.5336,501,378
P5.3:15,ACME Pixel Line IP,pixel,-2.1576,-0.0568,3.5336,506,378
P5.3:16,ACME Pixel Line IP,pixel,-2.1325,-0.0568,3.5336,512,378
P5.3:17,ACME Pixel Line IP,pixel,-2.1074,-0.0568,3.5336,517,378
P5.3:18,ACME Pixel Line IP,pixel,-2.0823,-0.0568,3.5336,522,378
P5.3:19,ACME Pixel Line IP,pixel,-2.0571,-0.0568,3.5336,528,378
P5.3:20,ACME Pixel Line IP,pixel,-2.0320,-0.0568,3.5336,533,378
P5.3:21,ACME Pixel Line IP,pixel,-2.0069,-0.0568,3.5336,538,378
P5.3:22,ACME Pixel Line IP,pixel,-1.9817,-0.0568,3.5336,543,378
P5.3:23,ACME Pixel Line IP,pixel,-1.9566,-0.0568,3.5336,549,378
P5.3:24,ACME Pixel Line IP,pixel,-1.9315,-0.0568,3.5336,554,378
P5.3:25,ACME Pixel Line IP,pixel,-1.9064,-0.0568,3.5336,559,378
P5.3:26,ACME Pixel Line IP,pixel,-1.8812,-0.0568,3.5336,564,378
P5.3:27,ACME Pixel Line IP,pixel,-1.8561,-0.0568,3.5336,570,378
P5.3:28,ACME Pixel Line IP,pixel,-1.8310,-0.0568,3.5336,575,378
P5.3:29,ACME Pixel Line IP,pixel,-1.8058,-0.0568,3.5336,580,378
P5.3:30,ACME Pixel Line IP,pixel,-1.7807,-0.0568,3.5336,586,378
P5.3:31,ACME Pixel Line IP,pixel,-1.7556,-0.0568,3.5336,591,378
P5.3:32,ACME Pixel Line IP,pixel,-1.7305,-0.0568,3.5336,596,378
P5.3:33,ACME Pixel Line IP,pixel,-1.7053,-0.0568,3.5336,601,378
P5.3:34,ACME Pixel Line IP,pixel,-1.6802,-0.0568,3.5336,607,378
P5.3:35,ACME Pixel Line IP,pixel,-1.6551,-0.0568,3.5336,612,378
P5.3:36,ACME Pixel Line IP,pixel,-1.6299,-0.0568,3.5336,617,378
P5.3:37,ACME Pixel Line IP,pixel,-1.6048,-0.0568,3.5336,623,378
P5.3:38,ACME Pixel Line IP,pixel,-1.5797,-0.0568,3.5336,628,378
P5.3:39,ACME Pixel Line IP,pixel,-1.5546,-0.0568,3.5336,633,378
P5.4:01,ACME Pixel Line IP,pixel,-1.4934,-0.0568,3.5336,646,378
P5.4:02,ACME Pixel Line IP,pixel,-1.4683,-0.0568,3.5336,651,378
P5.4:03,ACME Pixel Line IP,pixel,-1.4432,-0.0568,3.5336,656,378
P5.4:04,ACME Pixel Line IP,pixel,-1.4181,-0.0568,3.5336,662,378
P5.4:05,ACME Pixel Line IP,pixel,-1.3929,-0.0568,3.5336,667,378
P5.4:06,ACME Pixel Line IP,pixel,-1.3678,-0.0568,3.5336,672,378
P5.4:07,ACME Pixel Line IP,pixel,-1.3427,-0.0568,3.5336,678,378
P5.4:08,ACME Pixel Line IP,pixel,-1.3175,-0.0568,3.5336,683,378
P5.4:09,ACME Pixel Line IP,pixel,-1.2924,-0.0568,3.5336,688,378
P5.4:10,ACME Pixel Line IP,pixel,-1.2673,-0.0568,3.5336,693,378
P5.4:11,ACME Pixel Line IP,pixel,-1.2422,-0.0568,3.5336,699,378
P5.4:12,ACME Pixel Line IP,pixel,-1.2170,-0.0568,3.5336,704,378
P5.4:13,ACME Pixel Line IP,pixel,-1.1919,-0.0568,3.5336,709,378
P5.4:14,ACME Pixel Line IP,pixel,-1.1668,-0.0568,3.5336,715,378
P5.4:15,ACME Pixel Line IP,pixel,-1.1416,-0.0568,3.5336,720,378
P5.4:16,ACME Pixel Line IP,pixel,-1.1165,-0.0568,3.5336,725,378
P5.4:17,ACME Pixel Line IP,pixel,-1.0914,-0.0568,3.5336,730,378
P5.4:18,ACME Pixel Line IP,pixel,-1.0663,-0.0568,3.5336,736,378
P5.4:19,ACME Pixel Line IP,pixel,-1.0411,-0.0568,3.5336,741,378
P5.4:20,ACME Pixel Line IP,pixel,-1.0160,-0.0568,3.5336,746,378
P5.4:21,ACME Pixel Line IP,pixel,-0.9909,-0.0568,3.5336,751,378
P5.4:22,ACME Pixel Line IP,pixel,-0.9657,-0.0568,3.5336,757,378
P5.4:23,ACME Pixel Line IP,pixel,-0.9406,-0.0568,3.5336,762,378
P5.4:24,ACME Pixel Line IP,pixel,-0.9155,-0.0568,3.5336,767,378
P5.4:25,ACME Pixel Line IP,pixel,-0.8904,-0.0568,3.5336,773,378
P5.4:26,ACME Pixel Line IP,pixel,-0.8652,-0.0568,3.5336,778,378
P5.4:27,ACME Pixel Line IP,pixel,-0.8401,-0.0568,3.5336,783,378
P5.4:28,ACME Pixel Line IP,pixel,-0.8150,-0.0568,3.5336,788,378
P5.4:29,ACME Pixel Line IP,pixel,-0.7898,-0.0568,3.5336,794,378
P5.4:30,ACME Pixel Line IP,pixel,-0.7647,-0.0568,3.5336,799,378
P5.4:31,ACME Pixel Line IP,pixel,-0.7396,-0.0568,3.5336,804,378
P5.4:32,ACME Pixel Line IP,pixel,-0.7145,-0.0568,3.5336,809,378
P5.4:33,ACME Pixel Line IP,pixel,-0.6893,-0.0568,3.5336,815,378
P5.4:34,ACME Pixel Line IP,pixel,-0.6642,-0.0568,3.5336,820,378
P5.4:35,ACME Pixel Line IP,pixel,-0.6391,-0.0568,3.5336,825,378
P5.4:36,ACME Pixel Line IP,pixel,-0.6139,-0.0568,3.5336,831,378
P5.4:37,ACME Pixel Line IP,pixel,-0.5888,-0.0568,3.5336,836,378
P5.4:38,ACME Pixel Line IP,pixel,-0.5637,-0.0568,3.5336,841,378
P5.4:39,ACME Pixel Line IP,pixel,-0.5386,-0.0568,3.5336,846,378
P5.5:01,ACME Pixel Line IP,pixel,-0.4774,-0.0568,3.5336,859,378
P5.5:02,ACME Pixel Line IP,pixel,-0.4523,-0.0568,3.5336,865,378
P5.5:03,ACME Pixel Line IP,pixel,-0.4272,-0.0568,3.5336,870,378
P5.5:04,ACME Pixel Line IP,pixel,-0.4021,-0.0568,3.5336,875,378
P5.5:05,ACME Pixel Line IP,pixel,-0.3769,-0.0568,3.5336,880,378
P5.5:06,ACME Pixel Line IP,pixel,-0.3518,-0.0568,3.5336,886,378
P5.5:07,ACME Pixel Line IP,pixel,-0.3267,-0.0568,3.5336,891,378
P5.5:08,ACME Pixel Line IP,pixel,-0.3015,-0.0568,3.5336,896,378
P5.5:09,ACME Pixel Line IP,pixel,-0.2764,-0.0568,3.5336,901,378
P5.5:10,ACME Pixel Line IP,pixel,-0.2513,-0.0568,3.5336,907,378
P5.5:11,ACME Pixel Line IP,pixel,-0.2262,-0.0568,3.5336,912,378
P5.5:12,ACME Pixel Line IP,pixel,-0.2010,-0.0568,3.5336,917,378
P5.5:13,ACME Pixel Line IP,pixel,-0.1759,-0.0568,3.5336,923,378
P5.5:14,ACME Pixel Line IP,pixel,-0.1508,-0.0568,3.5336,928,378
P5.5:15,ACME Pixel Line IP,pixel,-0.1256,-0.0568,3.5336,933,378
P5.5:16,ACME Pixel Line IP,pixel,-0.1005,-0.0568,3.5336,938,378
P5.5:17,ACME Pixel Line IP,pixel,-0.0754,-0.0568,3.5336,944,378
P5.5:18,ACME Pixel Line IP,pixel,-0.0503,-0.0568,3.5336,949,378
P5.5:19,ACME Pixel Line IP,pixel,-0.0251,-0.0568,3.5336,954,378
P5.5:20,ACME Pixel Line IP,pixel,0.0000,-0.0568,3.5336,960,378
P5.5:21,ACME Pixel Line IP,pixel,0.0251,-0.0568,3.5336,965,378
P5.5:22,ACME Pixel Line IP,pixel,0.0503,-0.0568,3.5336,970,378
P5.5:23,ACME Pixel Line IP,pixel,0.0754,-0.0568,3.5336,975,378
P5.5:24,ACME Pixel Line IP,pixel,0.1005,-0.0568,3.5336,981,378
P5.5:25,ACME Pixel Line IP,pixel,0.1256,-0.0568,3.5336,986,378
P5.5:26,ACME Pixel Line IP,pixel,0.1508,-0.0568,3.5336,991,378
P5.5:27,ACME Pixel Line IP,pixel,0.1759,-0.0568,3.5336,996,378
P5.5:28,ACME Pixel Line IP,pixel,0.2010,-0.0568,3.5336,1002,378
P5.5:29,ACME Pixel Line IP,pixel,0.2262,-0.0568,3.5336,1007,378
P5.5:30,ACME Pixel Line IP,pixel,0.2513,-0.0568,3.5336,1012,378
P5.5:31,ACME Pixel Line IP,pixel,0.2764,-0.0568,3.5336,1018,378
P5.5:32,ACME Pixel Line IP,pixel,0.3015,-0.0568,3.5336,1023,378
P5.5:33,ACME Pixel Line IP,pixel,0.3267,-0.0568,3.5336,1028,378
P5.5:34,ACME Pixel Line IP,pixel,0.3518,-0.0568,3.5336,1033,378
P5.5:35,ACME Pixel Line IP,pixel,0.3769,-0.0568,3.5336,1039,378
P5.5:36,ACME Pixel Line IP,pixel,0.4021,-0.0568,3.5336,1044,378
P5.5:37,ACME Pixel Line IP,pixel,0.4272,-0.0568,3.5336,1049,378
P5.5:38,ACME Pixel Line IP,pixel,0.4523,-0.0568,3.5336,1054,378
P5.5:39,ACME Pixel Line IP,pixel,0.4774,-0.0568,3.5336,1060,378
P5.6:01,ACME Pixel Line IP,pixel,0.5386,-0.0568,3.5336,1073,378
P5.6:02,ACME Pixel Line IP,pixel,0.5637,-0.0568,3.5336,1078,378
P5.6:03,ACME Pixel Line IP,pixel,0.5888,-0.0568,3.5336,1083,378
P5.6:04,ACME Pixel Line IP,pixel,0.6139,-0.0568,3.5336,1088,378
P5.6:05,ACME Pixel Line IP,pixel,0.6391,-0.0568,3.5336,1094,378
P5.6:06,ACME Pixel Line IP,pixel,0.6642,-0.0568,3.5336,1099,378
P5.6:07,ACME Pixel Line IP,pixel,0.6893,-0.0568,3.5336,1104,378
P5.6:08,ACME Pixel Line IP,pixel,0.7145,-0.0568,3.5336,1110,378
P5.6:09,ACME Pixel Line IP,pixel,0.7396,-0.0568,3.5336,1115,378
P5.6:10,ACME Pixel Line IP,pixel,0.7647,-0.0568,3.5336,1120,378
P5.6:11,ACME Pixel Line IP,pixel,0.7898,-0.0568,3.5336,1125,378
P5.6:12,ACME Pixel Line IP,pixel,0.8150,-0.0568,3.5336,1131,378
P5.6:13,ACME Pixel Line IP,pixel,0.8401,-0.0568,3.5336,1136,378
P5.6:14,ACME Pixel Line IP,pixel,0.8652,-0.0568,3.5336,1141,378
P5.6:15,ACME Pixel Line IP,pixel,0.8904,-0.0568,3.5336,1146,378
P5.6:16,ACME Pixel Line IP,pixel,0.9155,-0.0568,3.5336,1152,378
P5.6:17,ACME Pixel Line IP,pixel,0.9406,-0.0568,3.5336,1157,378
P5.6:18,ACME Pixel Line IP,pixel,0.9657,-0.0568,3.5336,1162,378
P5.6:19,ACME Pixel Line IP,pixel,0.9909,-0.0568,3.5336,1168,378
P5.6:20,ACME Pixel Line IP,pixel,1.0160,-0.0568,3.5336,1173,378
P5.6:21,ACME Pixel Line IP,pixel,1.0411,-0.0568,3.5336,1178,378
P5.6:22,ACME Pixel Line IP,pixel,1.0663,-0.0568,3.5336,1183,378
P5.6:23,ACME Pixel Line IP,pixel,1.0914,-0.0568,3.5336,1189,378
P5.6:24,ACME Pixel Line IP,pixel,1.1165,-0.0568,3.5336,1194,378
P5.6:25,ACME Pixel Line IP,pixel,1.1416,-0.0568,3.5336,1199,378
P5.6:26,ACME Pixel Line IP,pixel,1.1668,-0.0568,3.5336,1204,378
P5.6:27,ACME Pixel Line IP,pixel,1.1919,-0.0568,3.5336,1210,378
P5.6:28,ACME Pixel Line IP,pixel,1.2170,-0.0568,3.5336,1215,378
P5.6:29,ACME Pixel Line IP,pixel,1.2422,-0.0568,3.5336,1220,378
P5.6:30,ACME Pixel Line IP,pixel,1.2673,-0.0568,3.5336,1226,378
P5.6:31,ACME Pixel Line IP,pixel,1.2924,-0.0568,3.5336,1231,378
P5.6:32,ACME Pixel Line IP,pixel,1.3175,-0.0568,3.5336,1236,378
P5.6:33,ACME Pixel Line IP,pixel,1.3427,-0.0568,3.5336,1241,378
P5.6:34,ACME Pixel Line IP,pixel,1.3678,-0.0568,3.5336,1247,378
P5.6:35,ACME Pixel Line IP,pixel,1.3929,-0.0568,3.5336,1252,378
P5.6:36,ACME Pixel Line IP,pixel,1.4181,-0.0568,3.5336,1257,378
P5.6:37,ACME Pixel Line IP,pixel,1.4432,-0.0568,3.5336,1263,378
P5.6:38,ACME Pixel Line IP,pixel,1.4683,-0.0568,3.5336,1268,378
P5.6:39,ACME Pixel Line IP,pixel,1.4934,-0.0568,3.5336,1273,378
P5.7:01,ACME Pixel Line IP,pixel,1.5546,-0.0568,3.5336,1286,378
P5.7:02,ACME Pixel Line IP,pixel,1.5797,-0.0568,3.5336,1291,378
P5.7:03,ACME Pixel Line IP,pixel,1.6048,-0.0568,3.5336,1296,378
P5.7:04,ACME Pixel Line IP,pixel,1.6299,-0.0568,3.5336,1302,378
P5.7:05,ACME Pixel Line IP,pixel,1.6551,-0.0568,3.5336,1307,378
P5.7:06,ACME Pixel Line IP,pixel,1.6802,-0.0568,3.5336,1312,378
P5.7:07,ACME Pixel Line IP,pixel,1.7053,-0.0568,3.5336,1318,378
P5.7:08,ACME Pixel Line IP,pixel,1.7305,-0.0568,3.5336,1323,378
P5.7:09,ACME Pixel Line IP,pixel,1.7556,-0.0568,3.5336,1328,378
P5.7:10,ACME Pixel Line IP,pixel,1.7807,-0.0568,3.5336,1333,378
P5.7:11,ACME Pixel Line IP,pixel,1.8058,-0.0568,3.5336,1339,378
P5.7:12,ACME Pixel Line IP,pixel,1.8310,-0.0568,3.5336,1344,378
P5.7:13,ACME Pixel Line IP,pixel,1.8561,-0.0568,3.5336,1349,378
P5.7:14,ACME Pixel Line IP,pixel,1.8812,-0.0568,3.5336,1355,378
P5.7:15,ACME Pixel Line IP,pixel,1.9064,-0.0568,3.5336,1360,378
P5.7:16,ACME Pixel Line IP,pixel,1.9315,-0.0568,3.5336,1365,378
P5.7:17,ACME Pixel Line IP,pixel,1.9566,-0.0568,3.5336,1370,378
P5.7:18,ACME Pixel Line IP,pixel,1.9817,-0.0568,3.5336,1376,378
P5.7:19,ACME Pixel Line IP,pixel,2.0069,-0.0568,3.5336,1381,378
P5.7:20,ACME Pixel Line IP,pixel,2.0320,-0.0568,3.5336,1386,378
P5.7:21,ACME Pixel Line IP,pixel,2.0571,-0.0568,3.5336,1391,378
P5.7:22,ACME Pixel Line IP,pixel,2.0823,-0.0568,3.5336,1397,378
P5.7:23,ACME Pixel Line IP,pixel,2.1074,-0.0568,3.5336,1402,378
P5.7:24,ACME Pixel Line IP,pixel,2.1325,-0.0568,3.5336,1407,378
P5.7:25,ACME Pixel Line IP,pixel,2.1576,-0.0568,3.5336,1413,378
P5.7:26,ACME Pixel Line IP,pixel,2.1828,-0.0568,3.5336,1418,378
P5.7:27,ACME Pixel Line IP,pixel,2.2079,-0.0568,3.5336,1423,378
P5.7:28,ACME Pixel Line IP,pixel,2.2330,-0.0568,3.5336,1428,378
P5.7:29,ACME Pixel Line IP,pixel,2.2582,-0.0568,3.5336,1434,378
P5.7:30,ACME Pixel Line IP,pixel,2.2833,-0.0568,3.5336,1439,378
P5.7:31,ACME Pixel Line IP,pixel,2.3084,-0.0568,3.5336,1444,378
P5.7:32,ACME Pixel Line IP,pixel,2.3335,-0.0568,3.5336,1449,378
P5.7:33,ACME Pixel Line IP,pixel,2.3587,-0.0568,3.5336,1455,378
P5.7:34,ACME Pixel Line IP,pixel,2.3838,-0.0568,3.5336,1460,378
P5.7:35,ACME Pixel Line IP,pixel,2.4089,-0.0568,3.5336,1465,378
P5.7:36,ACME Pixel Line IP,pixel,2.4341,-0.0568,3.5336,1471,378
P5.7:37,ACME Pixel Line IP,pixel,2.4592,-0.0568,3.5336,1476,378
P5.7:38,ACME Pixel Line IP,pixel,2.4843,-0.0568,3.5336,1481,378
P5.7:39,ACME Pixel Line IP,pixel,2.5094,-0.0568,3.5336,1486,378
P5.8:01,ACME Pixel Line IP,pixel,2.5706,-0.0568,3.5336,1499,378
P5.8:02,ACME Pixel Line IP,pixel,2.5957,-0.0568,3.5336,1505,378
P5.8:03,ACME Pixel Line IP,pixel,2.6208,-0.0568,3.5336,1510,378
P5.8:04,ACME Pixel Line IP,pixel,2.6459,-0.0568,3.5336,1515,378
P5.8:05,ACME Pixel Line IP,pixel,2.6711,-0.0568,3.5336,1520,378
P5.8:06,ACME Pixel Line IP,pixel,2.6962,-0.0568,3.5336,1526,378
P5.8:07,ACME Pixel Line IP,pixel,2.7213,-0.0568,3.5336,1531,378
P5.8:08,ACME Pixel Line IP,pixel,2.7465,-0.0568,3.5336,1536,378
P5.8:09,ACME Pixel Line IP,pixel,2.7716,-0.0568,3.5336,1541,378
P5.8:10,ACME Pixel Line IP,pixel,2.7967,-0.0568,3.5336,1547,378
P5.8:11,ACME Pixel Line IP,pixel,2.8218,-0.0568,3.5336,1552,378
P5.8:12,ACME Pixel Line IP,pixel,2.8470,-0.0568,3.5336,1557,378
P5.8:13,ACME Pixel Line IP,pixel,2.8721,-0.0568,3.5336,1563,378
P5.8:14,ACME Pixel Line IP,pixel,2.8972,-0.0568,3.5336,1568,378
P5.8:15,ACME Pixel Line IP,pixel,2.9224,-0.0568,3.5336,1573,378
P5.8:16,ACME Pixel Line IP,pixel,2.9475,-0.0568,3.5336,1578,378
P5.8:17,ACME Pixel Line IP,pixel,2.9726,-0.0568,3.5336,1584,378
P5.8:18,ACME Pixel Line IP,pixel,2.9977,-0.0568,3.5336,1589,378
P5.8:19,ACME Pixel Line IP,pixel,3.0229,-0.0568,3.5336,1594,378
P5.8:20,ACME Pixel Line IP,pixel,3.0480,-0.0568,3.5336,1600,378
P5.8:21,ACME Pixel Line IP,pixel,3.0731,-0.0568,3.5336,1605,378
P5.8:22,ACME Pixel Line IP,pixel,3.0983,-0.0568,3.5336,1610,378
P5.8:23,ACME Pixel Line IP,pixel,3.1234,-0.0568,3.5336,1615,378
P5.8:24,ACME Pixel Line IP,pixel,3.1485,-0.0568,3.5336,1621,378
P5.8:25,ACME Pixel Line IP,pixel,3.1736,-0.0568,3.5336,1626,378
P5.8:26,ACME Pixel Line IP,pixel,3.1988,-0.0568,3.5336,1631,378
P5.8:27,ACME Pixel Line IP,pixel,3.2239,-0.0568,3.5336,1636,378
P5.8:28,ACME Pixel Line IP,pixel,3.2490,-0.0568,3.5336,1642,378
P5.8:29,ACME Pixel Line IP,pixel,3.2742,-0.0568,3.5336,1647,378
P5.8:30,ACME Pixel Line IP,pixel,3.2993,-0.0568,3.5336,1652,378
P5.8:31,ACME Pixel Line IP,pixel,3.3244,-0.0568,3.5336,1658,378
P5.8:32,ACME Pixel Line IP,pixel,3.3495,-0.0568,3.5336,1663,378
P5.8:33,ACME Pixel Line IP,pixel,3.3747,-0.0568,3.5336,1668,378
P5.8:34,ACME Pixel Line IP,pixel,3.3998,-0.0568,3.5336,1673,378
P5.8:35,ACME Pixel Line IP,pixel,3.4249,-0.0568,3.5336,1679,378
P5.8:36,ACME Pixel Line IP,pixel,3.4501,-0.0568,3.5336,1684,378
P5.8:37,ACME Pixel Line IP,pixel,3.4752,-0.0568,3.5336,1689,378
P5.8:38,ACME Pixel Line IP,pixel,3.5003,-0.0568,3.5336,1694,378
P5.8:39,ACME Pixel Line IP,pixel,3.5254,-0.0568,3.5336,1700,378
P5.9:01,ACME Pixel Line IP,pixel,3.5866,-0.0568,3.5336,1713,378
P5.9:02,ACME Pixel Line IP,pixel,3.6117,-0.0568,3.5336,1718,378
P5.9:03,ACME Pixel Line IP,pixel,3.6368,-0.0568,3.5336,1723,378
P5.9:04,ACME Pixel Line IP,pixel,3.6619,-0.0568,3.5336,1728,378
P5.9:05,ACME Pixel Line IP,pixel,3.6871,-0.0568,3.5336,1734,378
P5.9:06,ACME Pixel Line IP,pixel,3.7122,-0.0568,3.5336,1739,378
P5.9:07,ACME Pixel Line IP,pixel,3.7373,-0.0568,3.5336,1744,378
P5.9:08,ACME Pixel Line IP,pixel,3.7625,-0.0568,3.5336,1750,378
P5.9:09,ACME Pixel Line IP,pixel,3.7876,-0.0568,3.5336,1755,378
P5.9:10,ACME Pixel Line IP,pixel,3.8127,-0.0568,3.5336,1760,378
P5.9:11,ACME Pixel Line IP,pixel,3.8378,-0.0568,3.5336,1765,378
P5.9:12,ACME Pixel Line IP,pixel,3.8630,-0.0568,3.5336,1771,378
P5.9:13,ACME Pixel Line IP,pixel,3.8881,-0.0568,3.5336,1776,378
P5.9:14,ACME Pixel Line IP,pixel,3.9132,-0.0568,3.5336,1781,378
P5.9:15,ACME Pixel Line IP,pixel,3.9384,-0.0568,3.5336,1786,378
P5.9:16,ACME Pixel Line IP,pixel,3.9635,-0.0568,3.5336,1792,378
P5.9:17,ACME Pixel Line IP,pixel,3.9886,-0.0568,3.5336,1797,378
P5.9:18,ACME Pixel Line IP,pixel,4.0137,-0.0568,3.5336,1802,378
P5.9:19,ACME Pixel Line IP,pixel,4.0389,-0.0568,3.5336,1808,378
P5.9:20,ACME Pixel Line IP,pixel,4.0640,-0.0568,3.5336,1813,378
P5.9:21,ACME Pixel Line IP,pixel,4.0891,-0.0568,3.5336,1818,378
P5.9:22,ACME Pixel Line IP,pixel,4.1143,-0.0568,3.5336,1823,378
P5.9:23,ACME Pixel Line IP,pixel,4.1394,-0.0568,3.5336,1829,378
P5.9:24,ACME Pixel Line IP,pixel,4.1645,-0.0568,3.5336,1834,378
P5.9:25,ACME Pixel Line IP,pixel,4.1896,-0.0568,3.5336,1839,378
P5.9:26,ACME Pixel Line IP,pixel,4.2148,-0.0568,3.5336,1844,378
P5.9:27,ACME Pixel Line IP,pixel,4.2399,-0.0568,3.5336,1850,378
P5.9:28,ACME Pixel Line IP,pixel,4.2650,-0.0568,3.5336,1855,378
P5.9:29,ACME Pixel Line IP,pixel,4.2902,-0.0568,3.5336,1860,378
P5.9:30,ACME Pixel Line IP,pixel,4.3153,-0.0568,3.5336,1866,378
P5.9:31,ACME Pixel Line IP,pixel,4.3404,-0.0568,3.5336,1871,378
P5.9:32,ACME Pixel Line IP,pixel,4.3655,-0.0568,3.5336,1876,378
P5.9:33,ACME Pixel Line IP,pixel,4.3907,-0.0568,3.5336,1881,378
P5.9:34,ACME Pixel Line IP,pixel,4.4158,-0.0568,3.5336,1887,378
P5.9:35,ACME Pixel Line IP,pixel,4.4409,-0.0568,3.5336,1892,378
P5.9:36,ACME Pixel Line IP,pixel,4.4661,-0.0568,3.5336,1897,378
P5.9:37,ACME Pixel Line IP,pixel,4.4912,-0.0568,3.5336,1903,378
P5.9:38,ACME Pixel Line IP,pixel,4.5163,-0.0568,3.5336,1908,378
P5.9:39,ACME Pixel Line IP,pixel,4.5414,-0.0568,3.5336,1913,378
P6.1:01,ACME Pixel Line IP,pixel,-4.5414,-0.0568,2.8986,6,444
P6.1:02,ACME Pixel Line IP,pixel,-4.5163,-0.0568,2.8986,11,444
P6.1:03,ACME Pixel Line IP,pixel,-4.4912,-0.0568,2.8986,16,444
P6.1:04,ACME Pixel Line IP,pixel,-4.4661,-0.0568,2.8986,22,444
P6.1:05,ACME Pixel Line IP,pixel,-4.4409,-0.0568,2.8986,27,444
P6.1:06,ACME Pixel Line IP,pixel,-4.4158,-0.0568,2.8986,32,444
P6.1:07,ACME Pixel Line IP,pixel,-4.3907,-0.0568,2.8986,38,444
P6.1:08,ACME Pixel Line IP,pixel,-4.3655,-0.0568,2.8986,43,444
P6.1:09,ACME Pixel Line IP,pixel,-4.3404,-0.0568,2.8986,48,444
P6.1:10,ACME Pixel Line IP,pixel,-4.3153,-0.0568,2.8986,53,444
P6.1:11,ACME Pixel Line IP,pixel,-4.2902,-0.0568,2.8986,59,444
P6.1:12,ACME Pixel Line IP,pixel,-4.2650,-0.0568,2.8986,64,444
P6.1:13,ACME Pixel Line IP,pixel,-4.2399,-0.0568,2.8986,69,444
P6.1:14,ACME Pixel Line IP,pixel,-4.2148,-0.0568,2.8986,75,444
P6.1:15,ACME Pixel Line IP,pixel,-4.1896,-0.0568,2.8986,80,444
P6.1:16,ACME Pixel Line IP,pixel,-4.1645,-0.0568,2.8986,85,444
P6.1:17,ACME Pixel Line IP,pixel,-4.1394,-0.0568,2.8986,90,444
P6.1:18,ACME Pixel Line IP,pixel,-4.1143,-0.0568,2.8986,96,444
P6.1:19,ACME Pixel Line IP,pixel,-4.0891,-0.0568,2.8986,101,444
P6.1:20,ACME Pixel Line IP,pixel,-4.0640,-0.0568,2.8986,106,444
P6.1:21,ACME Pixel Line IP,pixel,-4.0389,-0.0568,2.8986,111,444
P6.1:22,ACME Pixel Line IP,pixel,-4.0137,-0.0568,2.8986,117,444
P6.1:23,ACME Pixel Line IP,pixel,-3.9886,-0.0568,2.8986,122,444
P6.1:24,ACME Pixel Line IP,pixel,-3.9635,-0.0568,2.8986,127,444
P6.1:25,ACME Pixel Line IP,pixel,-3.9384,-0.0568,2.8986,133,444
P6.1:26,ACME Pixel Line IP,pixel,-3.9132,-0.0568,2.8986,138,444
P6.1:27,ACME Pixel Line IP,pixel,-3.8881,-0.0568,2.8986,143,444
P6.1:28,ACME Pixel Line IP,pixel,-3.8630,-0.0568,2.8986,148,444
P6.1:29,ACME Pixel Line IP,pixel,-3.8378,-0.0568,2.8986,154,444
P6.1:30,ACME Pixel Line IP,pixel,-3.8127,-0.0568,2.8986,159,444
P6.1:31,ACME Pixel Line IP,pixel,-3.7876,-0.0568,2.8986,164,444
P6.1:32,ACME Pixel Line IP,pixel,-3.7625,-0.0568,2.8986,169,444
P6.1:33,ACME Pixel Line IP,pixel,-3.7373,-0.0568,2.8986,175,444
P6.1:34,ACME Pixel Line IP,pixel,-3.7122,-0.0568,2.8986,180,444
P6.1:35,ACME Pixel Line IP,pixel,-3.6871,-0.0568,2.8986,185,444
P6.1:36,ACME Pixel Line IP,pixel,-3.6619,-0.0568,2.8986,191,444
P6.1:37,ACME Pixel Line IP,pixel,-3.6368,-0.0568,2.8986,196,444
P6.1:38,ACME Pixel Line IP,pixel,-3.6117,-0.0568,2.8986,201,444
P6.1:39,ACME Pixel Line IP,pixel,-3.5866,-0.0568,2.8986,206,444
P6.2:01,ACME Pixel Line IP,pixel,-3.5254,-0.0568,2.8986,219,444
P6.2:02,ACME Pixel Line IP,pixel,-3.5003,-0.0568,2.8986,225,444
P6.2:03,ACME Pixel Line IP,pixel,-3.4752,-0.0568,2.8986,230,444
P6.2:04,ACME Pixel Line IP,pixel,-3.4501,-0.0568,2.8986,235,444
P6.2:05,ACME Pixel Line IP,pixel,-3.4249,-0.0568,2.8986,240,444
P6.2:06,ACME Pixel Line IP,pixel,-3.3998,-0.0568,2.8986,246,444
P6.2:07,ACME Pixel Line IP,pixel,-3.3747,-0.0568,2.8986,251,444
P6.2:08,ACME Pixel Line IP,pixel,-3.3495,-0.0568,2.8986,256,444
P6.2:09,ACME Pixel Line IP,pixel,-3.3244,-0.0568,2.8986,261,444
P6.2:10,ACME Pixel Line IP,pixel,-3.2993,-0.0568,2.8986,267,444
P6.2:11,ACME Pixel Line IP,pixel,-3.2742,-0.0568,2.8986,272,444
P6.2:12,ACME Pixel Line IP,pixel,-3.2490,-0.0568,2.8986,277,444
P6.2:13,ACME Pixel Line IP,pixel,-3.2239,-0.0568,2.8986,283,444
P6.2:14,ACME Pixel Line IP,pixel,-3.1988,-0.0568,2.8986,288,444
P6.2:15,ACME Pixel Line IP,pixel,-3.1736,-0.0568,2.8986,293,444
P6.2:16,ACME Pixel Line IP,pixel,-3.1485,-0.0568,2.8986,298,444
P6.2:17,ACME Pixel Line IP,pixel,-3.1234,-0.0568,2.8986,304,444
P6.2:18,ACME Pixel Line IP,pixel,-3.0983,-0.0568,2.8986,309,444
P6.2:19,ACME Pixel Line IP,pixel,-3.0731,-0.0568,2.8986,314,444
P6.2:20,ACME Pixel Line IP,pixel,-3.0480,-0.0568,2.8986,320,444
P6.2:21,ACME Pixel Line IP,pixel,-3.0229,-0.0568,2.8986,325,444
P6.2:22,ACME Pixel Line IP,pixel,-2.9977,-0.0568,2.8986,330,444
P6.2:23,ACME Pixel Line IP,pixel,-2.9726,-0.0568,2.8986,335,444
P6.2:24,ACME Pixel Line IP,pixel,-2.9475,-0.0568,2.8986,341,444
P6.2:25,ACME Pixel Line IP,pixel,-2.9224,-0.0568,2.8986,346,444
P6.2:26,ACME Pixel Line IP,pixel,-2.8972,-0.0568,2.8986,351,444
P6.2:27,ACME Pixel Line IP,pixel,-2.8721,-0.0568,2.8986,356,444
P6.2:28,ACME Pixel Line IP,pixel,-2.8470,-0.0568,2.8986,362,444
P6.2:29,ACME Pixel Line IP,pixel,-2.8218,-0.0568,2.8986,367,444
P6.2:30,ACME Pixel Line IP,pixel,-2.7967,-0.0568,2.8986,372,444
P6.2:31,ACME Pixel Line IP,pixel,-2.7716,-0.0568,2.8986,378,444
P6.2:32,ACME Pixel Line IP,pixel,-2.7465,-0.0568,2.8986,383,444
P6.2:33,ACME Pixel Line IP,pixel,-2.7213,-0.0568,2.8986,388,444
P6.2:34,ACME Pixel Line IP,pixel,-2.6962,-0.0568,2.8986,393,444
P6.2:35,ACME Pixel Line IP,pixel,-2.6711,-0.0568,2.8986,399,444
P6.2:36,ACME Pixel Line IP,pixel,-2.6459,-0.0568,2.8986,404,444
P6.2:37,ACME Pixel Line IP,pixel,-2.6208,-0.0568,2.8986,409,444
P6.2:38,ACME Pixel Line IP,pixel,-2.5957,-0.0568,2.8986,414,444
P6.2:39,ACME Pixel Line IP,pixel,-2.5706,-0.0568,2.8986,420,444
P6.3:01,ACME Pixel Line IP,pixel,-2.5094,-0.0568,2.8986,433,444
P6.3:02,ACME Pixel Line IP,pixel,-2.4843,-0.0568,2.8986,438,444
P6.3:03,ACME Pixel Line IP,pixel,-2.4592,-0.0568,2.8986,443,444
P6.3:04,ACME Pixel Line IP,pixel,-2.4341,-0.0568,2.8986,448,444
P6.3:05,ACME Pixel Line IP,pixel,-2.4089,-0.0568,2.8986,454,444
P6.3:06,ACME Pixel Line IP,pixel,-2.3838,-0.0568,2.8986,459,444
P6.3:07,ACME Pixel Line IP,pixel,-2.3587,-0.0568,2.8986,464,444
P6.3:08,ACME Pixel Line IP,pixel,-2.3335,-0.0568,2.8986,470,444
P6.3:09,ACME Pixel Line IP,pixel,-2.3084,-0.0568,2.8986,475,444
P6.3:10,ACME Pixel Line IP,pixel,-2.2833,-0.0568,2.8986,480,444
P6.3:11,ACME Pixel Line IP,pixel,-2.2582,-0.0568,2.8986,485,444
P6.3:12,ACME Pixel Line IP,pixel,-2.2330,-0.0568,2.8986,491,444
P6.3:13,ACME Pixel Line IP,pixel,-2.2079,-0.0568,2.8986,496,444
P6.3:14,ACME Pixel Line IP,pixel,-2.1828,-0.0568,2.8986,501,444
P6.3:15,ACME Pixel Line IP,pixel,-2.1576,-0.0568,2.8986,506,444
P6.3:16,ACME Pixel Line IP,pixel,-2.1325,-0.0568,2.8986,512,444
P6.3:17,ACME Pixel Line IP,pixel,-2.1074,-0.0568,2.8986,517,444
P6.3:18,ACME Pixel Line IP,pixel,-2.0823,-0.0568,2.8986,522,444
P6.3:19,ACME Pixel Line IP,pixel,-2.0571,-0.0568,2.8986,528,444
P6.3:20,ACME Pixel Line IP,pixel,-2.0320,-0.0568,2.8986,533,444
P6.3:21,ACME Pixel Line IP,pixel,-2.0069,-0.0568,2.8986,538,444
P6.3:22,ACME Pixel Line IP,pixel,-1.9817,-0.0568,2.8986,543,444
P6.3:23,ACME Pixel Line IP,pixel,-1.9566,-0.0568,2.8986,549,444
P6.3:24,ACME Pixel Line IP,pixel,-1.9315,-0.0568,2.8986,554,444
P6.3:25,ACME Pixel Line IP,pixel,-1.9064,-0.0568,2.8986,559,444
P6.3:26,ACME Pixel Line IP,pixel,-1.8812,-0.0568,2.8986,564,444
P6.3:27,ACME Pixel Line IP,pixel,-1.8561,-0.0568,2.8986,570,444
P6.3:28,ACME Pixel Line IP,pixel,-1.8310,-0.0568,2.8986,575,444
P6.3:29,ACME Pixel Line IP,pixel,-1.8058,-0.0568,2.8986,580,444
P6.3:30,ACME Pixel Line IP,pixel,-1.7807,-0.0568,2.8986,586,444
P6.3:31,ACME Pixel Line IP,pixel,-1.7556,-0.0568,2.8986,591,444
P6.3:32,ACME Pixel Line IP,pixel,-1.7305,-0.0568,2.8986,596,444
P6.3:33,ACME Pixel Line IP,pixel,-1.7053,-0.0568,2.8986,601,444
P6.3:34,ACME Pixel Line IP,pixel,-1.6802,-0.0568,2.8986,607,444
P6.3:35,ACME Pixel Line IP,pixel,-1.6551,-0.0568,2.8986,612,444
P6.3:36,ACME Pixel Line IP,pixel,-1.6299,-0.0568,2.8986,617,444
P6.3:37,ACME Pixel Line IP,pixel,-1.6048,-0.0568,2.8986,623,444
P6.3:38,ACME Pixel Line IP,pixel,-1.5797,-0.0568,2.8986,628,444
P6.3:39,ACME Pixel Line IP,pixel,-1.5546,-0.0568,2.8986,633,444
P6.4:01,ACME Pixel Line IP,pixel,-1.4934,-0.0568,2.8986,646,444
P6.4:02,ACME Pixel Line IP,pixel,-1.4683,-0.0568,2.8986,651,444
P6.4:03,ACME Pixel Line IP,pixel,-1.4432,-0.0568,2.8986,656,444
P6.4:04,ACME Pixel Line IP,pixel,-1.4181,-0.0568,2.8986,662,444
P6.4:05,ACME Pixel Line IP,pixel,-1.3929,-0.0568,2.8986,667,444
P6.4:06,ACME Pixel Line IP,pixel,-1.3678,-0.0568,2.8986,672,444
P6.4:07,ACME Pixel Line IP,pixel,-1.3427,-0.0568,2.8986,678,444
P6.4:08,ACME Pixel Line IP,pixel,-1.3175,-0.0568,2.8986,683,444
P6.4:09,ACME Pixel Line IP,pixel,-1.2924,-0.0568,2.8986,688,444
P6.4:10,ACME Pixel Line IP,pixel,-1.2673,-0.0568,2.8986,693,444
P6.4:11,ACME Pixel Line IP,pixel,-1.2422,-0.0568,2.8986,699,444
P6.4:12,ACME Pixel Line IP,pixel,-1.2170,-0.0568,2.8986,704,444
P6.4:13,ACME Pixel Line IP,pixel,-1.1919,-0.0568,2.8986,709,444
P6.4:14,ACME Pixel Line IP,pixel,-1.1668,-0.0568,2.8986,715,444
P6.4:15,ACME Pixel Line IP,pixel,-1.1416,-0.0568,2.8986,720,444
P6.4:16,ACME Pixel Line IP,pixel,-1.1165,-0.0568,2.8986,725,444
P6.4:17,ACME Pixel Line IP,pixel,-1.0914,-0.0568,2.8986,730,444
P6.4:18,ACME Pixel Line IP,pixel,-1.0663,-0.0568,2.8986,736,444
P6.4:19,ACME Pixel Line IP,pixel,-1.0411,-0.0568,2.8986,741,444
P6.4:20,ACME Pixel Line IP,pixel,-1.0160,-0.0568,2.8986,746,444
P6.4:21,ACME Pixel Line IP,pixel,-0.9909,-0.0568,2.8986,751,444
P6.4:22,ACME Pixel Line IP,pixel,-0.9657,-0.0568,2.8986,757,444
P6.4:23,ACME Pixel Line IP,pixel,-0.9406,-0.0568,2.8986,762,444
P6.4:24,ACME Pixel Line IP,pixel,-0.9155,-0.0568,2.8986,767,444
P6.4:25,ACME Pixel Line IP,pixel,-0.8904,-0.0568,2.8986,773,444
P6.4:26,ACME Pixel Line IP,pixel,-0.8652,-0.0568,2.8986,778,444
P6.4:27,ACME Pixel Line IP,pixel,-0.8401,-0.0568,2.8986,783,444
P6.4:28,ACME Pixel Line IP,pixel,-0.8150,-0.0568,2.8986,788,444
P6.4:29,ACME Pixel Line IP,pixel,-0.7898,-0.0568,2.8986,794,444
P6.4:30,ACME Pixel Line IP,pixel,-0.7647,-0.0568,2.8986,799,444
P6.4:31,ACME Pixel Line IP,pixel,-0.7396,-0.0568,2.8986,804,444
P6.4:32,ACME Pixel Line IP,pixel,-0.7145,-0.0568,2.8986,809,444
P6.4:33,ACME Pixel Line IP,pixel,-0.6893,-0.0568,2.8986,815,444
P6.4:34,ACME Pixel Line IP,pixel,-0.6642,-0.0568,2.8986,820,444
P6.4:35,ACME Pixel Line IP,pixel,-0.6391,-0.0568,2.8986,825,444
P6.4:36,ACME Pixel Line IP,pixel,-0.6139,-0.0568,2.8986,831,444
P6.4:37,ACME Pixel Line IP,pixel,-0.5888,-0.0568,2.8986,836,444
P6.4:38,ACME Pixel Line IP,pixel,-0.5637,-0.0568,2.8986,841,444
P6.4:39,ACME Pixel Line IP,pixel,-0.5386,-0.0568,2.8986,846,444
P6.5:01,ACME Pixel Line IP,pixel,-0.4774,-0.0568,2.8986,859,444
P6.5:02,ACME Pixel Line IP,pixel,-0.4523,-0.0568,2.8986,865,444
P6.5:03,ACME Pixel Line IP,pixel,-0.4272,-0.0568,2.8986,870,444
P6.5:04,ACME Pixel Line IP,pixel,-0.4021,-0.0568,2.8986,875,444
P6.5:05,ACME Pixel Line IP,pixel,-0.3769,-0.0568,2.8986,880,444
P6.5:06,ACME Pixel Line IP,pixel,-0.3518,-0.0568,2.8986,886,444
P6.5:07,ACME Pixel Line IP,pixel,-0.3267,-0.0568,2.8986,891,444
P6.5:08,ACME Pixel Line IP,pixel,-0.3015,-0.0568,2.8986,896,444
P6.5:09,ACME Pixel Line IP,pixel,-0.2764,-0.0568,2.8986,901,444
P6.5:10,ACME Pixel Line IP,pixel,-0.2513,-0.0568,2.8986,907,444
P6.5:11,ACME Pixel Line IP,pixel,-0.2262,-0.0568,2.8986,912,444
P6.5:12,ACME Pixel Line IP,pixel,-0.2010,-0.0568,2.8986,917,444
P6.5:13,ACME Pixel Line IP,pixel,-0.1759,-0.0568,2.8986,923,444
P6.5:14,ACME Pixel Line IP,pixel,-0.1508,-0.0568,2.8986,928,444
P6.5:15,ACME Pixel Line IP,pixel,-0.1256,-0.0568,2.8986,933,444
P6.5:16,ACME Pixel Line IP,pixel,-0.1005,-0.0568,2.8986,938,444
P6.5:17,ACME Pixel Line IP,pixel,-0.0754,-0.0568,2.8986,944,444
P6.5:18,ACME Pixel Line IP,pixel,-0.0503,-0.0568,2.8986,949,444
P6.5:19,ACME Pixel Line IP,pixel,-0.0251,-0.0568,2.8986,954,444
P6.5:20,ACME Pixel Line IP,pixel,0.0000,-0.0568,2.8986,960,444
P6.5:21,ACME Pixel Line IP,pixel,0.0251,-0.0568,2.8986,965,444
P6.5:22,ACME Pixel Line IP,pixel,0.0503,-0.0568,2.8986,970,444
P6.5:23,ACME Pixel Line IP,pixel,0.0754,-0.0568,2.8986,975,444
P6.5:24,ACME Pixel Line IP,pixel,0.1005,-0.0568,2.8986,981,444
P6.5:25,ACME Pixel Line IP,pixel,0.1256,-0.0568,2.8986,986,444
P6.5:26,ACME Pixel Line IP,pixel,0.1508,-0.0568,2.8986,991,444
P6.5:27,ACME Pixel Line IP,pixel,0.1759,-0.0568,2.8986,996,444
P6.5:28,ACME Pixel Line IP,pixel,0.2010,-0.0568,2.8986,1002,444
P6.5:29,ACME Pixel Line IP,pixel,0.2262,-0.0568,2.8986,1007,444
P6.5:30,ACME Pixel Line IP,pixel,0.2513,-0.0568,2.8986,1012,444
P6.5:31,ACME Pixel Line IP,pixel,0.2764,-0.0568,2.8986,1018,444
P6.5:32,ACME Pixel Line IP,pixel,0.3015,-0.0568,2.8986,1023,444
P6.5:33,ACME Pixel Line IP,pixel,0.3267,-0.0568,2.8986,1028,444
P6.5:34,ACME Pixel Line IP,pixel,0.3518,-0.0568,2.8986,1033,444
P6.5:35,ACME Pixel Line IP,pixel,0.3769,-0.0568,2.8986,1039,444
P6.5:36,ACME Pixel Line IP,pixel,0.4021,-0.0568,2.8986,1044,444
P6.5:37,ACME Pixel Line IP,pixel,0.4272,-0.0568,2.8986,1049,444
P6.5:38,ACME Pixel Line IP,pixel,0.4523,-0.0568,2.8986,1054,444
P6.5:39,ACME Pixel Line IP,pixel,0.4774,-0.0568,2.8986,1060,444
P6.6:01,ACME Pixel Line IP,pixel,0.5386,-0.0568,2.8986,1073,444
P6.6:02,ACME Pixel Line IP,pixel,0.5637,-0.0568,2.8986,1078,444
P6.6:03,ACME Pixel Line IP,pixel,0.5888,-0.0568,2.8986,1083,444
P6.6:04,ACME Pixel Line IP,pixel,0.6139,-0.0568,2.8986,1088,444
P6.6:05,ACME Pixel Line IP,pixel,0.6391,-0.0568,2.8986,1094,444
P6.6:06,ACME Pixel Line IP,pixel,0.6642,-0.0568,2.8986,1099,444
P6.6:07,ACME Pixel Line IP,pixel,0.6893,-0.0568,2.8986,1104,444
P6.6:08,ACME Pixel Line IP,pixel,0.7145,-0.0568,2.8986,1110,444
P6.6:09,ACME Pixel Line IP,pixel,0.7396,-0.0568,2.8986,1115,444
P6.6:10,ACME Pixel Line IP,pixel,0.7647,-0.0568,2.8986,1120,444
P6.6:11,ACME Pixel Line IP,pixel,0.7898,-0.0568,2.8986,1125,444
P6.6:12,ACME Pixel Line IP,pixel,0.8150,-0.0568,2.8986,1131,444
P6.6:13,ACME Pixel Line IP,pixel,0.8401,-0.0568,2.8986,1136,444
P6.6:14,ACME Pixel Line IP,pixel,0.8652,-0.0568,2.8986,1141,444
P6.6:15,ACME Pixel Line IP,pixel,0.8904,-0.0568,2.8986,1146,444
P6.6:16,ACME Pixel Line IP,pixel,0.9155,-0.0568,2.8986,1152,444
P6.6:17,ACME Pixel Line IP,pixel,0.9406,-0.0568,2.8986,1157,444
P6.6:18,ACME Pixel Line IP,pixel,0.9657,-0.0568,2.8986,1162,444
P6.6:19,ACME Pixel Line IP,pixel,0.9909,-0.0568,2.8986,1168,444
P6.6:20,ACME Pixel Line IP,pixel,1.0160,-0.0568,2.8986,1173,444
P6.6:21,ACME Pixel Line IP,pixel,1.0411,-0.0568,2.8986,1178,444
P6.6:22,ACME Pixel Line IP,pixel,1.0663,-0.0568,2.8986,1183,444
P6.6:23,ACME Pixel Line IP,pixel,1.0914,-0.0568,2.8986,1189,444
P6.6:24,ACME Pixel Line IP,pixel,1.1165,-0.0568,2.8986,1194,444
P6.6:25,ACME Pixel Line IP,pixel,1.1416,-0.0568,2.8986,1199,444
P6.6:26,ACME Pixel Line IP,pixel,1.1668,-0.0568,2.8986,1204,444
P6.6:27,ACME Pixel Line IP,pixel,1.1919,-0.0568,2.8986,1210,444
P6.6:28,ACME Pixel Line IP,pixel,1.2170,-0.0568,2.8986,1215,444
P6.6:29,ACME Pixel Line IP,pixel,1.2422,-0.0568,2.8986,1220,444
P6.6:30,ACME Pixel Line IP,pixel,1.2673,-0.0568,2.8986,1226,444
P6.6:31,ACME Pixel Line IP,pixel,1.2924,-0.0568,2.8986,1231,444
P6.6:32,ACME Pixel Line IP,pixel,1.3175,-0.0568,2.8986,1236,444
P6.6:33,ACME Pixel Line IP,pixel,1.3427,-0.0568,2.8986,1241,444
P6.6:34,ACME Pixel Line IP,pixel,1.3678,-0.0568,2.8986,1247,444
P6.6:35,ACME Pixel Line IP,pixel,1.3929,-0.0568,2.8986,1252,444
P6.6:36,ACME Pixel Line IP,pixel,1.4181,-0.0568,2.8986,1257,444
P6.6:37,ACME Pixel Line IP,pixel,1.4432,-0.0568,2.8986,1263,444
P6.6:38,ACME Pixel Line IP,pixel,1.4683,-0.0568,2.8986,1268,444
P6.6:39,ACME Pixel Line IP,pixel,1.4934,-0.0568,2.8986,1273,444
P6.7:01,ACME Pixel Line IP,pixel,1.5546,-0.0568,2.8986,1286,444
P6.7:02,ACME Pixel Line IP,pixel,1.5797,-0.0568,2.8986,1291,444
P6.7:03,ACME Pixel Line IP,pixel,1.6048,-0.0568,2.8986,1296,444
P6.7:04,ACME Pixel Line IP,pixel,1.6299,-0.0568,2.8986,1302,444
P6.7:05,ACME Pixel Line IP,pixel,1.6551,-0.0568,2.8986,1307,444
P6.7:06,ACME Pixel Line IP,pixel,1.6802,-0.0568,2.8986,1312,444
P6.7:07,ACME Pixel Line IP,pixel,1.7053,-0.0568,2.8986,1318,444
P6.7:08,ACME Pixel Line IP,pixel,1.7305,-0.0568,2.8986,1323,444
P6.7:09,ACME Pixel Line IP,pixel,1.7556,-0.0568,2.8986,1328,444
P6.7:10,ACME Pixel Line IP,pixel,1.7807,-0.0568,2.8986,1333,444
P6.7:11,ACME Pixel Line IP,pixel,1.8058,-0.0568,2.8986,1339,444
P6.7:12,ACME Pixel Line IP,pixel,1.8310,-0.0568,2.8986,1344,444
P6.7:13,ACME Pixel Line IP,pixel,1.8561,-0.0568,2.8986,1349,444
P6.7:14,ACME Pixel Line IP,pixel,1.8812,-0.0568,2.8986,1355,444
P6.7:15,ACME Pixel Line IP,pixel,1.9064,-0.0568,2.8986,1360,444
P6.7:16,ACME Pixel Line IP,pixel,1.9315,-0.0568,2.8986,1365,444
P6.7:17,ACME Pixel Line IP,pixel,1.9566,-0.0568,2.8986,1370,444
P6.7:18,ACME Pixel Line IP,pixel,1.9817,-0.0568,2.8986,1376,444
P6.7:19,ACME Pixel Line IP,pixel,2.0069,-0.0568,2.8986,1381,444
P6.7:20,ACME Pixel Line IP,pixel,2.0320,-0.0568,2.8986,1386,444
P6.7:21,ACME Pixel Line IP,pixel,2.0571,-0.0568,2.8986,1391,444
P6.7:22,ACME Pixel Line IP,pixel,2.0823,-0.0568,2.8986,1397,444
P6.7:23,ACME Pixel Line IP,pixel,2.1074,-0.0568,2.8986,1402,444
P6.7:24,ACME Pixel Line IP,pixel,2.1325,-0.0568,2.8986,1407,444
P6.7:25,ACME Pixel Line IP,pixel,2.1576,-0.0568,2.8986,1413,444
P6.7:26,ACME Pixel Line IP,pixel,2.1828,-0.0568,2.8986,1418,444
P6.7:27,ACME Pixel Line IP,pixel,2.2079,-0.0568,2.8986,1423,444
P6.7:28,ACME Pixel Line IP,pixel,2.2330,-0.0568,2.8986,1428,444
P6.7:29,ACME Pixel Line IP,pixel,2.2582,-0.0568,2.8986,1434,444
P6.7:30,ACME Pixel Line IP,pixel,2.2833,-0.0568,2.8986,1439,444
P6.7:31,ACME Pixel Line IP,pixel,2.3084,-0.0568,2.8986,1444,444
P6.7:32,ACME Pixel Line IP,pixel,2.3335,-0.0568,2.8986,1449,444
P6.7:33,ACME Pixel Line IP,pixel,2.3587,-0.0568,2.8986,1455,444
P6.7:34,ACME Pixel Line IP,pixel,2.3838,-0.0568,2.8986,1460,444
P6.7:35,ACME Pixel Line IP,pixel,2.4089,-0.0568,2.8986,1465,444
P6.7:36,ACME Pixel Line IP,pixel,2.4341,-0.0568,2.8986,1471,444
P6.7:37,ACME Pixel Line IP,pixel,2.4592,-0.0568,2.8986,1476,444
P6.7:38,ACME Pixel Line IP,pixel,2.4843,-0.0568,2.8986,1481,444
P6.7:39,ACME Pixel Line IP,pixel,2.5094,-0.0568,2.8986,1486,444
P6.8:01,ACME Pixel Line IP,pixel,2.5706,-0.0568,2.8986,1499,444
P6.8:02,ACME Pixel Line IP,pixel,2.5957,-0.0568,2.8986,1505,444
P6.8:03,ACME Pixel Line IP,pixel,2.6208,-0.0568,2.8986,1510,444
P6.8:04,ACME Pixel Line IP,pixel,2.6459,-0.0568,2.8986,1515,444
P6.8:05,ACME Pixel Line IP,pixel,2.6711,-0.0568,2.8986,1520,444
P6.8:06,ACME Pixel Line IP,pixel,2.6962,-0.0568,2.8986,1526,444
P6.8:07,ACME Pixel Line IP,pixel,2.7213,-0.0568,2.8986,1531,444
P6.8:08,ACME Pixel Line IP,pixel,2.7465,-0.0568,2.8986,1536,444
P6.8:09,ACME Pixel Line IP,pixel,2.7716,-0.0568,2.8986,1541,444
P6.8:10,ACME Pixel Line IP,pixel,2.7967,-0.0568,2.8986,1547,444
P6.8:11,ACME Pixel Line IP,pixel,2.8218,-0.0568,2.8986,1552,444
P6.8:12,ACME Pixel Line IP,pixel,2.8470,-0.0568,2.8986,1557,444
P6.8:13,ACME Pixel Line IP,pixel,2.8721,-0.0568,2.8986,1563,444
P6.8:14,ACME Pixel Line IP,pixel,2.8972,-0.0568,2.8986,1568,444
P6.8:15,ACME Pixel Line IP,pixel,2.9224,-0.0568,2.8986,1573,444
P6.8:16,ACME Pixel Line IP,pixel,2.9475,-0.0568,2.8986,1578,444
P6.8:17,ACME Pixel Line IP,pixel,2.9726,-0.0568,2.8986,1584,444
P6.8:18,ACME Pixel Line IP,pixel,2.9977,-0.0568,2.8986,1589,444
P6.8:19,ACME Pixel Line IP,pixel,3.0229,-0.0568,2.8986,1594,444
P6.8:20,ACME Pixel Line IP,pixel,3.0480,-0.0568,2.8986,1600,444
P6.8:21,ACME Pixel Line IP,pixel,3.0731,-0.0568,2.8986,1605,444
P6.8:22,ACME Pixel Line IP,pixel,3.0983,-0.0568,2.8986,1610,444
P6.8:23,ACME Pixel Line IP,pixel,3.1234,-0.0568,2.8986,1615,444
P6.8:24,ACME Pixel Line IP,pixel,3.1485,-0.0568,2.8986,1621,444
P6.8:25,ACME Pixel Line IP,pixel,3.1736,-0.0568,2.8986,1626,444
P6.8:26,ACME Pixel Line IP,pixel,3.1988,-0.0568,2.8986,1631,444
P6.8:27,ACME Pixel Line IP,pixel,3.2239,-0.0568,2.8986,1636,444
P6.8:28,ACME Pixel Line IP,pixel,3.2490,-0.0568,2.8986,1642,444
P6.8:29,ACME Pixel Line IP,pixel,3.2742,-0.0568,2.8986,1647,444
P6.8:30,ACME Pixel Line IP,pixel,3.2993,-0.0568,2.8986,1652,444
P6.8:31,ACME Pixel Line IP,pixel,3.3244,-0.0568,2.8986,1658,444
P6.8:32,ACME Pixel Line IP,pixel,3.3495,-0.0568,2.8986,1663,444
P6.8:33,ACME Pixel Line IP,pixel,3.3747,-0.0568,2.8986,1668,444
P6.8:34,ACME Pixel Line IP,pixel,3.3998,-0.0568,2.8986,1673,444
P6.8:35,ACME Pixel Line IP,pixel,3.4249,-0.0568,2.8986,1679,444
P6.8:36,ACME Pixel Line IP,pixel,3.4501,-0.0568,2.8986,1684,444
P6.8:37,ACME Pixel Line IP,pixel,3.4752,-0.0568,2.8986,1689,444
P6.8:38,ACME Pixel Line IP,pixel,3.5003,-0.0568,2.8986,1694,444
P6.8:39,ACME Pixel Line IP,pixel,3.5254,-0.0568,2.8986,1700,444
P6.9:01,ACME Pixel Line IP,pixel,3.5866,-0.0568,2.8986,1713,444
P6.9:02,ACME Pixel Line IP,pixel,3.6117,-0.0568,2.8986,1718,444
P6.9:03,ACME Pixel Line IP,pixel,3.6368,-0.0568,2.8986,1723,444
P6.9:04,ACME Pixel Line IP,pixel,3.6619,-0.0568,2.8986,1728,444
P6.9:05,ACME Pixel Line IP,pixel,3.6871,-0.0568,2.8986,1734,444
P6.9:06,ACME Pixel Line IP,pixel,3.7122,-0.0568,2.8986,1739,444
P6.9:07,ACME Pixel Line IP,pixel,3.7373,-0.0568,2.8986,1744,444
P6.9:08,ACME Pixel Line IP,pixel,3.7625,-0.0568,2.8986,1750,444
P6.9:09,ACME Pixel Line IP,pixel,3.7876,-0.0568,2.8986,1755,444
P6.9:10,ACME Pixel Line IP,pixel,3.8127,-0.0568,2.8986,1760,444
P6.9:11,ACME Pixel Line IP,pixel,3.8378,-0.0568,2.8986,1765,444
P6.9:12,ACME Pixel Line IP,pixel,3.8630,-0.0568,2.8986,1771,444
P6.9:13,ACME Pixel Line IP,pixel,3.8881,-0.0568,2.8986,1776,444
P6.9:14,ACME Pixel Line IP,pixel,3.9132,-0.0568,2.8986,1781,444
P6.9:15,ACME Pixel Line IP,pixel,3.9384,-0.0568,2.8986,1786,444
P6.9:16,ACME Pixel Line IP,pixel,3.9635,-0.0568,2.8986,1792,444
P6.9:17,ACME Pixel Line IP,pixel,3.9886,-0.0568,2.8986,1797,444
P6.9:18,ACME Pixel Line IP,pixel,4.0137,-0.0568,2.8986,1802,444
P6.9:19,ACME Pixel Line IP,pixel,4.0389,-0.0568,2.8986,1808,444
P6.9:20,ACME Pixel Line IP,pixel,4.0640,-0.0568,2.8986,1813,444
P6.9:21,ACME Pixel Line IP,pixel,4.0891,-0.0568,2.8986,1818,444
P6.9:22,ACME Pixel Line IP,pixel,4.1143,-0.0568,2.8986,1823,444
P6.9:23,ACME Pixel Line IP,pixel,4.1394,-0.0568,2.8986,1829,444
P6.9:24,ACME Pixel Line IP,pixel,4.1645,-0.0568,2.8986,1834,444
P6.9:25,ACME Pixel Line IP,pixel,4.1896,-0.0568,2.8986,1839,444
P6.9:26,ACME Pixel Line IP,pixel,4.2148,-0.0568,2.8986,1844,444
P6.9:27,ACME Pixel Line IP,pixel,4.2399,-0.0568,2.8986,1850,444
P6.9:28,ACME Pixel Line IP,pixel,4.2650,-0.0568,2.8986,1855,444
P6.9:29,ACME Pixel Line IP,pixel,4.2902,-0.0568,2.8986,1860,444
P6.9:30,ACME Pixel Line IP,pixel,4.3153,-0.0568,2.8986,1866,444
P6.9:31,ACME Pixel Line IP,pixel,4.3404,-0.0568,2.8986,1871,444
P6.9:32,ACME Pixel Line IP,pixel,4.3655,-0.0568,2.8986,1876,444
P6.9:33,ACME Pixel Line IP,pixel,4.3907,-0.0568,2.8986,1881,444
P6.9:34,ACME Pixel Line IP,pixel,4.4158,-0.0568,2.8986,1887,444
P6.9:35,ACME Pixel Line IP,pixel,4.4409,-0.0568,2.8986,1892,444
P6.9:36,ACME Pixel Line IP,pixel,4.4661,-0.0568,2.8986,1897,444
P6.9:37,ACME Pixel Line IP,pixel,4.4912,-0.0568,2.8986,1903,444
P6.9:38,ACME Pixel Line IP,pixel,4.5163,-0.0568,2.8986,1908,444
P6.9:39,ACME Pixel Line IP,pixel,4.5414,-0.0568,2.8986,1913,444
P7.1:01,ACME Pixel Line IP,pixel,-4.5414,-0.0568,2.2890,6,508
P7.1:02,ACME Pixel Line IP,pixel,-4.5163,-0.0568,2.2890,11,508
P7.1:03,ACME Pixel Line IP,pixel,-4.4912,-0.0568,2.2890,16,508
P7.1:04,ACME Pixel Line IP,pixel,-4.4661,-0.0568,2.2890,22,508
P7.1:05,ACME Pixel Line IP,pixel,-4.4409,-0.0568,2.2890,27,508
P7.1:06,ACME Pixel Line IP,pixel,-4.4158,-0.0568,2.2890,32,508
P7.1:07,ACME Pixel Line IP,pixel,-4.3907,-0.0568,2.2890,38,508
P7.1:08,ACME Pixel Line IP,pixel,-4.3655,-0.0568,2.2890,43,508
P7.1:09,ACME Pixel Line IP,pixel,-4.3404,-0.0568,2.2890,48,508
P7.1:10,ACME Pixel Line IP,pixel,-4.3153,-0.0568,2.2890,53,508
P7.1:11,ACME Pixel Line IP,pixel,-4.2902,-0.0568,2.2890,59,508
P7.1:12,ACME Pixel Line IP,pixel,-4.2650,-0.0568,2.2890,64,508
P7.1:13,ACME Pixel Line IP,pixel,-4.2399,-0.0568,2.2890,69,508
P7.1:14,ACME Pixel Line IP,pixel,-4.2148,-0.0568,2.2890,75,508
P7.1:15,ACME Pixel Line IP,pixel,-4.1896,-0.0568,2.2890,80,508
P7.1:16,ACME Pixel Line IP,pixel,-4.1645,-0.0568,2.2890,85,508
P7.1:17,ACME Pixel Line IP,pixel,-4.1394,-0.0568,2.2890,90,508
P7.1:18,ACME Pixel Line IP,pixel,-4.1143,-0.0568,2.2890,96,508
P7.1:19,ACME Pixel Line IP,pixel,-4.0891,-0.0568,2.2890,101,508
P7.1:20,ACME Pixel Line IP,pixel,-4.0640,-0.0568,2.2890,106,508
P7.1:21,ACME Pixel Line IP,pixel,-4.0389,-0.0568,2.2890,111,508
P7.1:22,ACME Pixel Line IP,pixel,-4.0137,-0.0568,2.2890,117,508
P7.1:23,ACME Pixel Line IP,pixel,-3.9886,-0.0568,2.2890,122,508
P7.1:24,ACME Pixel Line IP,pixel,-3.9635,-0.0568,2.2890,127,508
P7.1:25,ACME Pixel Line IP,pixel,-3.9384,-0.0568,2.2890,133,508
P7.1:26,ACME Pixel Line IP,pixel,-3.9132,-0.0568,2.2890,138,508
P7.1:27,ACME Pixel Line IP,pixel,-3.8881,-0.0568,2.2890,143,508
P7.1:28,ACME Pixel Line IP,pixel,-3.8630,-0.0568,2.2890,148,508
P7.1:29,ACME Pixel Line IP,pixel,-3.8378,-0.0568,2.2890,154,508
P7.1:30,ACME Pixel Line IP,pixel,-3.8127,-0.0568,2.2890,159,508
P7.1:31,ACME Pixel Line IP,pixel,-3.7876,-0.0568,2.2890,164,508
P7.1:32,ACME Pixel Line IP,pixel,-3.7625,-0.0568,2.2890,169,508
P7.1:33,ACME Pixel Line IP,pixel,-3.7373,-0.0568,2.2890,175,508
P7.1:34,ACME Pixel Line IP,pixel,-3.7122,-0.0568,2.2890,180,508
P7.1:35,ACME Pixel Line IP,pixel,-3.6871,-0.0568,2.2890,185,508
P7.1:36,ACME Pixel Line IP,pixel,-3.6619,-0.0568,2.2890,191,508
P7.1:37,ACME Pixel Line IP,pixel,-3.6368,-0.0568,2.2890,196,508
P7.1:38,ACME Pixel Line IP,pixel,-3.6117,-0.0568,2.2890,201,508
P7.1:39,ACME Pixel Line IP,pixel,-3.5866,-0.0568,2.2890,206,508
P7.2:01,ACME Pixel Line IP,pixel,-3.5254,-0.0568,2.2890,219,508
P7.2:02,ACME Pixel Line IP,pixel,-3.5003,-0.0568,2.2890,225,508
P7.2:03,ACME Pixel Line IP,pixel,-3.4752,-0.0568,2.2890,230,508
P7.2:04,ACME Pixel Line IP,pixel,-3.4501,-0.0568,2.2890,235,508
P7.2:05,ACME Pixel Line IP,pixel,-3.4249,-0.0568,2.2890,240,508
P7.2:06,ACME Pixel Line IP,pixel,-3.3998,-0.0568,2.2890,246,508
P7.2:07,ACME Pixel Line IP,pixel,-3.3747,-0.0568,2.2890,251,508
P7.2:08,ACME Pixel Line IP,pixel,-3.3495,-0.0568,2.2890,256,508
P7.2:09,ACME Pixel Line IP,pixel,-3.3244,-0.0568,2.2890,261,508
P7.2:10,ACME Pixel Line IP,pixel,-3.2993,-0.0568,2.2890,267,508
P7.2:11,ACME Pixel Line IP,pixel,-3.2742,-0.0568,2.2890,272,508
P7.2:12,ACME Pixel Line IP,pixel,-3.2490,-0.0568,2.2890,277,508
P7.2:13,ACME Pixel Line IP,pixel,-3.2239,-0.0568,2.2890,283,508
P7.2:14,ACME Pixel Line IP,pixel,-3.1988,-0.0568,2.2890,288,508
P7.2:15,ACME Pixel Line IP,pixel,-3.1736,-0.0568,2.2890,293,508
P7.2:16,ACME Pixel Line IP,pixel,-3.1485,-0.0568,2.2890,298,508
P7.2:17,ACME Pixel Line IP,pixel,-3.1234,-0.0568,2.2890,304,508
P7.2:18,ACME Pixel Line IP,pixel,-3.0983,-0.0568,2.2890,309,508
P7.2:19,ACME Pixel Line IP,pixel,-3.0731,-0.0568,2.2890,314,508
P7.2:20,ACME Pixel Line IP,pixel,-3.0480,-0.0568,2.2890,320,508
P7.2:21,ACME Pixel Line IP,pixel,-3.0229,-0.0568,2.2890,325,508
P7.2:22,ACME Pixel Line IP,pixel,-2.9977,-0.0568,2.2890,330,508
P7.2:23,ACME Pixel Line IP,pixel,-2.9726,-0.0568,2.2890,335,508
P7.2:24,ACME Pixel Line IP,pixel,-2.9475,-0.0568,2.2890,341,508
P7.2:25,ACME Pixel Line IP,pixel,-2.9224,-0.0568,2.2890,346,508
P7.2:26,ACME Pixel Line IP,pixel,-2.8972,-0.0568,2.2890,351,508
P7.2:27,ACME Pixel Line IP,pixel,-2.8721,-0.0568,2.2890,356,508
P7.2:28,ACME Pixel Line IP,pixel,-2.8470,-0.0568,2.2890,362,508
P7.2:29,ACME Pixel Line IP,pixel,-2.8218,-0.0568,2.2890,367,508
P7.2:30,ACME Pixel Line IP,pixel,-2.7967,-0.0568,2.2890,372,508
P7.2:31,ACME Pixel Line IP,pixel,-2.7716,-0.0568,2.2890,378,508
P7.2:32,ACME Pixel Line IP,pixel,-2.7465,-0.0568,2.2890,383,508
P7.2:33,ACME Pixel Line IP,pixel,-2.7213,-0.0568,2.2890,388,508
P7.2:34,ACME Pixel Line IP,pixel,-2.6962,-0.0568,2.2890,393,508
P7.2:35,ACME Pixel Line IP,pixel,-2.6711,-0.0568,2.2890,399,508
P7.2:36,ACME Pixel Line IP,pixel,-2.6459,-0.0568,2.2890,404,508
P7.2:37,ACME Pixel Line IP,pixel,-2.6208,-0.0568,2.2890,409,508
P7.2:38,ACME Pixel Line IP,pixel,-2.5957,-0.0568,2.2890,414,508
P7.2:39,ACME Pixel Line IP,pixel,-2.5706,-0.0568,2.2890,420,508
P7.3:01,ACME Pixel Line IP,pixel,-2.5094,-0.0568,2.2890,433,508
P7.3:02,ACME Pixel Line IP,pixel,-2.4843,-0.0568,2.2890,438,508
P7.3:03,ACME Pixel Line IP,pixel,-2.4592,-0.0568,2.2890,443,508
P7.3:04,ACME Pixel Line IP,pixel,-2.4341,-0.0568,2.2890,448,508
P7.3:05,ACME Pixel Line IP,pixel,-2.4089,-0.0568,2.2890,454,508
P7.3:06,ACME Pixel Line IP,pixel,-2.3838,-0.0568,2.2890,459,508
P7.3:07,ACME Pixel Line IP,pixel,-2.3587,-0.0568,2.2890,464,508
P7.3:08,ACME Pixel Line IP,pixel,-2.3335,-0.0568,2.2890,470,508
P7.3:09,ACME Pixel Line IP,pixel,-2.3084,-0.0568,2.2890,475,508
P7.3:10,ACME Pixel Line IP,pixel,-2.2833,-0.0568,2.2890,480,508
P7.3:11,ACME Pixel Line IP,pixel,-2.2582,-0.0568,2.2890,485,508
P7.3:12,ACME Pixel Line IP,pixel,-2.2330,-0.0568,2.2890,491,508
P7.3:13,ACME Pixel Line IP,pixel,-2.2079,-0.0568,2.2890,496,508
P7.3:14,ACME Pixel Line IP,pixel,-2.1828,-0.0568,2.2890,501,508
P7.3:15,ACME Pixel Line IP,pixel,-2.1576,-0.0568,2.2890,506,508
P7.3:16,ACME Pixel Line IP,pixel,-2.1325,-0.0568,2.2890,512,508
P7.3:17,ACME Pixel Line IP,pixel,-2.1074,-0.0568,2.2890,517,508
P7.3:18,ACME Pixel Line IP,pixel,-2.0823,-0.0568,2.2890,522,508
P7.3:19,ACME Pixel Line IP,pixel,-2.0571,-0.0568,2.2890,528,508
P7.3:20,ACME Pixel Line IP,pixel,-2.0320,-0.0568,2.2890,533,508
P7.3:21,ACME Pixel Line IP,pixel,-2.0069,-0.0568,2.2890,538,508
P7.3:22,ACME Pixel Line IP,pixel,-1.9817,-0.0568,2.2890,543,508
P7.3:23,ACME Pixel Line IP,pixel,-1.9566,-0.0568,2.2890,549,508
P7.3:24,ACME Pixel Line IP,pixel,-1.9315,-0.0568,2.2890,554,508
P7.3:25,ACME Pixel Line IP,pixel,-1.9064,-0.0568,2.2890,559,508
P7.3:26,ACME Pixel Line IP,pixel,-1.8812,-0.0568,2.2890,564,508
P7.3:27,ACME Pixel Line IP,pixel,-1.8561,-0.0568,2.2890,570,508
P7.3:28,ACME Pixel Line IP,pixel,-1.8310,-0.0568,2.2890,575,508
P7.3:29,ACME Pixel Line IP,pixel,-1.8058,-0.0568,2.2890,580,508
P7.3:30,ACME Pixel Line IP,pixel,-1.7807,-0.0568,2.2890,586,508
P7.3:31,ACME Pixel Line IP,pixel,-1.7556,-0.0568,2.2890,591,508
P7.3:32,ACME Pixel Line IP,pixel,-1.7305,-0.0568,2.2890,596,508
P7.3:33,ACME Pixel Line IP,pixel,-1.7053,-0.0568,2.2890,601,508
P7.3:34,ACME Pixel Line IP,pixel,-1.6802,-0.0568,2.2890,607,508
P7.3:35,ACME Pixel Line IP,pixel,-1.6551,-0.0568,2.2890,612,508
P7.3:36,ACME Pixel Line IP,pixel,-1.6299,-0.0568,2.2890,617,508
P7.3:37,ACME Pixel Line IP,pixel,-1.6048,-0.0568,2.2890,623,508
P7.3:38,ACME Pixel Line IP,pixel,-1.5797,-0.0568,2.2890,628,508
P7.3:39,ACME Pixel Line IP,pixel,-1.5546,-0.0568,2.2890,633,508
P7.4:01,ACME Pixel Line IP,pixel,-1.4934,-0.0568,2.2890,646,508
P7.4:02,ACME Pixel Line IP,pixel,-1.4683,-0.0568,2.2890,651,508
P7.4:03,ACME Pixel Line IP,pixel,-1.4432,-0.0568,2.2890,656,508
P7.4:04,ACME Pixel Line IP,pixel,-1.4181,-0.0568,2.2890,662,508
P7.4:05,ACME Pixel Line IP,pixel,-1.3929,-0.0568,2.2890,667,508
P7.4:06,ACME Pixel Line IP,pixel,-1.3678,-0.0568,2.2890,672,508
P7.4:07,ACME Pixel Line IP,pixel,-1.3427,-0.0568,2.2890,678,508
P7.4:08,ACME Pixel Line IP,pixel,-1.3175,-0.0568,2.2890,683,508
P7.4:09,ACME Pixel Line IP,pixel,-1.2924,-0.0568,2.2890,688,508
P7.4:10,ACME Pixel Line IP,pixel,-1.2673,-0.0568,2.2890,693,508
P7.4:11,ACME Pixel Line IP,pixel,-1.2422,-0.0568,2.2890,699,508
P7.4:12,ACME Pixel Line IP,pixel,-1.2170,-0.0568,2.2890,704,508
P7.4:13,ACME Pixel Line IP,pixel,-1.1919,-0.0568,2.2890,709,508
P7.4:14,ACME Pixel Line IP,pixel,-1.1668,-0.0568,2.2890,715,508
P7.4:15,ACME Pixel Line IP,pixel,-1.1416,-0.0568,2.2890,720,508
P7.4:16,ACME Pixel Line IP,pixel,-1.1165,-0.0568,2.2890,725,508
P7.4:17,ACME Pixel Line IP,pixel,-1.0914,-0.0568,2.2890,730,508
P7.4:18,ACME Pixel Line IP,pixel,-1.0663,-0.0568,2.2890,736,508
P7.4:19,ACME Pixel Line IP,pixel,-1.0411,-0.0568,2.2890,741,508
P7.4:20,ACME Pixel Line IP,pixel,-1.0160,-0.0568,2.2890,746,508
P7.4:21,ACME Pixel Line IP,pixel,-0.9909,-0.0568,2.2890,751,508
P7.4:22,ACME Pixel Line IP,pixel,-0.9657,-0.0568,2.2890,757,508
P7.4:23,ACME Pixel Line IP,pixel,-0.9406,-0.0568,2.2890,762,508
P7.4:24,ACME Pixel Line IP,pixel,-0.9155,-0.0568,2.2890,767,508
P7.4:25,ACME Pixel Line IP,pixel,-0.8904,-0.0568,2.2890,773,508
P7.4:26,ACME Pixel Line IP,pixel,-0.8652,-0.0568,2.2890,778,508
P7.4:27,ACME Pixel Line IP,pixel,-0.8401,-0.0568,2.2890,783,508
P7.4:28,ACME Pixel Line IP,pixel,-0.8150,-0.0568,2.2890,788,508
P7.4:29,ACME Pixel Line IP,pixel,-0.7898,-0.0568,2.2890,794,508
P7.4:30,ACME Pixel Line IP,pixel,-0.7647,-0.0568,2.2890,799,508
P7.4:31,ACME Pixel Line IP,pixel,-0.7396,-0.0568,2.2890,804,508
P7.4:32,ACME Pixel Line IP,pixel,-0.7145,-0.0568,2.2890,809,508
P7.4:33,ACME Pixel Line IP,pixel,-0.6893,-0.0568,2.2890,815,508
P7.4:34,ACME Pixel Line IP,pixel,-0.6642,-0.0568,2.2890,820,508
P7.4:35,ACME Pixel Line IP,pixel,-0.6391,-0.0568,2.2890,825,508
P7.4:36,ACME Pixel Line IP,pixel,-0.6139,-0.0568,2.2890,831,508
P7.4:37,ACME Pixel Line IP,pixel,-0.5888,-0.0568,2.2890,836,508
P7.4:38,ACME Pixel Line IP,pixel,-0.5637,-0.0568,2.2890,841,508
P7.4:39,ACME Pixel Line IP,pixel,-0.5386,-0.0568,2.2890,846,508
P7.5:01,ACME Pixel Line IP,pixel,-0.4774,-0.0568,2.2890,859,508
P7.5:02,ACME Pixel Line IP,pixel,-0.4523,-0.0568,2.2890,865,508
P7.5:03,ACME Pixel Line IP,pixel,-0.4272,-0.0568,2.2890,870,508
P7.5:04,ACME Pixel Line IP,pixel,-0.4021,-0.0568,2.2890,875,508
P7.5:05,ACME Pixel Line IP,pixel,-0.3769,-0.0568,2.2890,880,508
P7.5:06,ACME Pixel Line IP,pixel,-0.3518,-0.0568,2.2890,886,508
P7.5:07,ACME Pixel Line IP,pixel,-0.3267,-0.0568,2.2890,891,508
P7.5:08,ACME Pixel Line IP,pixel,-0.3015,-0.0568,2.2890,896,508
P7.5:09,ACME Pixel Line IP,pixel,-0.2764,-0.0568,2.2890,901,508
P7.5:10,ACME Pixel Line IP,pixel,-0.2513,-0.0568,2.2890,907,508
P7.5:11,ACME Pixel Line IP,pixel,-0.2262,-0.0568,2.2890,912,508
P7.5:12,ACME Pixel Line IP,pixel,-0.2010,-0.0568,2.2890,917,508
P7.5:13,ACME Pixel Line IP,pixel,-0.1759,-0.0568,2.2890,923,508
P7.5:14,ACME Pixel Line IP,pixel,-0.1508,-0.0568,2.2890,928,508
P7.5:15,ACME Pixel Line IP,pixel,-0.1256,-0.0568,2.2890,933,508
P7.5:16,ACME Pixel Line IP,pixel,-0.1005,-0.0568,2.2890,938,508
P7.5:17,ACME Pixel Line IP,pixel,-0.0754,-0.0568,2.2890,944,508
P7.5:18,ACME Pixel Line IP,pixel,-0.0503,-0.0568,2.2890,949,508
P7.5:19,ACME Pixel Line IP,pixel,-0.0251,-0.0568,2.2890,954,508
P7.5:20,ACME Pixel Line IP,pixel,0.0000,-0.0568,2.2890,960,508
P7.5:21,ACME Pixel Line IP,pixel,0.0251,-0.0568,2.2890,965,508
P7.5:22,ACME Pixel Line IP,pixel,0.0503,-0.0568,2.2890,970,508
P7.5:23,ACME Pixel Line IP,pixel,0.0754,-0.0568,2.2890,975,508
P7.5:24,ACME Pixel Line IP,pixel,0.1005,-0.0568,2.2890,981,508
P7.5:25,ACME Pixel Line IP,pixel,0.1256,-0.0568,2.2890,986,508
P7.5:26,ACME Pixel Line IP,pixel,0.1508,-0.0568,2.2890,991,508
P7.5:27,ACME Pixel Line IP,pixel,0.1759,-0.0568,2.2890,996,508
P7.5:28,ACME Pixel Line IP,pixel,0.2010,-0.0568,2.2890,1002,508
P7.5:29,ACME Pixel Line IP,pixel,0.2262,-0.0568,2.2890,1007,508
P7.5:30,ACME Pixel Line IP,pixel,0.2513,-0.0568,2.2890,1012,508
P7.5:31,ACME Pixel Line IP,pixel,0.2764,-0.0568,2.2890,1018,508
P7.5:32,ACME Pixel Line IP,pixel,0.3015,-0.0568,2.2890,1023,508
P7.5:33,ACME Pixel Line IP,pixel,0.3267,-0.0568,2.2890,1028,508
P7.5:34,ACME Pixel Line IP,pixel,0.3518,-0.0568,2.2890,1033,508
P7.5:35,ACME Pixel Line IP,pixel,0.3769,-0.0568,2.2890,1039,508
P7.5:36,ACME Pixel Line IP,pixel,0.4021,-0.0568,2.2890,1044,508
P7.5:37,ACME Pixel Line IP,pixel,0.4272,-0.0568,2.2890,1049,508
P7.5:38,ACME Pixel Line IP,pixel,0.4523,-0.0568,2.2890,1054,508
P7.5:39,ACME Pixel Line IP,pixel,0.4774,-0.0568,2.2890,1060,508
P7.6:01,ACME Pixel Line IP,pixel,0.5386,-0.0568,2.2890,1073,508
P7.6:02,ACME Pixel Line IP,pixel,0.5637,-0.0568,2.2890,1078,508
P7.6:03,ACME Pixel Line IP,pixel,0.5888,-0.0568,2.2890,1083,508
P7.6:04,ACME Pixel Line IP,pixel,0.6139,-0.0568,2.2890,1088,508
P7.6:05,ACME Pixel Line IP,pixel,0.6391,-0.0568,2.2890,1094,508
P7.6:06,ACME Pixel Line IP,pixel,0.6642,-0.0568,2.2890,1099,508
P7.6:07,ACME Pixel Line IP,pixel,0.6893,-0.0568,2.2890,1104,508
P7.6:08,ACME Pixel Line IP,pixel,0.7145,-0.0568,2.2890,1110,508
P7.6:09,ACME Pixel Line IP,pixel,0.7396,-0.0568,2.2890,1115,508
P7.6:10,ACME Pixel Line IP,pixel,0.7647,-0.0568,2.2890,1120,508
P7.6:11,ACME Pixel Line IP,pixel,0.7898,-0.0568,2.2890,1125,508
P7.6:12,ACME Pixel Line IP,pixel,0.8150,-0.0568,2.2890,1131,508
P7.6:13,ACME Pixel Line IP,pixel,0.8401,-0.0568,2.2890,1136,508
P7.6:14,ACME Pixel Line IP,pixel,0.8652,-0.0568,2.2890,1141,508
P7.6:15,ACME Pixel Line IP,pixel,0.8904,-0.0568,2.2890,1146,508
P7.6:16,ACME Pixel Line IP,pixel,0.9155,-0.0568,2.2890,1152,508
P7.6:17,ACME Pixel Line IP,pixel,0.9406,-0.0568,2.2890,1157,508
P7.6:18,ACME Pixel Line IP,pixel,0.9657,-0.0568,2.2890,1162,508
P7.6:19,ACME Pixel Line IP,pixel,0.9909,-0.0568,2.2890,1168,508
P7.6:20,ACME Pixel Line IP,pixel,1.0160,-0.0568,2.2890,1173,508
P7.6:21,ACME Pixel Line IP,pixel,1.0411,-0.0568,2.2890,1178,508
P7.6:22,ACME Pixel Line IP,pixel,1.0663,-0.0568,2.2890,1183,508
P7.6:23,ACME Pixel Line IP,pixel,1.0914,-0.0568,2.2890,1189,508
P7.6:24,ACME Pixel Line IP,pixel,1.1165,-0.0568,2.2890,1194,508
P7.6:25,ACME Pixel Line IP,pixel,1.1416,-0.0568,2.2890,1199,508
P7.6:26,ACME Pixel Line IP,pixel,1.1668,-0.0568,2.2890,1204,508
P7.6:27,ACME Pixel Line IP,pixel,1.1919,-0.0568,2.2890,1210,508
P7.6:28,ACME Pixel Line IP,pixel,1.2170,-0.0568,2.2890,1215,508
P7.6:29,ACME Pixel Line IP,pixel,1.2422,-0.0568,2.2890,1220,508
P7.6:30,ACME Pixel Line IP,pixel,1.2673,-0.0568,2.2890,1226,508
P7.6:31,ACME Pixel Line IP,pixel,1.2924,-0.0568,2.2890,1231,508
P7.6:32,ACME Pixel Line IP,pixel,1.3175,-0.0568,2.2890,1236,508
P7.6:33,ACME Pixel Line IP,pixel,1.3427,-0.0568,2.2890,1241,508
P7.6:34,ACME Pixel Line IP,pixel,1.3678,-0.0568,2.2890,1247,508
P7.6:35,ACME Pixel Line IP,pixel,1.3929,-0.0568,2.2890,1252,508
P7.6:36,ACME Pixel Line IP,pixel,1.4181,-0.0568,2.2890,1257,508
P7.6:37,ACME Pixel Line IP,pixel,1.4432,-0.0568,2.2890,1263,508
P7.6:38,ACME Pixel Line IP,pixel,1.4683,-0.0568,2.2890,1268,508
P7.6:39,ACME Pixel Line IP,pixel,1.4934,-0.0568,2.2890,1273,508
P7.7:01,ACME Pixel Line IP,pixel,1.5546,-0.0568,2.2890,1286,508
P7.7:02,ACME Pixel Line IP,pixel,1.5797,-0.0568,2.2890,1291,508
P7.7:03,ACME Pixel Line IP,pixel,1.6048,-0.0568,2.2890,1296,508
P7.7:04,ACME Pixel Line IP,pixel,1.6299,-0.0568,2.2890,1302,508
P7.7:05,ACME Pixel Line IP,pixel,1.6551,-0.0568,2.2890,1307,508
P7.7:06,ACME Pixel Line IP,pixel,1.6802,-0.0568,2.2890,1312,508
P7.7:07,ACME Pixel Line IP,pixel,1.7053,-0.0568,2.2890,1318,508
P7.7:08,ACME Pixel Line IP,pixel,1.7305,-0.0568,2.2890,1323,508
P7.7:09,ACME Pixel Line IP,pixel,1.7556,-0.0568,2.2890,1328,508
P7.7:10,ACME Pixel Line IP,pixel,1.7807,-0.0568,2.2890,1333,508
P7.7:11,ACME Pixel Line IP,pixel,1.8058,-0.0568,2.2890,1339,508
P7.7:12,ACME Pixel Line IP,pixel,1.8310,-0.0568,2.2890,1344,508
P7.7:13,ACME Pixel Line IP,pixel,1.8561,-0.0568,2.2890,1349,508
P7.7:14,ACME Pixel Line IP,pixel,1.8812,-0.0568,2.2890,1355,508
P7.7:15,ACME Pixel Line IP,pixel,1.9064,-0.0568,2.2890,1360,508
P7.7:16,ACME Pixel Line IP,pixel,1.9315,-0.0568,2.2890,1365,508
P7.7:17,ACME Pixel Line IP,pixel,1.9566,-0.0568,2.2890,1370,508
P7.7:18,ACME Pixel Line IP,pixel,1.9817,-0.0568,2.2890,1376,508
P7.7:19,ACME Pixel Line IP,pixel,2.0069,-0.0568,2.2890,1381,508
P7.7:20,ACME Pixel Line IP,pixel,2.0320,-0.0568,2.2890,1386,508
P7.7:21,ACME Pixel Line IP,pixel,2.0571,-0.0568,2.2890,1391,508
P7.7:22,ACME Pixel Line IP,pixel,2.0823,-0.0568,2.2890,1397,508
P7.7:23,ACME Pixel Line IP,pixel,2.1074,-0.0568,2.2890,1402,508
P7.7:24,ACME Pixel Line IP,pixel,2.1325,-0.0568,2.2890,1407,508
P7.7:25,ACME Pixel Line IP,pixel,2.1576,-0.0568,2.2890,1413,508
P7.7:26,ACME Pixel Line IP,pixel,2.1828,-0.0568,2.2890,1418,508
P7.7:27,ACME Pixel Line IP,pixel,2.2079,-0.0568,2.2890,1423,508
P7.7:28,ACME Pixel Line IP,pixel,2.2330,-0.0568,2.2890,1428,508
P7.7:29,ACME Pixel Line IP,pixel,2.2582,-0.0568,2.2890,1434,508
P7.7:30,ACME Pixel Line IP,pixel,2.2833,-0.0568,2.2890,1439,508
P7.7:31,ACME Pixel Line IP,pixel,2.3084,-0.0568,2.2890,1444,508
P7.7:32,ACME Pixel Line IP,pixel,2.3335,-0.0568,2.2890,1449,508
P7.7:33,ACME Pixel Line IP,pixel,2.3587,-0.0568,2.2890,1455,508
P7.7:34,ACME Pixel Line IP,pixel,2.3838,-0.0568,2.2890,1460,508
P7.7:35,ACME Pixel Line IP,pixel,2.4089,-0.0568,2.2890,1465,508
P7.7:36,ACME Pixel Line IP,pixel,2.4341,-0.0568,2.2890,1471,508
P7.7:37,ACME Pixel Line IP,pixel,2.4592,-0.0568,2.2890,1476,508
P7.7:38,ACME Pixel Line IP,pixel,2.4843,-0.0568,2.2890,1481,508
P7.7:39,ACME Pixel Line IP,pixel,2.5094,-0.0568,2.2890,1486,508
P7.8:01,ACME Pixel Line IP,pixel,2.5706,-0.0568,2.2890,1499,508
P7.8:02,ACME Pixel Line IP,pixel,2.5957,-0.0568,2.2890,1505,508
P7.8:03,ACME Pixel Line IP,pixel,2.6208,-0.0568,2.2890,1510,508
P7.8:04,ACME Pixel Line IP,pixel,2.6459,-0.0568,2.2890,1515,508
P7.8:05,ACME Pixel Line IP,pixel,2.6711,-0.0568,2.2890,1520,508
P7.8:06,ACME Pixel Line IP,pixel,2.6962,-0.0568,2.2890,1526,508
P7.8:07,ACME Pixel Line IP,pixel,2.7213,-0.0568,2.2890,1531,508
P7.8:08,ACME Pixel Line IP,pixel,2.7465,-0.0568,2.2890,1536,508
P7.8:09,ACME Pixel Line IP,pixel,2.7716,-0.0568,2.2890,1541,508
P7.8:10,ACME Pixel Line IP,pixel,2.7967,-0.0568,2.2890,1547,508
P7.8:11,ACME Pixel Line IP,pixel,2.8218,-0.0568,2.2890,1552,508
P7.8:12,ACME Pixel Line IP,pixel,2.8470,-0.0568,2.2890,1557,508
P7.8:13,ACME Pixel Line IP,pixel,2.8721,-0.0568,2.2890,1563,508
P7.8:14,ACME Pixel Line IP,pixel,2.8972,-0.0568,2.2890,1568,508
P7.8:15,ACME Pixel Line IP,pixel,2.9224,-0.0568,2.2890,1573,508
P7.8:16,ACME Pixel Line IP,pixel,2.9475,-0.0568,2.2890,1578,508
P7.8:17,ACME Pixel Line IP,pixel,2.9726,-0.0568,2.2890,1584,508
P7.8:18,ACME Pixel Line IP,pixel,2.9977,-0.0568,2.2890,1589,508
P7.8:19,ACME Pixel Line IP,pixel,3.0229,-0.0568,2.2890,1594,508
P7.8:20,ACME Pixel Line IP,pixel,3.0480,-0.0568,2.2890,1600,508
P7.8:21,ACME Pixel Line IP,pixel,3.0731,-0.0568,2.2890,1605,508
P7.8:22,ACME Pixel Line IP,pixel,3.0983,-0.0568,2.2890,1610,508
P7.8:23,ACME Pixel Line IP,pixel,3.1234,-0.0568,2.2890,1615,508
P7.8:24,ACME Pixel Line IP,pixel,3.1485,-0.0568,2.2890,1621,508
P7.8:25,ACME Pixel Line IP,pixel,3.1736,-0.0568,2.2890,1626,508
P7.8:26,ACME Pixel Line IP,pixel,3.1988,-0.0568,2.2890,1631,508
P7.8:27,ACME Pixel Line IP,pixel,3.2239,-0.0568,2.2890,1636,508
P7.8:28,ACME Pixel Line IP,pixel,3.2490,-0.0568,2.2890,1642,508
P7.8:29,ACME Pixel Line IP,pixel,3.2742,-0.0568,2.2890,1647,508
P7.8:30,ACME Pixel Line IP,pixel,3.2993,-0.0568,2.2890,1652,508
P7.8:31,ACME Pixel Line IP,pixel,3.3244,-0.0568,2.2890,1658,508
P7.8:32,ACME Pixel Line IP,pixel,3.3495,-0.0568,2.2890,1663,508
P7.8:33,ACME Pixel Line IP,pixel,3.3747,-0.0568,2.2890,1668,508
P7.8:34,ACME Pixel Line IP,pixel,3.3998,-0.0568,2.2890,1673,508
P7.8:35,ACME Pixel Line IP,pixel,3.4249,-0.0568,2.2890,1679,508
P7.8:36,ACME Pixel Line IP,pixel,3.4501,-0.0568,2.2890,1684,508
P7.8:37,ACME Pixel Line IP,pixel,3.4752,-0.0568,2.2890,1689,508
P7.8:38,ACME Pixel Line IP,pixel,3.5003,-0.0568,2.2890,1694,508
P7.8:39,ACME Pixel Line IP,pixel,3.5254,-0.0568,2.2890,1700,508
P7.9:01,ACME Pixel Line IP,pixel,3.5866,-0.0568,2.2890,1713,508
P7.9:02,ACME Pixel Line IP,pixel,3.6117,-0.0568,2.2890,1718,508
P7.9:03,ACME Pixel Line IP,pixel,3.6368,-0.0568,2.2890,1723,508
P7.9:04,ACME Pixel Line IP,pixel,3.6619,-0.0568,2.2890,1728,508
P7.9:05,ACME Pixel Line IP,pixel,3.6871,-0.0568,2.2890,1734,508
P7.9:06,ACME Pixel Line IP,pixel,3.7122,-0.0568,2.2890,1739,508
P7.9:07,ACME Pixel Line IP,pixel,3.7373,-0.0568,2.2890,1744,508
P7.9:08,ACME Pixel Line IP,pixel,3.7625,-0.0568,2.2890,1750,508
P7.9:09,ACME Pixel Line IP,pixel,3.7876,-0.0568,2.2890,1755,508
P7.9:10,ACME Pixel Line IP,pixel,3.8127,-0.0568,2.2890,1760,508
P7.9:11,ACME Pixel Line IP,pixel,3.8378,-0.0568,2.2890,1765,508
P7.9:12,ACME Pixel Line IP,pixel,3.8630,-0.0568,2.2890,1771,508
P7.9:13,ACME Pixel Line IP,pixel,3.8881,-0.0568,2.2890,1776,508
P7.9:14,ACME Pixel Line IP,pixel,3.9132,-0.0568,2.2890,1781,508
P7.9:15,ACME Pixel Line IP,pixel,3.9384,-0.0568,2.2890,1786,508
P7.9:16,ACME Pixel Line IP,pixel,3.9635,-0.0568,2.2890,1792,508
P7.9:17,ACME Pixel Line IP,pixel,3.9886,-0.0568,2.2890,1797,508
P7.9:18,ACME Pixel Line IP,pixel,4.0137,-0.0568,2.2890,1802,508
P7.9:19,ACME Pixel Line IP,pixel,4.0389,-0.0568,2.2890,1808,508
P7.9:20,ACME Pixel Line IP,pixel,4.0640,-0.0568,2.2890,1813,508
P7.9:21,ACME Pixel Line IP,pixel,4.0891,-0.0568,2.2890,1818,508
P7.9:22,ACME Pixel Line IP,pixel,4.1143,-0.0568,2.2890,1823,508
P7.9:23,ACME Pixel Line IP,pixel,4.1394,-0.0568,2.2890,1829,508
P7.9:24,ACME Pixel Line IP,pixel,4.1645,-0.0568,2.2890,1834,508
P7.9:25,ACME Pixel Line IP,pixel,4.1896,-0.0568,2.2890,1839,508
P7.9:26,ACME Pixel Line IP,pixel,4.2148,-0.0568,2.2890,1844,508
P7.9:27,ACME Pixel Line IP,pixel,4.2399,-0.0568,2.2890,1850,508
P7.9:28,ACME Pixel Line IP,pixel,4.2650,-0.0568,2.2890,1855,508
P7.9:29,ACME Pixel Line IP,pixel,4.2902,-0.0568,2.2890,1860,508
P7.9:30,ACME Pixel Line IP,pixel,4.3153,-0.0568,2.2890,1866,508
P7.9:31,ACME Pixel Line IP,pixel,4.3404,-0.0568,2.2890,1871,508
P7.9:32,ACME Pixel Line IP,pixel,4.3655,-0.0568,2.2890,1876,508
P7.9:33,ACME Pixel Line IP,pixel,4.3907,-0.0568,2.2890,1881,508
P7.9:34,ACME Pixel Line IP,pixel,4.4158,-0.0568,2.2890,1887,508
P7.9:35,ACME Pixel Line IP,pixel,4.4409,-0.0568,2.2890,1892,508
P7.9:36,ACME Pixel Line IP,pixel,4.4661,-0.0568,2.2890,1897,508
P7.9:37,ACME Pixel Line IP,pixel,4.4912,-0.0568,2.2890,1903,508
P7.9:38,ACME Pixel Line IP,pixel,4.5163,-0.0568,2.2890,1908,508
P7.9:39,ACME Pixel Line IP,pixel,4.5414,-0.0568,2.2890,1913,508
S1,GLP JDC Burst 1,strobe,-6.7056,-4.4996,1.8572,80,1061
S2,GLP JDC Burst 1,strobe,-4.0132,-4.4996,1.8572,433,1061
S3,GLP JDC Burst 1,strobe,-1.3208,-4.4996,1.8572,786,1061
S4,GLP JDC Burst 1,strobe,1.3716,-4.4996,1.8572,1140,1061
S5,GLP JDC Burst 1,strobe,4.0640,-4.4996,1.8572,1493,1061
S6,GLP JDC Burst 1,strobe,6.7564,-4.4996,1.8572,1846,1061
S7,GLP JDC Burst 1,strobe,-6.7056,-3.5598,1.8572,80,991
S8,GLP JDC Burst 1,strobe,-4.0132,-3.5598,1.8572,433,991
S9,GLP JDC Burst 1,strobe,-1.3208,-3.5598,1.8572,786,991
S10,GLP JDC Burst 1,strobe,1.3716,-3.5598,1.8572,1140,991
S11,GLP JDC Burst 1,strobe,4.0640,-3.5598,1.8572,1493,991
S12,GLP JDC Burst 1,strobe,6.7564,-3.5598,1.8572,1846,991
S13,GLP JDC Burst 1,strobe,-6.7056,-2.6200,1.8572,80,922
S14,GLP JDC Burst 1,strobe,-4.0132,-2.6200,1.8572,433,922
S15,GLP JDC Burst 1,strobe,-1.3208,-2.6200,1.8572,786,922
S16,GLP JDC Burst 1,strobe,1.3716,-2.6200,1.8572,1140,922
S17,GLP JDC Burst 1,strobe,4.0640,-2.6200,1.8572,1493,922
S18,GLP JDC Burst 1,strobe,6.7564,-2.6200,1.8572,1846,922
S19,GLP JDC Burst 1,strobe,-6.7056,-1.6802,1.8572,80,853
S20,GLP JDC Burst 1,strobe,-4.0132,-1.6802,1.8572,433,853
S21,GLP JDC Burst 1,strobe,-1.3208,-1.6802,1.8572,786,853
S22,GLP JDC Burst 1,strobe,1.3716,-1.6802,1.8572,1140,853
S23,GLP JDC Burst 1,strobe,4.0640,-1.6802,1.8572,1493,853
S24,GLP JDC Burst 1,strobe,6.7564,-1.6802,1.8572,1846,853
S25,GLP JDC Burst 1,strobe,-6.7056,-0.7404,1.8572,80,783
S26,GLP JDC Burst 1,strobe,-4.0132,-0.7404,1.8572,433,783
S27,GLP JDC Burst 1,strobe,-1.3208,-0.7404,1.8572,786,783
S28,GLP JDC Burst 1,strobe,1.3716,-0.7404,1.8572,1140,783
S29,GLP JDC Burst 1,strobe,4.0640,-0.7404,1.8572,1493,783
S30,GLP JDC Burst 1,strobe,6.7564,-0.7404,1.8572,1846,783
R1,GLP JDC Burst 1,strobe,-4.2672,1.3424,3.7114,400,630
R2,GLP JDC Burst 1,strobe,-3.0480,1.3424,3.7114,560,630
R3,GLP JDC Burst 1,strobe,-1.8288,1.3424,3.7114,720,630
R4,GLP JDC Burst 1,strobe,-0.6096,1.3424,3.7114,880,630
R5,GLP JDC Burst 1,strobe,0.6096,1.3424,3.7114,1040,630
R6,GLP JDC Burst 1,strobe,1.8288,1.3424,3.7114,1200,630
R7,GLP JDC Burst 1,strobe,3.0480,1.3424,3.7114,1360,630
R8,GLP JDC Burst 1,strobe,4.2672,1.3424,3.7114,1519,630
